Copyright 1986-2022 Xilinx, Inc. All Rights Reserved. Copyright 2022-2026 Advanced Micro Devices, Inc. All Rights Reserved.
---------------------------------------------------------------------------------------------------------------------------------------------
| Tool Version : Vivado v.2026.1 (win64) Build 6511674 Tue Jun 16 11:02:23 MDT 2026
| Date         : Thu Sep 24 13:47:26 2026
| Host         : AdiLap running 64-bit major release  (build 9200)
| Command      : report_timing_summary -max_paths 20 -file fpga/reports/period_9.5ns/timing.rpt
| Design       : gpu_top
| Device       : 7z020-clg400
| Speed File   : -1  PRODUCTION 1.12 2019-11-22
| Design State : Routed
---------------------------------------------------------------------------------------------------------------------------------------------

Timing Summary Report

------------------------------------------------------------------------------------------------
| Timer Settings
| --------------
------------------------------------------------------------------------------------------------

  Enable Multi Corner Analysis               :  Yes
  Enable Pessimism Removal                   :  Yes
  Pessimism Removal Resolution               :  Nearest Common Node
  Enable Input Delay Default Clock           :  No
  Enable Preset / Clear Arcs                 :  No
  Disable Flight Delays                      :  No
  Ignore I/O Paths                           :  No
  Timing Early Launch at Borrowing Latches   :  No
  Borrow Time for Max Delay Exceptions       :  Yes
  Merge Timing Exceptions                    :  Yes
  Inter-SLR Compensation                     :  Conservative

  Corner  Analyze    Analyze    
  Name    Max Paths  Min Paths  
  ------  ---------  ---------  
  Slow    Yes        Yes        
  Fast    Yes        Yes        


------------------------------------------------------------------------------------------------
| Report Methodology
| ------------------
------------------------------------------------------------------------------------------------

No report available as report_methodology has not been run prior. Run report_methodology on the current design for the summary of methodology violations.



check_timing report

Table of Contents
-----------------
1. checking no_clock (0)
2. checking constant_clock (0)
3. checking pulse_width_clock (0)
4. checking unconstrained_internal_endpoints (0)
5. checking no_input_delay (109)
6. checking no_output_delay (93)
7. checking multiple_clock (0)
8. checking generated_clocks (0)
9. checking loops (0)
10. checking partial_input_delay (0)
11. checking partial_output_delay (0)
12. checking latch_loops (0)

1. checking no_clock (0)
------------------------
 There are 0 register/latch pins with no clock.


2. checking constant_clock (0)
------------------------------
 There are 0 register/latch pins with constant_clock.


3. checking pulse_width_clock (0)
---------------------------------
 There are 0 register/latch pins which need pulse_width check


4. checking unconstrained_internal_endpoints (0)
------------------------------------------------
 There are 0 pins that are not constrained for maximum delay.

 There are 0 pins that are not constrained for maximum delay due to constant clock.


5. checking no_input_delay (109)
--------------------------------
 There are 109 input ports with no input delay specified. (HIGH)

 There are 0 input ports with no input delay but user has a false path constraint.


6. checking no_output_delay (93)
--------------------------------
 There are 93 ports with no output delay specified. (HIGH)

 There are 0 ports with no output delay but user has a false path constraint

 There are 0 ports with no output delay but with a timing clock defined on it or propagating through it


7. checking multiple_clock (0)
------------------------------
 There are 0 register/latch pins with multiple clocks.


8. checking generated_clocks (0)
--------------------------------
 There are 0 generated clocks that are not connected to a clock source.


9. checking loops (0)
---------------------
 There are 0 combinational loops in the design.


10. checking partial_input_delay (0)
------------------------------------
 There are 0 input ports with partial input delay specified.


11. checking partial_output_delay (0)
-------------------------------------
 There are 0 ports with partial output delay specified.


12. checking latch_loops (0)
----------------------------
 There are 0 combinational latch loops in the design through latch input



------------------------------------------------------------------------------------------------
| Design Timing Summary
| ---------------------
------------------------------------------------------------------------------------------------

    WNS(ns)      TNS(ns)  TNS Failing Endpoints  TNS Total Endpoints      WHS(ns)      THS(ns)  THS Failing Endpoints  THS Total Endpoints     WPWS(ns)     TPWS(ns)  TPWS Failing Endpoints  TPWS Total Endpoints  
    -------      -------  ---------------------  -------------------      -------      -------  ---------------------  -------------------     --------     --------  ----------------------  --------------------  
     -0.951      -11.348                     24                23492        0.031        0.000                      0                23492        3.500        0.000                       0                  9808  


Timing constraints are not met.


------------------------------------------------------------------------------------------------
| Clock Summary
| -------------
------------------------------------------------------------------------------------------------

Clock  Waveform(ns)         Period(ns)      Frequency(MHz)
-----  ------------         ----------      --------------
clk    {0.000 4.750}        9.500           105.263         


------------------------------------------------------------------------------------------------
| Intra Clock Table
| -----------------
------------------------------------------------------------------------------------------------

Clock             WNS(ns)      TNS(ns)  TNS Failing Endpoints  TNS Total Endpoints      WHS(ns)      THS(ns)  THS Failing Endpoints  THS Total Endpoints     WPWS(ns)     TPWS(ns)  TPWS Failing Endpoints  TPWS Total Endpoints  
-----             -------      -------  ---------------------  -------------------      -------      -------  ---------------------  -------------------     --------     --------  ----------------------  --------------------  
clk                -0.951      -11.348                     24                23492        0.031        0.000                      0                23492        3.500        0.000                       0                  9808  


------------------------------------------------------------------------------------------------
| Inter Clock Table
| -----------------
------------------------------------------------------------------------------------------------

From Clock    To Clock          WNS(ns)      TNS(ns)  TNS Failing Endpoints  TNS Total Endpoints      WHS(ns)      THS(ns)  THS Failing Endpoints  THS Total Endpoints  
----------    --------          -------      -------  ---------------------  -------------------      -------      -------  ---------------------  -------------------  


------------------------------------------------------------------------------------------------
| Other Path Groups Table
| -----------------------
------------------------------------------------------------------------------------------------

Path Group    From Clock    To Clock          WNS(ns)      TNS(ns)  TNS Failing Endpoints  TNS Total Endpoints      WHS(ns)      THS(ns)  THS Failing Endpoints  THS Total Endpoints  
----------    ----------    --------          -------      -------  ---------------------  -------------------      -------      -------  ---------------------  -------------------  


------------------------------------------------------------------------------------------------
| Timing Details
| --------------
------------------------------------------------------------------------------------------------


---------------------------------------------------------------------------------------------------
From Clock:  clk
  To Clock:  clk

Setup :           24  Failing Endpoints,  Worst Slack       -0.951ns,  Total Violation      -11.348ns
Hold  :            0  Failing Endpoints,  Worst Slack        0.031ns,  Total Violation        0.000ns
PW    :            0  Failing Endpoints,  Worst Slack        3.500ns,  Total Violation        0.000ns
---------------------------------------------------------------------------------------------------


Max Delay Paths
--------------------------------------------------------------------------------------
Slack (VIOLATED) :        -0.951ns  (required time - arrival time)
  Source:                 u_persp/pz2_reg[44]/C
                            (rising edge-triggered cell FDRE clocked by clk  {rise@0.000ns fall@4.750ns period=9.500ns})
  Destination:            u_persp/depth_v1_reg[47]/D
                            (rising edge-triggered cell FDRE clocked by clk  {rise@0.000ns fall@4.750ns period=9.500ns})
  Path Group:             clk
  Path Type:              Setup (Max at Slow Process Corner)
  Requirement:            9.500ns  (clk rise@9.500ns - clk rise@0.000ns)
  Data Path Delay:        10.375ns  (logic 5.257ns (50.671%)  route 5.118ns (49.329%))
  Logic Levels:           18  (CARRY4=11 LUT1=1 LUT2=1 LUT3=2 LUT4=1 LUT5=1 LUT6=1)
  Clock Path Skew:        -0.150ns (DCD - SCD + CPR)
    Destination Clock Delay (DCD):    1.520ns = ( 11.020 - 9.500 ) 
    Source Clock Delay      (SCD):    1.670ns
    Clock Pessimism Removal (CPR):    0.000ns
  Clock Uncertainty:      0.035ns  ((TSJ^2 + TIJ^2)^1/2 + DJ) / 2 + PE
    Total System Jitter     (TSJ):    0.071ns
    Total Input Jitter      (TIJ):    0.000ns
    Discrete Jitter          (DJ):    0.000ns
    Phase Error              (PE):    0.000ns

    Location             Delay type                Incr(ns)  Path(ns)    Netlist Resource(s)
  -------------------------------------------------------------------    -------------------
                         (clock clk rise edge)        0.000     0.000 r  <hidden>
                                                      0.000     0.000 r  clk
                         net (fo=9811, unset)         1.670     1.670    u_persp/clk
    SLICE_X33Y47         FDRE                                         r  u_persp/pz2_reg[44]/C
  -------------------------------------------------------------------    -------------------
    SLICE_X33Y47         FDRE (Prop_fdre_C_Q)         0.456     2.126 f  u_persp/pz2_reg[44]/Q
                         net (fo=2, routed)           0.686     2.812    u_persp/nz[20]
    SLICE_X33Y48         LUT1 (Prop_lut1_I0_O)        0.124     2.936 r  u_persp/depth_v1[20]_i_35/O
                         net (fo=1, routed)           0.000     2.936    u_persp/depth_v1[20]_i_35_n_0
    SLICE_X33Y48         CARRY4 (Prop_carry4_S[1]_CO[3])
                                                      0.550     3.486 r  u_persp/depth_v1_reg[20]_i_17/CO[3]
                         net (fo=1, routed)           0.000     3.486    u_persp/depth_v1_reg[20]_i_17_n_0
    SLICE_X33Y49         CARRY4 (Prop_carry4_CI_CO[3])
                                                      0.114     3.600 r  u_persp/depth_v1_reg[20]_i_15/CO[3]
                         net (fo=1, routed)           0.001     3.601    u_persp/depth_v1_reg[20]_i_15_n_0
    SLICE_X33Y50         CARRY4 (Prop_carry4_CI_CO[3])
                                                      0.114     3.715 r  u_persp/depth_v1_reg[28]_i_22/CO[3]
                         net (fo=1, routed)           0.000     3.715    u_persp/depth_v1_reg[28]_i_22_n_0
    SLICE_X33Y51         CARRY4 (Prop_carry4_CI_O[2])
                                                      0.239     3.954 r  u_persp/depth_v1_reg[32]_i_21/O[2]
                         net (fo=16, routed)          1.167     5.121    u_persp/depth_full1[33]
    SLICE_X28Y52         LUT2 (Prop_lut2_I0_O)        0.302     5.423 r  u_persp/depth_v1[24]_i_49/O
                         net (fo=1, routed)           0.000     5.423    u_persp/depth_v1[24]_i_49_n_0
    SLICE_X28Y52         CARRY4 (Prop_carry4_S[0]_CO[3])
                                                      0.532     5.955 r  u_persp/depth_v1_reg[24]_i_37/CO[3]
                         net (fo=1, routed)           0.000     5.955    u_persp/depth_v1_reg[24]_i_37_n_0
    SLICE_X28Y53         CARRY4 (Prop_carry4_CI_CO[3])
                                                      0.114     6.069 r  u_persp/depth_v1_reg[28]_i_37/CO[3]
                         net (fo=1, routed)           0.000     6.069    u_persp/depth_v1_reg[28]_i_37_n_0
    SLICE_X28Y54         CARRY4 (Prop_carry4_CI_CO[0])
                                                      0.271     6.340 f  u_persp/depth_v1_reg[47]_i_36/CO[0]
                         net (fo=21, routed)          0.860     7.200    u_persp/depth_v1_reg[47]_i_36_n_3
    SLICE_X31Y59         LUT3 (Prop_lut3_I2_O)        0.373     7.573 r  u_persp/depth_v1[28]_i_28/O
                         net (fo=2, routed)           0.659     8.232    u_persp/depth_v1[28]_i_28_n_0
    SLICE_X29Y58         LUT4 (Prop_lut4_I3_O)        0.124     8.356 r  u_persp/depth_v1[28]_i_32/O
                         net (fo=1, routed)           0.000     8.356    u_persp/depth_v1[28]_i_32_n_0
    SLICE_X29Y58         CARRY4 (Prop_carry4_S[2]_CO[3])
                                                      0.398     8.754 r  u_persp/depth_v1_reg[28]_i_13/CO[3]
                         net (fo=1, routed)           0.000     8.754    u_persp/depth_v1_reg[28]_i_13_n_0
    SLICE_X29Y59         CARRY4 (Prop_carry4_CI_CO[3])
                                                      0.114     8.868 r  u_persp/depth_v1_reg[32]_i_13/CO[3]
                         net (fo=1, routed)           0.000     8.868    u_persp/depth_v1_reg[32]_i_13_n_0
    SLICE_X29Y60         CARRY4 (Prop_carry4_CI_O[2])
                                                      0.239     9.107 r  u_persp/depth_v1_reg[47]_i_13/O[2]
                         net (fo=3, routed)           0.595     9.702    u_persp/depth_v1_reg[47]_i_13_n_5
    SLICE_X28Y62         LUT3 (Prop_lut3_I1_O)        0.302    10.004 r  u_persp/depth_v1[47]_i_14/O
                         net (fo=2, routed)           0.445    10.449    u_persp/depth_v1[47]_i_14_n_0
    SLICE_X28Y61         LUT5 (Prop_lut5_I1_O)        0.124    10.573 r  u_persp/depth_v1[47]_i_3/O
                         net (fo=2, routed)           0.705    11.278    u_persp/depth_v1[47]_i_3_n_0
    SLICE_X26Y56         LUT6 (Prop_lut6_I0_O)        0.124    11.402 r  u_persp/depth_v1[47]_i_7/O
                         net (fo=1, routed)           0.000    11.402    u_persp/depth_v1[47]_i_7_n_0
    SLICE_X26Y56         CARRY4 (Prop_carry4_S[1]_O[3])
                                                      0.643    12.045 r  u_persp/depth_v1_reg[47]_i_1/O[3]
                         net (fo=1, routed)           0.000    12.045    u_persp/depth_full0
    SLICE_X26Y56         FDRE                                         r  u_persp/depth_v1_reg[47]/D
  -------------------------------------------------------------------    -------------------

                         (clock clk rise edge)        9.500     9.500 r  <hidden>
                                                      0.000     9.500 r  clk
                         net (fo=9811, unset)         1.520    11.020    u_persp/clk
    SLICE_X26Y56         FDRE                                         r  u_persp/depth_v1_reg[47]/C
                         clock pessimism              0.000    11.020    <hidden>
                         clock uncertainty           -0.035    10.985    <hidden>
    SLICE_X26Y56         FDRE (Setup_fdre_C_D)        0.109    11.094    u_persp/depth_v1_reg[47]
  -------------------------------------------------------------------
                         required time                         11.094    <hidden>
                         arrival time                         -12.045    <hidden>
  -------------------------------------------------------------------
                         slack                                 -0.951    <hidden>

Slack (VIOLATED) :        -0.886ns  (required time - arrival time)
  Source:                 u_persp/pz2_reg[44]/C
                            (rising edge-triggered cell FDRE clocked by clk  {rise@0.000ns fall@4.750ns period=9.500ns})
  Destination:            u_persp/depth_v1_reg[35]/D
                            (rising edge-triggered cell FDRE clocked by clk  {rise@0.000ns fall@4.750ns period=9.500ns})
  Path Group:             clk
  Path Type:              Setup (Max at Slow Process Corner)
  Requirement:            9.500ns  (clk rise@9.500ns - clk rise@0.000ns)
  Data Path Delay:        10.310ns  (logic 5.192ns (50.360%)  route 5.118ns (49.640%))
  Logic Levels:           18  (CARRY4=11 LUT1=1 LUT2=1 LUT3=2 LUT4=1 LUT5=1 LUT6=1)
  Clock Path Skew:        -0.150ns (DCD - SCD + CPR)
    Destination Clock Delay (DCD):    1.520ns = ( 11.020 - 9.500 ) 
    Source Clock Delay      (SCD):    1.670ns
    Clock Pessimism Removal (CPR):    0.000ns
  Clock Uncertainty:      0.035ns  ((TSJ^2 + TIJ^2)^1/2 + DJ) / 2 + PE
    Total System Jitter     (TSJ):    0.071ns
    Total Input Jitter      (TIJ):    0.000ns
    Discrete Jitter          (DJ):    0.000ns
    Phase Error              (PE):    0.000ns

    Location             Delay type                Incr(ns)  Path(ns)    Netlist Resource(s)
  -------------------------------------------------------------------    -------------------
                         (clock clk rise edge)        0.000     0.000 r  <hidden>
                                                      0.000     0.000 r  clk
                         net (fo=9811, unset)         1.670     1.670    u_persp/clk
    SLICE_X33Y47         FDRE                                         r  u_persp/pz2_reg[44]/C
  -------------------------------------------------------------------    -------------------
    SLICE_X33Y47         FDRE (Prop_fdre_C_Q)         0.456     2.126 f  u_persp/pz2_reg[44]/Q
                         net (fo=2, routed)           0.686     2.812    u_persp/nz[20]
    SLICE_X33Y48         LUT1 (Prop_lut1_I0_O)        0.124     2.936 r  u_persp/depth_v1[20]_i_35/O
                         net (fo=1, routed)           0.000     2.936    u_persp/depth_v1[20]_i_35_n_0
    SLICE_X33Y48         CARRY4 (Prop_carry4_S[1]_CO[3])
                                                      0.550     3.486 r  u_persp/depth_v1_reg[20]_i_17/CO[3]
                         net (fo=1, routed)           0.000     3.486    u_persp/depth_v1_reg[20]_i_17_n_0
    SLICE_X33Y49         CARRY4 (Prop_carry4_CI_CO[3])
                                                      0.114     3.600 r  u_persp/depth_v1_reg[20]_i_15/CO[3]
                         net (fo=1, routed)           0.001     3.601    u_persp/depth_v1_reg[20]_i_15_n_0
    SLICE_X33Y50         CARRY4 (Prop_carry4_CI_CO[3])
                                                      0.114     3.715 r  u_persp/depth_v1_reg[28]_i_22/CO[3]
                         net (fo=1, routed)           0.000     3.715    u_persp/depth_v1_reg[28]_i_22_n_0
    SLICE_X33Y51         CARRY4 (Prop_carry4_CI_O[2])
                                                      0.239     3.954 r  u_persp/depth_v1_reg[32]_i_21/O[2]
                         net (fo=16, routed)          1.167     5.121    u_persp/depth_full1[33]
    SLICE_X28Y52         LUT2 (Prop_lut2_I0_O)        0.302     5.423 r  u_persp/depth_v1[24]_i_49/O
                         net (fo=1, routed)           0.000     5.423    u_persp/depth_v1[24]_i_49_n_0
    SLICE_X28Y52         CARRY4 (Prop_carry4_S[0]_CO[3])
                                                      0.532     5.955 r  u_persp/depth_v1_reg[24]_i_37/CO[3]
                         net (fo=1, routed)           0.000     5.955    u_persp/depth_v1_reg[24]_i_37_n_0
    SLICE_X28Y53         CARRY4 (Prop_carry4_CI_CO[3])
                                                      0.114     6.069 r  u_persp/depth_v1_reg[28]_i_37/CO[3]
                         net (fo=1, routed)           0.000     6.069    u_persp/depth_v1_reg[28]_i_37_n_0
    SLICE_X28Y54         CARRY4 (Prop_carry4_CI_CO[0])
                                                      0.271     6.340 f  u_persp/depth_v1_reg[47]_i_36/CO[0]
                         net (fo=21, routed)          0.860     7.200    u_persp/depth_v1_reg[47]_i_36_n_3
    SLICE_X31Y59         LUT3 (Prop_lut3_I2_O)        0.373     7.573 r  u_persp/depth_v1[28]_i_28/O
                         net (fo=2, routed)           0.659     8.232    u_persp/depth_v1[28]_i_28_n_0
    SLICE_X29Y58         LUT4 (Prop_lut4_I3_O)        0.124     8.356 r  u_persp/depth_v1[28]_i_32/O
                         net (fo=1, routed)           0.000     8.356    u_persp/depth_v1[28]_i_32_n_0
    SLICE_X29Y58         CARRY4 (Prop_carry4_S[2]_CO[3])
                                                      0.398     8.754 r  u_persp/depth_v1_reg[28]_i_13/CO[3]
                         net (fo=1, routed)           0.000     8.754    u_persp/depth_v1_reg[28]_i_13_n_0
    SLICE_X29Y59         CARRY4 (Prop_carry4_CI_CO[3])
                                                      0.114     8.868 r  u_persp/depth_v1_reg[32]_i_13/CO[3]
                         net (fo=1, routed)           0.000     8.868    u_persp/depth_v1_reg[32]_i_13_n_0
    SLICE_X29Y60         CARRY4 (Prop_carry4_CI_O[2])
                                                      0.239     9.107 r  u_persp/depth_v1_reg[47]_i_13/O[2]
                         net (fo=3, routed)           0.595     9.702    u_persp/depth_v1_reg[47]_i_13_n_5
    SLICE_X28Y62         LUT3 (Prop_lut3_I1_O)        0.302    10.004 r  u_persp/depth_v1[47]_i_14/O
                         net (fo=2, routed)           0.445    10.449    u_persp/depth_v1[47]_i_14_n_0
    SLICE_X28Y61         LUT5 (Prop_lut5_I1_O)        0.124    10.573 r  u_persp/depth_v1[47]_i_3/O
                         net (fo=2, routed)           0.705    11.278    u_persp/depth_v1[47]_i_3_n_0
    SLICE_X26Y56         LUT6 (Prop_lut6_I0_O)        0.124    11.402 r  u_persp/depth_v1[47]_i_7/O
                         net (fo=1, routed)           0.000    11.402    u_persp/depth_v1[47]_i_7_n_0
    SLICE_X26Y56         CARRY4 (Prop_carry4_S[1]_O[2])
                                                      0.578    11.980 r  u_persp/depth_v1_reg[47]_i_1/O[2]
                         net (fo=1, routed)           0.000    11.980    u_persp/depth_v1_reg[47]_i_1_n_5
    SLICE_X26Y56         FDRE                                         r  u_persp/depth_v1_reg[35]/D
  -------------------------------------------------------------------    -------------------

                         (clock clk rise edge)        9.500     9.500 r  <hidden>
                                                      0.000     9.500 r  clk
                         net (fo=9811, unset)         1.520    11.020    u_persp/clk
    SLICE_X26Y56         FDRE                                         r  u_persp/depth_v1_reg[35]/C
                         clock pessimism              0.000    11.020    <hidden>
                         clock uncertainty           -0.035    10.985    <hidden>
    SLICE_X26Y56         FDRE (Setup_fdre_C_D)        0.109    11.094    u_persp/depth_v1_reg[35]
  -------------------------------------------------------------------
                         required time                         11.094    <hidden>
                         arrival time                         -11.980    <hidden>
  -------------------------------------------------------------------
                         slack                                 -0.886    <hidden>

Slack (VIOLATED) :        -0.828ns  (required time - arrival time)
  Source:                 u_persp/pz2_reg[44]/C
                            (rising edge-triggered cell FDRE clocked by clk  {rise@0.000ns fall@4.750ns period=9.500ns})
  Destination:            u_persp/depth_v1_reg[34]/D
                            (rising edge-triggered cell FDRE clocked by clk  {rise@0.000ns fall@4.750ns period=9.500ns})
  Path Group:             clk
  Path Type:              Setup (Max at Slow Process Corner)
  Requirement:            9.500ns  (clk rise@9.500ns - clk rise@0.000ns)
  Data Path Delay:        10.252ns  (logic 5.305ns (51.745%)  route 4.947ns (48.255%))
  Logic Levels:           18  (CARRY4=12 LUT1=1 LUT2=1 LUT3=2 LUT4=1 LUT5=1)
  Clock Path Skew:        -0.150ns (DCD - SCD + CPR)
    Destination Clock Delay (DCD):    1.520ns = ( 11.020 - 9.500 ) 
    Source Clock Delay      (SCD):    1.670ns
    Clock Pessimism Removal (CPR):    0.000ns
  Clock Uncertainty:      0.035ns  ((TSJ^2 + TIJ^2)^1/2 + DJ) / 2 + PE
    Total System Jitter     (TSJ):    0.071ns
    Total Input Jitter      (TIJ):    0.000ns
    Discrete Jitter          (DJ):    0.000ns
    Phase Error              (PE):    0.000ns

    Location             Delay type                Incr(ns)  Path(ns)    Netlist Resource(s)
  -------------------------------------------------------------------    -------------------
                         (clock clk rise edge)        0.000     0.000 r  <hidden>
                                                      0.000     0.000 r  clk
                         net (fo=9811, unset)         1.670     1.670    u_persp/clk
    SLICE_X33Y47         FDRE                                         r  u_persp/pz2_reg[44]/C
  -------------------------------------------------------------------    -------------------
    SLICE_X33Y47         FDRE (Prop_fdre_C_Q)         0.456     2.126 f  u_persp/pz2_reg[44]/Q
                         net (fo=2, routed)           0.686     2.812    u_persp/nz[20]
    SLICE_X33Y48         LUT1 (Prop_lut1_I0_O)        0.124     2.936 r  u_persp/depth_v1[20]_i_35/O
                         net (fo=1, routed)           0.000     2.936    u_persp/depth_v1[20]_i_35_n_0
    SLICE_X33Y48         CARRY4 (Prop_carry4_S[1]_CO[3])
                                                      0.550     3.486 r  u_persp/depth_v1_reg[20]_i_17/CO[3]
                         net (fo=1, routed)           0.000     3.486    u_persp/depth_v1_reg[20]_i_17_n_0
    SLICE_X33Y49         CARRY4 (Prop_carry4_CI_CO[3])
                                                      0.114     3.600 r  u_persp/depth_v1_reg[20]_i_15/CO[3]
                         net (fo=1, routed)           0.001     3.601    u_persp/depth_v1_reg[20]_i_15_n_0
    SLICE_X33Y50         CARRY4 (Prop_carry4_CI_O[1])
                                                      0.334     3.935 r  u_persp/depth_v1_reg[28]_i_22/O[1]
                         net (fo=16, routed)          0.929     4.863    u_persp/depth_full1[28]
    SLICE_X27Y50         LUT2 (Prop_lut2_I1_O)        0.303     5.166 r  u_persp/depth_v1[16]_i_39/O
                         net (fo=1, routed)           0.000     5.166    u_persp/depth_v1[16]_i_39_n_0
    SLICE_X27Y50         CARRY4 (Prop_carry4_S[0]_CO[3])
                                                      0.532     5.698 r  u_persp/depth_v1_reg[16]_i_33/CO[3]
                         net (fo=1, routed)           0.000     5.698    u_persp/depth_v1_reg[16]_i_33_n_0
    SLICE_X27Y51         CARRY4 (Prop_carry4_CI_O[0])
                                                      0.222     5.920 r  u_persp/depth_v1_reg[20]_i_36/O[0]
                         net (fo=2, routed)           0.762     6.683    u_persp/depth_v1_reg[20]_i_36_n_7
    SLICE_X31Y55         LUT3 (Prop_lut3_I1_O)        0.299     6.982 r  u_persp/depth_v1[20]_i_30/O
                         net (fo=2, routed)           0.636     7.618    u_persp/depth_v1[20]_i_30_n_0
    SLICE_X29Y56         LUT4 (Prop_lut4_I3_O)        0.124     7.742 r  u_persp/depth_v1[20]_i_34/O
                         net (fo=1, routed)           0.000     7.742    u_persp/depth_v1[20]_i_34_n_0
    SLICE_X29Y56         CARRY4 (Prop_carry4_S[0]_CO[3])
                                                      0.532     8.274 r  u_persp/depth_v1_reg[20]_i_13/CO[3]
                         net (fo=1, routed)           0.000     8.274    u_persp/depth_v1_reg[20]_i_13_n_0
    SLICE_X29Y57         CARRY4 (Prop_carry4_CI_O[0])
                                                      0.222     8.496 r  u_persp/depth_v1_reg[24]_i_13/O[0]
                         net (fo=4, routed)           0.592     9.087    u_persp/depth_v1_reg[24]_i_13_n_7
    SLICE_X32Y56         LUT3 (Prop_lut3_I1_O)        0.299     9.386 r  u_persp/depth_v1[20]_i_11/O
                         net (fo=3, routed)           0.468     9.855    u_persp/depth_v1[20]_i_11_n_0
    SLICE_X34Y54         LUT5 (Prop_lut5_I1_O)        0.124     9.979 r  u_persp/depth_v1[20]_i_2/O
                         net (fo=1, routed)           0.873    10.852    u_persp/depth_v1[20]_i_2_n_0
    SLICE_X26Y52         CARRY4 (Prop_carry4_DI[3]_CO[3])
                                                      0.396    11.248 r  u_persp/depth_v1_reg[20]_i_1/CO[3]
                         net (fo=1, routed)           0.000    11.248    u_persp/depth_v1_reg[20]_i_1_n_0
    SLICE_X26Y53         CARRY4 (Prop_carry4_CI_CO[3])
                                                      0.117    11.365 r  u_persp/depth_v1_reg[24]_i_1/CO[3]
                         net (fo=1, routed)           0.000    11.365    u_persp/depth_v1_reg[24]_i_1_n_0
    SLICE_X26Y54         CARRY4 (Prop_carry4_CI_CO[3])
                                                      0.117    11.482 r  u_persp/depth_v1_reg[28]_i_1/CO[3]
                         net (fo=1, routed)           0.000    11.482    u_persp/depth_v1_reg[28]_i_1_n_0
    SLICE_X26Y55         CARRY4 (Prop_carry4_CI_CO[3])
                                                      0.117    11.599 r  u_persp/depth_v1_reg[32]_i_1/CO[3]
                         net (fo=1, routed)           0.000    11.599    u_persp/depth_v1_reg[32]_i_1_n_0
    SLICE_X26Y56         CARRY4 (Prop_carry4_CI_O[1])
                                                      0.323    11.922 r  u_persp/depth_v1_reg[47]_i_1/O[1]
                         net (fo=1, routed)           0.000    11.922    u_persp/depth_v1_reg[47]_i_1_n_6
    SLICE_X26Y56         FDRE                                         r  u_persp/depth_v1_reg[34]/D
  -------------------------------------------------------------------    -------------------

                         (clock clk rise edge)        9.500     9.500 r  <hidden>
                                                      0.000     9.500 r  clk
                         net (fo=9811, unset)         1.520    11.020    u_persp/clk
    SLICE_X26Y56         FDRE                                         r  u_persp/depth_v1_reg[34]/C
                         clock pessimism              0.000    11.020    <hidden>
                         clock uncertainty           -0.035    10.985    <hidden>
    SLICE_X26Y56         FDRE (Setup_fdre_C_D)        0.109    11.094    u_persp/depth_v1_reg[34]
  -------------------------------------------------------------------
                         required time                         11.094    <hidden>
                         arrival time                         -11.922    <hidden>
  -------------------------------------------------------------------
                         slack                                 -0.828    <hidden>

Slack (VIOLATED) :        -0.724ns  (required time - arrival time)
  Source:                 u_persp/pz2_reg[44]/C
                            (rising edge-triggered cell FDRE clocked by clk  {rise@0.000ns fall@4.750ns period=9.500ns})
  Destination:            u_persp/depth_v1_reg[33]/D
                            (rising edge-triggered cell FDRE clocked by clk  {rise@0.000ns fall@4.750ns period=9.500ns})
  Path Group:             clk
  Path Type:              Setup (Max at Slow Process Corner)
  Requirement:            9.500ns  (clk rise@9.500ns - clk rise@0.000ns)
  Data Path Delay:        10.148ns  (logic 5.201ns (51.251%)  route 4.947ns (48.749%))
  Logic Levels:           18  (CARRY4=12 LUT1=1 LUT2=1 LUT3=2 LUT4=1 LUT5=1)
  Clock Path Skew:        -0.150ns (DCD - SCD + CPR)
    Destination Clock Delay (DCD):    1.520ns = ( 11.020 - 9.500 ) 
    Source Clock Delay      (SCD):    1.670ns
    Clock Pessimism Removal (CPR):    0.000ns
  Clock Uncertainty:      0.035ns  ((TSJ^2 + TIJ^2)^1/2 + DJ) / 2 + PE
    Total System Jitter     (TSJ):    0.071ns
    Total Input Jitter      (TIJ):    0.000ns
    Discrete Jitter          (DJ):    0.000ns
    Phase Error              (PE):    0.000ns

    Location             Delay type                Incr(ns)  Path(ns)    Netlist Resource(s)
  -------------------------------------------------------------------    -------------------
                         (clock clk rise edge)        0.000     0.000 r  <hidden>
                                                      0.000     0.000 r  clk
                         net (fo=9811, unset)         1.670     1.670    u_persp/clk
    SLICE_X33Y47         FDRE                                         r  u_persp/pz2_reg[44]/C
  -------------------------------------------------------------------    -------------------
    SLICE_X33Y47         FDRE (Prop_fdre_C_Q)         0.456     2.126 f  u_persp/pz2_reg[44]/Q
                         net (fo=2, routed)           0.686     2.812    u_persp/nz[20]
    SLICE_X33Y48         LUT1 (Prop_lut1_I0_O)        0.124     2.936 r  u_persp/depth_v1[20]_i_35/O
                         net (fo=1, routed)           0.000     2.936    u_persp/depth_v1[20]_i_35_n_0
    SLICE_X33Y48         CARRY4 (Prop_carry4_S[1]_CO[3])
                                                      0.550     3.486 r  u_persp/depth_v1_reg[20]_i_17/CO[3]
                         net (fo=1, routed)           0.000     3.486    u_persp/depth_v1_reg[20]_i_17_n_0
    SLICE_X33Y49         CARRY4 (Prop_carry4_CI_CO[3])
                                                      0.114     3.600 r  u_persp/depth_v1_reg[20]_i_15/CO[3]
                         net (fo=1, routed)           0.001     3.601    u_persp/depth_v1_reg[20]_i_15_n_0
    SLICE_X33Y50         CARRY4 (Prop_carry4_CI_O[1])
                                                      0.334     3.935 r  u_persp/depth_v1_reg[28]_i_22/O[1]
                         net (fo=16, routed)          0.929     4.863    u_persp/depth_full1[28]
    SLICE_X27Y50         LUT2 (Prop_lut2_I1_O)        0.303     5.166 r  u_persp/depth_v1[16]_i_39/O
                         net (fo=1, routed)           0.000     5.166    u_persp/depth_v1[16]_i_39_n_0
    SLICE_X27Y50         CARRY4 (Prop_carry4_S[0]_CO[3])
                                                      0.532     5.698 r  u_persp/depth_v1_reg[16]_i_33/CO[3]
                         net (fo=1, routed)           0.000     5.698    u_persp/depth_v1_reg[16]_i_33_n_0
    SLICE_X27Y51         CARRY4 (Prop_carry4_CI_O[0])
                                                      0.222     5.920 r  u_persp/depth_v1_reg[20]_i_36/O[0]
                         net (fo=2, routed)           0.762     6.683    u_persp/depth_v1_reg[20]_i_36_n_7
    SLICE_X31Y55         LUT3 (Prop_lut3_I1_O)        0.299     6.982 r  u_persp/depth_v1[20]_i_30/O
                         net (fo=2, routed)           0.636     7.618    u_persp/depth_v1[20]_i_30_n_0
    SLICE_X29Y56         LUT4 (Prop_lut4_I3_O)        0.124     7.742 r  u_persp/depth_v1[20]_i_34/O
                         net (fo=1, routed)           0.000     7.742    u_persp/depth_v1[20]_i_34_n_0
    SLICE_X29Y56         CARRY4 (Prop_carry4_S[0]_CO[3])
                                                      0.532     8.274 r  u_persp/depth_v1_reg[20]_i_13/CO[3]
                         net (fo=1, routed)           0.000     8.274    u_persp/depth_v1_reg[20]_i_13_n_0
    SLICE_X29Y57         CARRY4 (Prop_carry4_CI_O[0])
                                                      0.222     8.496 r  u_persp/depth_v1_reg[24]_i_13/O[0]
                         net (fo=4, routed)           0.592     9.087    u_persp/depth_v1_reg[24]_i_13_n_7
    SLICE_X32Y56         LUT3 (Prop_lut3_I1_O)        0.299     9.386 r  u_persp/depth_v1[20]_i_11/O
                         net (fo=3, routed)           0.468     9.855    u_persp/depth_v1[20]_i_11_n_0
    SLICE_X34Y54         LUT5 (Prop_lut5_I1_O)        0.124     9.979 r  u_persp/depth_v1[20]_i_2/O
                         net (fo=1, routed)           0.873    10.852    u_persp/depth_v1[20]_i_2_n_0
    SLICE_X26Y52         CARRY4 (Prop_carry4_DI[3]_CO[3])
                                                      0.396    11.248 r  u_persp/depth_v1_reg[20]_i_1/CO[3]
                         net (fo=1, routed)           0.000    11.248    u_persp/depth_v1_reg[20]_i_1_n_0
    SLICE_X26Y53         CARRY4 (Prop_carry4_CI_CO[3])
                                                      0.117    11.365 r  u_persp/depth_v1_reg[24]_i_1/CO[3]
                         net (fo=1, routed)           0.000    11.365    u_persp/depth_v1_reg[24]_i_1_n_0
    SLICE_X26Y54         CARRY4 (Prop_carry4_CI_CO[3])
                                                      0.117    11.482 r  u_persp/depth_v1_reg[28]_i_1/CO[3]
                         net (fo=1, routed)           0.000    11.482    u_persp/depth_v1_reg[28]_i_1_n_0
    SLICE_X26Y55         CARRY4 (Prop_carry4_CI_CO[3])
                                                      0.117    11.599 r  u_persp/depth_v1_reg[32]_i_1/CO[3]
                         net (fo=1, routed)           0.000    11.599    u_persp/depth_v1_reg[32]_i_1_n_0
    SLICE_X26Y56         CARRY4 (Prop_carry4_CI_O[0])
                                                      0.219    11.818 r  u_persp/depth_v1_reg[47]_i_1/O[0]
                         net (fo=1, routed)           0.000    11.818    u_persp/depth_v1_reg[47]_i_1_n_7
    SLICE_X26Y56         FDRE                                         r  u_persp/depth_v1_reg[33]/D
  -------------------------------------------------------------------    -------------------

                         (clock clk rise edge)        9.500     9.500 r  <hidden>
                                                      0.000     9.500 r  clk
                         net (fo=9811, unset)         1.520    11.020    u_persp/clk
    SLICE_X26Y56         FDRE                                         r  u_persp/depth_v1_reg[33]/C
                         clock pessimism              0.000    11.020    <hidden>
                         clock uncertainty           -0.035    10.985    <hidden>
    SLICE_X26Y56         FDRE (Setup_fdre_C_D)        0.109    11.094    u_persp/depth_v1_reg[33]
  -------------------------------------------------------------------
                         required time                         11.094    <hidden>
                         arrival time                         -11.818    <hidden>
  -------------------------------------------------------------------
                         slack                                 -0.724    <hidden>

Slack (VIOLATED) :        -0.711ns  (required time - arrival time)
  Source:                 u_persp/pz2_reg[44]/C
                            (rising edge-triggered cell FDRE clocked by clk  {rise@0.000ns fall@4.750ns period=9.500ns})
  Destination:            u_persp/depth_v1_reg[30]/D
                            (rising edge-triggered cell FDRE clocked by clk  {rise@0.000ns fall@4.750ns period=9.500ns})
  Path Group:             clk
  Path Type:              Setup (Max at Slow Process Corner)
  Requirement:            9.500ns  (clk rise@9.500ns - clk rise@0.000ns)
  Data Path Delay:        10.135ns  (logic 5.188ns (51.188%)  route 4.947ns (48.812%))
  Logic Levels:           17  (CARRY4=11 LUT1=1 LUT2=1 LUT3=2 LUT4=1 LUT5=1)
  Clock Path Skew:        -0.150ns (DCD - SCD + CPR)
    Destination Clock Delay (DCD):    1.520ns = ( 11.020 - 9.500 ) 
    Source Clock Delay      (SCD):    1.670ns
    Clock Pessimism Removal (CPR):    0.000ns
  Clock Uncertainty:      0.035ns  ((TSJ^2 + TIJ^2)^1/2 + DJ) / 2 + PE
    Total System Jitter     (TSJ):    0.071ns
    Total Input Jitter      (TIJ):    0.000ns
    Discrete Jitter          (DJ):    0.000ns
    Phase Error              (PE):    0.000ns

    Location             Delay type                Incr(ns)  Path(ns)    Netlist Resource(s)
  -------------------------------------------------------------------    -------------------
                         (clock clk rise edge)        0.000     0.000 r  <hidden>
                                                      0.000     0.000 r  clk
                         net (fo=9811, unset)         1.670     1.670    u_persp/clk
    SLICE_X33Y47         FDRE                                         r  u_persp/pz2_reg[44]/C
  -------------------------------------------------------------------    -------------------
    SLICE_X33Y47         FDRE (Prop_fdre_C_Q)         0.456     2.126 f  u_persp/pz2_reg[44]/Q
                         net (fo=2, routed)           0.686     2.812    u_persp/nz[20]
    SLICE_X33Y48         LUT1 (Prop_lut1_I0_O)        0.124     2.936 r  u_persp/depth_v1[20]_i_35/O
                         net (fo=1, routed)           0.000     2.936    u_persp/depth_v1[20]_i_35_n_0
    SLICE_X33Y48         CARRY4 (Prop_carry4_S[1]_CO[3])
                                                      0.550     3.486 r  u_persp/depth_v1_reg[20]_i_17/CO[3]
                         net (fo=1, routed)           0.000     3.486    u_persp/depth_v1_reg[20]_i_17_n_0
    SLICE_X33Y49         CARRY4 (Prop_carry4_CI_CO[3])
                                                      0.114     3.600 r  u_persp/depth_v1_reg[20]_i_15/CO[3]
                         net (fo=1, routed)           0.001     3.601    u_persp/depth_v1_reg[20]_i_15_n_0
    SLICE_X33Y50         CARRY4 (Prop_carry4_CI_O[1])
                                                      0.334     3.935 r  u_persp/depth_v1_reg[28]_i_22/O[1]
                         net (fo=16, routed)          0.929     4.863    u_persp/depth_full1[28]
    SLICE_X27Y50         LUT2 (Prop_lut2_I1_O)        0.303     5.166 r  u_persp/depth_v1[16]_i_39/O
                         net (fo=1, routed)           0.000     5.166    u_persp/depth_v1[16]_i_39_n_0
    SLICE_X27Y50         CARRY4 (Prop_carry4_S[0]_CO[3])
                                                      0.532     5.698 r  u_persp/depth_v1_reg[16]_i_33/CO[3]
                         net (fo=1, routed)           0.000     5.698    u_persp/depth_v1_reg[16]_i_33_n_0
    SLICE_X27Y51         CARRY4 (Prop_carry4_CI_O[0])
                                                      0.222     5.920 r  u_persp/depth_v1_reg[20]_i_36/O[0]
                         net (fo=2, routed)           0.762     6.683    u_persp/depth_v1_reg[20]_i_36_n_7
    SLICE_X31Y55         LUT3 (Prop_lut3_I1_O)        0.299     6.982 r  u_persp/depth_v1[20]_i_30/O
                         net (fo=2, routed)           0.636     7.618    u_persp/depth_v1[20]_i_30_n_0
    SLICE_X29Y56         LUT4 (Prop_lut4_I3_O)        0.124     7.742 r  u_persp/depth_v1[20]_i_34/O
                         net (fo=1, routed)           0.000     7.742    u_persp/depth_v1[20]_i_34_n_0
    SLICE_X29Y56         CARRY4 (Prop_carry4_S[0]_CO[3])
                                                      0.532     8.274 r  u_persp/depth_v1_reg[20]_i_13/CO[3]
                         net (fo=1, routed)           0.000     8.274    u_persp/depth_v1_reg[20]_i_13_n_0
    SLICE_X29Y57         CARRY4 (Prop_carry4_CI_O[0])
                                                      0.222     8.496 r  u_persp/depth_v1_reg[24]_i_13/O[0]
                         net (fo=4, routed)           0.592     9.087    u_persp/depth_v1_reg[24]_i_13_n_7
    SLICE_X32Y56         LUT3 (Prop_lut3_I1_O)        0.299     9.386 r  u_persp/depth_v1[20]_i_11/O
                         net (fo=3, routed)           0.468     9.855    u_persp/depth_v1[20]_i_11_n_0
    SLICE_X34Y54         LUT5 (Prop_lut5_I1_O)        0.124     9.979 r  u_persp/depth_v1[20]_i_2/O
                         net (fo=1, routed)           0.873    10.852    u_persp/depth_v1[20]_i_2_n_0
    SLICE_X26Y52         CARRY4 (Prop_carry4_DI[3]_CO[3])
                                                      0.396    11.248 r  u_persp/depth_v1_reg[20]_i_1/CO[3]
                         net (fo=1, routed)           0.000    11.248    u_persp/depth_v1_reg[20]_i_1_n_0
    SLICE_X26Y53         CARRY4 (Prop_carry4_CI_CO[3])
                                                      0.117    11.365 r  u_persp/depth_v1_reg[24]_i_1/CO[3]
                         net (fo=1, routed)           0.000    11.365    u_persp/depth_v1_reg[24]_i_1_n_0
    SLICE_X26Y54         CARRY4 (Prop_carry4_CI_CO[3])
                                                      0.117    11.482 r  u_persp/depth_v1_reg[28]_i_1/CO[3]
                         net (fo=1, routed)           0.000    11.482    u_persp/depth_v1_reg[28]_i_1_n_0
    SLICE_X26Y55         CARRY4 (Prop_carry4_CI_O[1])
                                                      0.323    11.805 r  u_persp/depth_v1_reg[32]_i_1/O[1]
                         net (fo=1, routed)           0.000    11.805    u_persp/depth_v1_reg[32]_i_1_n_6
    SLICE_X26Y55         FDRE                                         r  u_persp/depth_v1_reg[30]/D
  -------------------------------------------------------------------    -------------------

                         (clock clk rise edge)        9.500     9.500 r  <hidden>
                                                      0.000     9.500 r  clk
                         net (fo=9811, unset)         1.520    11.020    u_persp/clk
    SLICE_X26Y55         FDRE                                         r  u_persp/depth_v1_reg[30]/C
                         clock pessimism              0.000    11.020    <hidden>
                         clock uncertainty           -0.035    10.985    <hidden>
    SLICE_X26Y55         FDRE (Setup_fdre_C_D)        0.109    11.094    u_persp/depth_v1_reg[30]
  -------------------------------------------------------------------
                         required time                         11.094    <hidden>
                         arrival time                         -11.805    <hidden>
  -------------------------------------------------------------------
                         slack                                 -0.711    <hidden>

Slack (VIOLATED) :        -0.703ns  (required time - arrival time)
  Source:                 u_persp/pz2_reg[44]/C
                            (rising edge-triggered cell FDRE clocked by clk  {rise@0.000ns fall@4.750ns period=9.500ns})
  Destination:            u_persp/depth_v1_reg[32]/D
                            (rising edge-triggered cell FDRE clocked by clk  {rise@0.000ns fall@4.750ns period=9.500ns})
  Path Group:             clk
  Path Type:              Setup (Max at Slow Process Corner)
  Requirement:            9.500ns  (clk rise@9.500ns - clk rise@0.000ns)
  Data Path Delay:        10.127ns  (logic 5.180ns (51.150%)  route 4.947ns (48.850%))
  Logic Levels:           17  (CARRY4=11 LUT1=1 LUT2=1 LUT3=2 LUT4=1 LUT5=1)
  Clock Path Skew:        -0.150ns (DCD - SCD + CPR)
    Destination Clock Delay (DCD):    1.520ns = ( 11.020 - 9.500 ) 
    Source Clock Delay      (SCD):    1.670ns
    Clock Pessimism Removal (CPR):    0.000ns
  Clock Uncertainty:      0.035ns  ((TSJ^2 + TIJ^2)^1/2 + DJ) / 2 + PE
    Total System Jitter     (TSJ):    0.071ns
    Total Input Jitter      (TIJ):    0.000ns
    Discrete Jitter          (DJ):    0.000ns
    Phase Error              (PE):    0.000ns

    Location             Delay type                Incr(ns)  Path(ns)    Netlist Resource(s)
  -------------------------------------------------------------------    -------------------
                         (clock clk rise edge)        0.000     0.000 r  <hidden>
                                                      0.000     0.000 r  clk
                         net (fo=9811, unset)         1.670     1.670    u_persp/clk
    SLICE_X33Y47         FDRE                                         r  u_persp/pz2_reg[44]/C
  -------------------------------------------------------------------    -------------------
    SLICE_X33Y47         FDRE (Prop_fdre_C_Q)         0.456     2.126 f  u_persp/pz2_reg[44]/Q
                         net (fo=2, routed)           0.686     2.812    u_persp/nz[20]
    SLICE_X33Y48         LUT1 (Prop_lut1_I0_O)        0.124     2.936 r  u_persp/depth_v1[20]_i_35/O
                         net (fo=1, routed)           0.000     2.936    u_persp/depth_v1[20]_i_35_n_0
    SLICE_X33Y48         CARRY4 (Prop_carry4_S[1]_CO[3])
                                                      0.550     3.486 r  u_persp/depth_v1_reg[20]_i_17/CO[3]
                         net (fo=1, routed)           0.000     3.486    u_persp/depth_v1_reg[20]_i_17_n_0
    SLICE_X33Y49         CARRY4 (Prop_carry4_CI_CO[3])
                                                      0.114     3.600 r  u_persp/depth_v1_reg[20]_i_15/CO[3]
                         net (fo=1, routed)           0.001     3.601    u_persp/depth_v1_reg[20]_i_15_n_0
    SLICE_X33Y50         CARRY4 (Prop_carry4_CI_O[1])
                                                      0.334     3.935 r  u_persp/depth_v1_reg[28]_i_22/O[1]
                         net (fo=16, routed)          0.929     4.863    u_persp/depth_full1[28]
    SLICE_X27Y50         LUT2 (Prop_lut2_I1_O)        0.303     5.166 r  u_persp/depth_v1[16]_i_39/O
                         net (fo=1, routed)           0.000     5.166    u_persp/depth_v1[16]_i_39_n_0
    SLICE_X27Y50         CARRY4 (Prop_carry4_S[0]_CO[3])
                                                      0.532     5.698 r  u_persp/depth_v1_reg[16]_i_33/CO[3]
                         net (fo=1, routed)           0.000     5.698    u_persp/depth_v1_reg[16]_i_33_n_0
    SLICE_X27Y51         CARRY4 (Prop_carry4_CI_O[0])
                                                      0.222     5.920 r  u_persp/depth_v1_reg[20]_i_36/O[0]
                         net (fo=2, routed)           0.762     6.683    u_persp/depth_v1_reg[20]_i_36_n_7
    SLICE_X31Y55         LUT3 (Prop_lut3_I1_O)        0.299     6.982 r  u_persp/depth_v1[20]_i_30/O
                         net (fo=2, routed)           0.636     7.618    u_persp/depth_v1[20]_i_30_n_0
    SLICE_X29Y56         LUT4 (Prop_lut4_I3_O)        0.124     7.742 r  u_persp/depth_v1[20]_i_34/O
                         net (fo=1, routed)           0.000     7.742    u_persp/depth_v1[20]_i_34_n_0
    SLICE_X29Y56         CARRY4 (Prop_carry4_S[0]_CO[3])
                                                      0.532     8.274 r  u_persp/depth_v1_reg[20]_i_13/CO[3]
                         net (fo=1, routed)           0.000     8.274    u_persp/depth_v1_reg[20]_i_13_n_0
    SLICE_X29Y57         CARRY4 (Prop_carry4_CI_O[0])
                                                      0.222     8.496 r  u_persp/depth_v1_reg[24]_i_13/O[0]
                         net (fo=4, routed)           0.592     9.087    u_persp/depth_v1_reg[24]_i_13_n_7
    SLICE_X32Y56         LUT3 (Prop_lut3_I1_O)        0.299     9.386 r  u_persp/depth_v1[20]_i_11/O
                         net (fo=3, routed)           0.468     9.855    u_persp/depth_v1[20]_i_11_n_0
    SLICE_X34Y54         LUT5 (Prop_lut5_I1_O)        0.124     9.979 r  u_persp/depth_v1[20]_i_2/O
                         net (fo=1, routed)           0.873    10.852    u_persp/depth_v1[20]_i_2_n_0
    SLICE_X26Y52         CARRY4 (Prop_carry4_DI[3]_CO[3])
                                                      0.396    11.248 r  u_persp/depth_v1_reg[20]_i_1/CO[3]
                         net (fo=1, routed)           0.000    11.248    u_persp/depth_v1_reg[20]_i_1_n_0
    SLICE_X26Y53         CARRY4 (Prop_carry4_CI_CO[3])
                                                      0.117    11.365 r  u_persp/depth_v1_reg[24]_i_1/CO[3]
                         net (fo=1, routed)           0.000    11.365    u_persp/depth_v1_reg[24]_i_1_n_0
    SLICE_X26Y54         CARRY4 (Prop_carry4_CI_CO[3])
                                                      0.117    11.482 r  u_persp/depth_v1_reg[28]_i_1/CO[3]
                         net (fo=1, routed)           0.000    11.482    u_persp/depth_v1_reg[28]_i_1_n_0
    SLICE_X26Y55         CARRY4 (Prop_carry4_CI_O[3])
                                                      0.315    11.797 r  u_persp/depth_v1_reg[32]_i_1/O[3]
                         net (fo=1, routed)           0.000    11.797    u_persp/depth_v1_reg[32]_i_1_n_4
    SLICE_X26Y55         FDRE                                         r  u_persp/depth_v1_reg[32]/D
  -------------------------------------------------------------------    -------------------

                         (clock clk rise edge)        9.500     9.500 r  <hidden>
                                                      0.000     9.500 r  clk
                         net (fo=9811, unset)         1.520    11.020    u_persp/clk
    SLICE_X26Y55         FDRE                                         r  u_persp/depth_v1_reg[32]/C
                         clock pessimism              0.000    11.020    <hidden>
                         clock uncertainty           -0.035    10.985    <hidden>
    SLICE_X26Y55         FDRE (Setup_fdre_C_D)        0.109    11.094    u_persp/depth_v1_reg[32]
  -------------------------------------------------------------------
                         required time                         11.094    <hidden>
                         arrival time                         -11.797    <hidden>
  -------------------------------------------------------------------
                         slack                                 -0.703    <hidden>

Slack (VIOLATED) :        -0.627ns  (required time - arrival time)
  Source:                 u_persp/pz2_reg[44]/C
                            (rising edge-triggered cell FDRE clocked by clk  {rise@0.000ns fall@4.750ns period=9.500ns})
  Destination:            u_persp/depth_v1_reg[31]/D
                            (rising edge-triggered cell FDRE clocked by clk  {rise@0.000ns fall@4.750ns period=9.500ns})
  Path Group:             clk
  Path Type:              Setup (Max at Slow Process Corner)
  Requirement:            9.500ns  (clk rise@9.500ns - clk rise@0.000ns)
  Data Path Delay:        10.051ns  (logic 5.104ns (50.780%)  route 4.947ns (49.220%))
  Logic Levels:           17  (CARRY4=11 LUT1=1 LUT2=1 LUT3=2 LUT4=1 LUT5=1)
  Clock Path Skew:        -0.150ns (DCD - SCD + CPR)
    Destination Clock Delay (DCD):    1.520ns = ( 11.020 - 9.500 ) 
    Source Clock Delay      (SCD):    1.670ns
    Clock Pessimism Removal (CPR):    0.000ns
  Clock Uncertainty:      0.035ns  ((TSJ^2 + TIJ^2)^1/2 + DJ) / 2 + PE
    Total System Jitter     (TSJ):    0.071ns
    Total Input Jitter      (TIJ):    0.000ns
    Discrete Jitter          (DJ):    0.000ns
    Phase Error              (PE):    0.000ns

    Location             Delay type                Incr(ns)  Path(ns)    Netlist Resource(s)
  -------------------------------------------------------------------    -------------------
                         (clock clk rise edge)        0.000     0.000 r  <hidden>
                                                      0.000     0.000 r  clk
                         net (fo=9811, unset)         1.670     1.670    u_persp/clk
    SLICE_X33Y47         FDRE                                         r  u_persp/pz2_reg[44]/C
  -------------------------------------------------------------------    -------------------
    SLICE_X33Y47         FDRE (Prop_fdre_C_Q)         0.456     2.126 f  u_persp/pz2_reg[44]/Q
                         net (fo=2, routed)           0.686     2.812    u_persp/nz[20]
    SLICE_X33Y48         LUT1 (Prop_lut1_I0_O)        0.124     2.936 r  u_persp/depth_v1[20]_i_35/O
                         net (fo=1, routed)           0.000     2.936    u_persp/depth_v1[20]_i_35_n_0
    SLICE_X33Y48         CARRY4 (Prop_carry4_S[1]_CO[3])
                                                      0.550     3.486 r  u_persp/depth_v1_reg[20]_i_17/CO[3]
                         net (fo=1, routed)           0.000     3.486    u_persp/depth_v1_reg[20]_i_17_n_0
    SLICE_X33Y49         CARRY4 (Prop_carry4_CI_CO[3])
                                                      0.114     3.600 r  u_persp/depth_v1_reg[20]_i_15/CO[3]
                         net (fo=1, routed)           0.001     3.601    u_persp/depth_v1_reg[20]_i_15_n_0
    SLICE_X33Y50         CARRY4 (Prop_carry4_CI_O[1])
                                                      0.334     3.935 r  u_persp/depth_v1_reg[28]_i_22/O[1]
                         net (fo=16, routed)          0.929     4.863    u_persp/depth_full1[28]
    SLICE_X27Y50         LUT2 (Prop_lut2_I1_O)        0.303     5.166 r  u_persp/depth_v1[16]_i_39/O
                         net (fo=1, routed)           0.000     5.166    u_persp/depth_v1[16]_i_39_n_0
    SLICE_X27Y50         CARRY4 (Prop_carry4_S[0]_CO[3])
                                                      0.532     5.698 r  u_persp/depth_v1_reg[16]_i_33/CO[3]
                         net (fo=1, routed)           0.000     5.698    u_persp/depth_v1_reg[16]_i_33_n_0
    SLICE_X27Y51         CARRY4 (Prop_carry4_CI_O[0])
                                                      0.222     5.920 r  u_persp/depth_v1_reg[20]_i_36/O[0]
                         net (fo=2, routed)           0.762     6.683    u_persp/depth_v1_reg[20]_i_36_n_7
    SLICE_X31Y55         LUT3 (Prop_lut3_I1_O)        0.299     6.982 r  u_persp/depth_v1[20]_i_30/O
                         net (fo=2, routed)           0.636     7.618    u_persp/depth_v1[20]_i_30_n_0
    SLICE_X29Y56         LUT4 (Prop_lut4_I3_O)        0.124     7.742 r  u_persp/depth_v1[20]_i_34/O
                         net (fo=1, routed)           0.000     7.742    u_persp/depth_v1[20]_i_34_n_0
    SLICE_X29Y56         CARRY4 (Prop_carry4_S[0]_CO[3])
                                                      0.532     8.274 r  u_persp/depth_v1_reg[20]_i_13/CO[3]
                         net (fo=1, routed)           0.000     8.274    u_persp/depth_v1_reg[20]_i_13_n_0
    SLICE_X29Y57         CARRY4 (Prop_carry4_CI_O[0])
                                                      0.222     8.496 r  u_persp/depth_v1_reg[24]_i_13/O[0]
                         net (fo=4, routed)           0.592     9.087    u_persp/depth_v1_reg[24]_i_13_n_7
    SLICE_X32Y56         LUT3 (Prop_lut3_I1_O)        0.299     9.386 r  u_persp/depth_v1[20]_i_11/O
                         net (fo=3, routed)           0.468     9.855    u_persp/depth_v1[20]_i_11_n_0
    SLICE_X34Y54         LUT5 (Prop_lut5_I1_O)        0.124     9.979 r  u_persp/depth_v1[20]_i_2/O
                         net (fo=1, routed)           0.873    10.852    u_persp/depth_v1[20]_i_2_n_0
    SLICE_X26Y52         CARRY4 (Prop_carry4_DI[3]_CO[3])
                                                      0.396    11.248 r  u_persp/depth_v1_reg[20]_i_1/CO[3]
                         net (fo=1, routed)           0.000    11.248    u_persp/depth_v1_reg[20]_i_1_n_0
    SLICE_X26Y53         CARRY4 (Prop_carry4_CI_CO[3])
                                                      0.117    11.365 r  u_persp/depth_v1_reg[24]_i_1/CO[3]
                         net (fo=1, routed)           0.000    11.365    u_persp/depth_v1_reg[24]_i_1_n_0
    SLICE_X26Y54         CARRY4 (Prop_carry4_CI_CO[3])
                                                      0.117    11.482 r  u_persp/depth_v1_reg[28]_i_1/CO[3]
                         net (fo=1, routed)           0.000    11.482    u_persp/depth_v1_reg[28]_i_1_n_0
    SLICE_X26Y55         CARRY4 (Prop_carry4_CI_O[2])
                                                      0.239    11.721 r  u_persp/depth_v1_reg[32]_i_1/O[2]
                         net (fo=1, routed)           0.000    11.721    u_persp/depth_v1_reg[32]_i_1_n_5
    SLICE_X26Y55         FDRE                                         r  u_persp/depth_v1_reg[31]/D
  -------------------------------------------------------------------    -------------------

                         (clock clk rise edge)        9.500     9.500 r  <hidden>
                                                      0.000     9.500 r  clk
                         net (fo=9811, unset)         1.520    11.020    u_persp/clk
    SLICE_X26Y55         FDRE                                         r  u_persp/depth_v1_reg[31]/C
                         clock pessimism              0.000    11.020    <hidden>
                         clock uncertainty           -0.035    10.985    <hidden>
    SLICE_X26Y55         FDRE (Setup_fdre_C_D)        0.109    11.094    u_persp/depth_v1_reg[31]
  -------------------------------------------------------------------
                         required time                         11.094    <hidden>
                         arrival time                         -11.721    <hidden>
  -------------------------------------------------------------------
                         slack                                 -0.627    <hidden>

Slack (VIOLATED) :        -0.607ns  (required time - arrival time)
  Source:                 u_persp/pz2_reg[44]/C
                            (rising edge-triggered cell FDRE clocked by clk  {rise@0.000ns fall@4.750ns period=9.500ns})
  Destination:            u_persp/depth_v1_reg[29]/D
                            (rising edge-triggered cell FDRE clocked by clk  {rise@0.000ns fall@4.750ns period=9.500ns})
  Path Group:             clk
  Path Type:              Setup (Max at Slow Process Corner)
  Requirement:            9.500ns  (clk rise@9.500ns - clk rise@0.000ns)
  Data Path Delay:        10.031ns  (logic 5.084ns (50.682%)  route 4.947ns (49.318%))
  Logic Levels:           17  (CARRY4=11 LUT1=1 LUT2=1 LUT3=2 LUT4=1 LUT5=1)
  Clock Path Skew:        -0.150ns (DCD - SCD + CPR)
    Destination Clock Delay (DCD):    1.520ns = ( 11.020 - 9.500 ) 
    Source Clock Delay      (SCD):    1.670ns
    Clock Pessimism Removal (CPR):    0.000ns
  Clock Uncertainty:      0.035ns  ((TSJ^2 + TIJ^2)^1/2 + DJ) / 2 + PE
    Total System Jitter     (TSJ):    0.071ns
    Total Input Jitter      (TIJ):    0.000ns
    Discrete Jitter          (DJ):    0.000ns
    Phase Error              (PE):    0.000ns

    Location             Delay type                Incr(ns)  Path(ns)    Netlist Resource(s)
  -------------------------------------------------------------------    -------------------
                         (clock clk rise edge)        0.000     0.000 r  <hidden>
                                                      0.000     0.000 r  clk
                         net (fo=9811, unset)         1.670     1.670    u_persp/clk
    SLICE_X33Y47         FDRE                                         r  u_persp/pz2_reg[44]/C
  -------------------------------------------------------------------    -------------------
    SLICE_X33Y47         FDRE (Prop_fdre_C_Q)         0.456     2.126 f  u_persp/pz2_reg[44]/Q
                         net (fo=2, routed)           0.686     2.812    u_persp/nz[20]
    SLICE_X33Y48         LUT1 (Prop_lut1_I0_O)        0.124     2.936 r  u_persp/depth_v1[20]_i_35/O
                         net (fo=1, routed)           0.000     2.936    u_persp/depth_v1[20]_i_35_n_0
    SLICE_X33Y48         CARRY4 (Prop_carry4_S[1]_CO[3])
                                                      0.550     3.486 r  u_persp/depth_v1_reg[20]_i_17/CO[3]
                         net (fo=1, routed)           0.000     3.486    u_persp/depth_v1_reg[20]_i_17_n_0
    SLICE_X33Y49         CARRY4 (Prop_carry4_CI_CO[3])
                                                      0.114     3.600 r  u_persp/depth_v1_reg[20]_i_15/CO[3]
                         net (fo=1, routed)           0.001     3.601    u_persp/depth_v1_reg[20]_i_15_n_0
    SLICE_X33Y50         CARRY4 (Prop_carry4_CI_O[1])
                                                      0.334     3.935 r  u_persp/depth_v1_reg[28]_i_22/O[1]
                         net (fo=16, routed)          0.929     4.863    u_persp/depth_full1[28]
    SLICE_X27Y50         LUT2 (Prop_lut2_I1_O)        0.303     5.166 r  u_persp/depth_v1[16]_i_39/O
                         net (fo=1, routed)           0.000     5.166    u_persp/depth_v1[16]_i_39_n_0
    SLICE_X27Y50         CARRY4 (Prop_carry4_S[0]_CO[3])
                                                      0.532     5.698 r  u_persp/depth_v1_reg[16]_i_33/CO[3]
                         net (fo=1, routed)           0.000     5.698    u_persp/depth_v1_reg[16]_i_33_n_0
    SLICE_X27Y51         CARRY4 (Prop_carry4_CI_O[0])
                                                      0.222     5.920 r  u_persp/depth_v1_reg[20]_i_36/O[0]
                         net (fo=2, routed)           0.762     6.683    u_persp/depth_v1_reg[20]_i_36_n_7
    SLICE_X31Y55         LUT3 (Prop_lut3_I1_O)        0.299     6.982 r  u_persp/depth_v1[20]_i_30/O
                         net (fo=2, routed)           0.636     7.618    u_persp/depth_v1[20]_i_30_n_0
    SLICE_X29Y56         LUT4 (Prop_lut4_I3_O)        0.124     7.742 r  u_persp/depth_v1[20]_i_34/O
                         net (fo=1, routed)           0.000     7.742    u_persp/depth_v1[20]_i_34_n_0
    SLICE_X29Y56         CARRY4 (Prop_carry4_S[0]_CO[3])
                                                      0.532     8.274 r  u_persp/depth_v1_reg[20]_i_13/CO[3]
                         net (fo=1, routed)           0.000     8.274    u_persp/depth_v1_reg[20]_i_13_n_0
    SLICE_X29Y57         CARRY4 (Prop_carry4_CI_O[0])
                                                      0.222     8.496 r  u_persp/depth_v1_reg[24]_i_13/O[0]
                         net (fo=4, routed)           0.592     9.087    u_persp/depth_v1_reg[24]_i_13_n_7
    SLICE_X32Y56         LUT3 (Prop_lut3_I1_O)        0.299     9.386 r  u_persp/depth_v1[20]_i_11/O
                         net (fo=3, routed)           0.468     9.855    u_persp/depth_v1[20]_i_11_n_0
    SLICE_X34Y54         LUT5 (Prop_lut5_I1_O)        0.124     9.979 r  u_persp/depth_v1[20]_i_2/O
                         net (fo=1, routed)           0.873    10.852    u_persp/depth_v1[20]_i_2_n_0
    SLICE_X26Y52         CARRY4 (Prop_carry4_DI[3]_CO[3])
                                                      0.396    11.248 r  u_persp/depth_v1_reg[20]_i_1/CO[3]
                         net (fo=1, routed)           0.000    11.248    u_persp/depth_v1_reg[20]_i_1_n_0
    SLICE_X26Y53         CARRY4 (Prop_carry4_CI_CO[3])
                                                      0.117    11.365 r  u_persp/depth_v1_reg[24]_i_1/CO[3]
                         net (fo=1, routed)           0.000    11.365    u_persp/depth_v1_reg[24]_i_1_n_0
    SLICE_X26Y54         CARRY4 (Prop_carry4_CI_CO[3])
                                                      0.117    11.482 r  u_persp/depth_v1_reg[28]_i_1/CO[3]
                         net (fo=1, routed)           0.000    11.482    u_persp/depth_v1_reg[28]_i_1_n_0
    SLICE_X26Y55         CARRY4 (Prop_carry4_CI_O[0])
                                                      0.219    11.701 r  u_persp/depth_v1_reg[32]_i_1/O[0]
                         net (fo=1, routed)           0.000    11.701    u_persp/depth_v1_reg[32]_i_1_n_7
    SLICE_X26Y55         FDRE                                         r  u_persp/depth_v1_reg[29]/D
  -------------------------------------------------------------------    -------------------

                         (clock clk rise edge)        9.500     9.500 r  <hidden>
                                                      0.000     9.500 r  clk
                         net (fo=9811, unset)         1.520    11.020    u_persp/clk
    SLICE_X26Y55         FDRE                                         r  u_persp/depth_v1_reg[29]/C
                         clock pessimism              0.000    11.020    <hidden>
                         clock uncertainty           -0.035    10.985    <hidden>
    SLICE_X26Y55         FDRE (Setup_fdre_C_D)        0.109    11.094    u_persp/depth_v1_reg[29]
  -------------------------------------------------------------------
                         required time                         11.094    <hidden>
                         arrival time                         -11.701    <hidden>
  -------------------------------------------------------------------
                         slack                                 -0.607    <hidden>

Slack (VIOLATED) :        -0.594ns  (required time - arrival time)
  Source:                 u_persp/pz2_reg[44]/C
                            (rising edge-triggered cell FDRE clocked by clk  {rise@0.000ns fall@4.750ns period=9.500ns})
  Destination:            u_persp/depth_v1_reg[26]/D
                            (rising edge-triggered cell FDRE clocked by clk  {rise@0.000ns fall@4.750ns period=9.500ns})
  Path Group:             clk
  Path Type:              Setup (Max at Slow Process Corner)
  Requirement:            9.500ns  (clk rise@9.500ns - clk rise@0.000ns)
  Data Path Delay:        10.018ns  (logic 5.071ns (50.618%)  route 4.947ns (49.382%))
  Logic Levels:           16  (CARRY4=10 LUT1=1 LUT2=1 LUT3=2 LUT4=1 LUT5=1)
  Clock Path Skew:        -0.150ns (DCD - SCD + CPR)
    Destination Clock Delay (DCD):    1.520ns = ( 11.020 - 9.500 ) 
    Source Clock Delay      (SCD):    1.670ns
    Clock Pessimism Removal (CPR):    0.000ns
  Clock Uncertainty:      0.035ns  ((TSJ^2 + TIJ^2)^1/2 + DJ) / 2 + PE
    Total System Jitter     (TSJ):    0.071ns
    Total Input Jitter      (TIJ):    0.000ns
    Discrete Jitter          (DJ):    0.000ns
    Phase Error              (PE):    0.000ns

    Location             Delay type                Incr(ns)  Path(ns)    Netlist Resource(s)
  -------------------------------------------------------------------    -------------------
                         (clock clk rise edge)        0.000     0.000 r  <hidden>
                                                      0.000     0.000 r  clk
                         net (fo=9811, unset)         1.670     1.670    u_persp/clk
    SLICE_X33Y47         FDRE                                         r  u_persp/pz2_reg[44]/C
  -------------------------------------------------------------------    -------------------
    SLICE_X33Y47         FDRE (Prop_fdre_C_Q)         0.456     2.126 f  u_persp/pz2_reg[44]/Q
                         net (fo=2, routed)           0.686     2.812    u_persp/nz[20]
    SLICE_X33Y48         LUT1 (Prop_lut1_I0_O)        0.124     2.936 r  u_persp/depth_v1[20]_i_35/O
                         net (fo=1, routed)           0.000     2.936    u_persp/depth_v1[20]_i_35_n_0
    SLICE_X33Y48         CARRY4 (Prop_carry4_S[1]_CO[3])
                                                      0.550     3.486 r  u_persp/depth_v1_reg[20]_i_17/CO[3]
                         net (fo=1, routed)           0.000     3.486    u_persp/depth_v1_reg[20]_i_17_n_0
    SLICE_X33Y49         CARRY4 (Prop_carry4_CI_CO[3])
                                                      0.114     3.600 r  u_persp/depth_v1_reg[20]_i_15/CO[3]
                         net (fo=1, routed)           0.001     3.601    u_persp/depth_v1_reg[20]_i_15_n_0
    SLICE_X33Y50         CARRY4 (Prop_carry4_CI_O[1])
                                                      0.334     3.935 r  u_persp/depth_v1_reg[28]_i_22/O[1]
                         net (fo=16, routed)          0.929     4.863    u_persp/depth_full1[28]
    SLICE_X27Y50         LUT2 (Prop_lut2_I1_O)        0.303     5.166 r  u_persp/depth_v1[16]_i_39/O
                         net (fo=1, routed)           0.000     5.166    u_persp/depth_v1[16]_i_39_n_0
    SLICE_X27Y50         CARRY4 (Prop_carry4_S[0]_CO[3])
                                                      0.532     5.698 r  u_persp/depth_v1_reg[16]_i_33/CO[3]
                         net (fo=1, routed)           0.000     5.698    u_persp/depth_v1_reg[16]_i_33_n_0
    SLICE_X27Y51         CARRY4 (Prop_carry4_CI_O[0])
                                                      0.222     5.920 r  u_persp/depth_v1_reg[20]_i_36/O[0]
                         net (fo=2, routed)           0.762     6.683    u_persp/depth_v1_reg[20]_i_36_n_7
    SLICE_X31Y55         LUT3 (Prop_lut3_I1_O)        0.299     6.982 r  u_persp/depth_v1[20]_i_30/O
                         net (fo=2, routed)           0.636     7.618    u_persp/depth_v1[20]_i_30_n_0
    SLICE_X29Y56         LUT4 (Prop_lut4_I3_O)        0.124     7.742 r  u_persp/depth_v1[20]_i_34/O
                         net (fo=1, routed)           0.000     7.742    u_persp/depth_v1[20]_i_34_n_0
    SLICE_X29Y56         CARRY4 (Prop_carry4_S[0]_CO[3])
                                                      0.532     8.274 r  u_persp/depth_v1_reg[20]_i_13/CO[3]
                         net (fo=1, routed)           0.000     8.274    u_persp/depth_v1_reg[20]_i_13_n_0
    SLICE_X29Y57         CARRY4 (Prop_carry4_CI_O[0])
                                                      0.222     8.496 r  u_persp/depth_v1_reg[24]_i_13/O[0]
                         net (fo=4, routed)           0.592     9.087    u_persp/depth_v1_reg[24]_i_13_n_7
    SLICE_X32Y56         LUT3 (Prop_lut3_I1_O)        0.299     9.386 r  u_persp/depth_v1[20]_i_11/O
                         net (fo=3, routed)           0.468     9.855    u_persp/depth_v1[20]_i_11_n_0
    SLICE_X34Y54         LUT5 (Prop_lut5_I1_O)        0.124     9.979 r  u_persp/depth_v1[20]_i_2/O
                         net (fo=1, routed)           0.873    10.852    u_persp/depth_v1[20]_i_2_n_0
    SLICE_X26Y52         CARRY4 (Prop_carry4_DI[3]_CO[3])
                                                      0.396    11.248 r  u_persp/depth_v1_reg[20]_i_1/CO[3]
                         net (fo=1, routed)           0.000    11.248    u_persp/depth_v1_reg[20]_i_1_n_0
    SLICE_X26Y53         CARRY4 (Prop_carry4_CI_CO[3])
                                                      0.117    11.365 r  u_persp/depth_v1_reg[24]_i_1/CO[3]
                         net (fo=1, routed)           0.000    11.365    u_persp/depth_v1_reg[24]_i_1_n_0
    SLICE_X26Y54         CARRY4 (Prop_carry4_CI_O[1])
                                                      0.323    11.688 r  u_persp/depth_v1_reg[28]_i_1/O[1]
                         net (fo=1, routed)           0.000    11.688    u_persp/depth_v1_reg[28]_i_1_n_6
    SLICE_X26Y54         FDRE                                         r  u_persp/depth_v1_reg[26]/D
  -------------------------------------------------------------------    -------------------

                         (clock clk rise edge)        9.500     9.500 r  <hidden>
                                                      0.000     9.500 r  clk
                         net (fo=9811, unset)         1.520    11.020    u_persp/clk
    SLICE_X26Y54         FDRE                                         r  u_persp/depth_v1_reg[26]/C
                         clock pessimism              0.000    11.020    <hidden>
                         clock uncertainty           -0.035    10.985    <hidden>
    SLICE_X26Y54         FDRE (Setup_fdre_C_D)        0.109    11.094    u_persp/depth_v1_reg[26]
  -------------------------------------------------------------------
                         required time                         11.094    <hidden>
                         arrival time                         -11.688    <hidden>
  -------------------------------------------------------------------
                         slack                                 -0.594    <hidden>

Slack (VIOLATED) :        -0.586ns  (required time - arrival time)
  Source:                 u_persp/pz2_reg[44]/C
                            (rising edge-triggered cell FDRE clocked by clk  {rise@0.000ns fall@4.750ns period=9.500ns})
  Destination:            u_persp/depth_v1_reg[28]/D
                            (rising edge-triggered cell FDRE clocked by clk  {rise@0.000ns fall@4.750ns period=9.500ns})
  Path Group:             clk
  Path Type:              Setup (Max at Slow Process Corner)
  Requirement:            9.500ns  (clk rise@9.500ns - clk rise@0.000ns)
  Data Path Delay:        10.010ns  (logic 5.063ns (50.579%)  route 4.947ns (49.421%))
  Logic Levels:           16  (CARRY4=10 LUT1=1 LUT2=1 LUT3=2 LUT4=1 LUT5=1)
  Clock Path Skew:        -0.150ns (DCD - SCD + CPR)
    Destination Clock Delay (DCD):    1.520ns = ( 11.020 - 9.500 ) 
    Source Clock Delay      (SCD):    1.670ns
    Clock Pessimism Removal (CPR):    0.000ns
  Clock Uncertainty:      0.035ns  ((TSJ^2 + TIJ^2)^1/2 + DJ) / 2 + PE
    Total System Jitter     (TSJ):    0.071ns
    Total Input Jitter      (TIJ):    0.000ns
    Discrete Jitter          (DJ):    0.000ns
    Phase Error              (PE):    0.000ns

    Location             Delay type                Incr(ns)  Path(ns)    Netlist Resource(s)
  -------------------------------------------------------------------    -------------------
                         (clock clk rise edge)        0.000     0.000 r  <hidden>
                                                      0.000     0.000 r  clk
                         net (fo=9811, unset)         1.670     1.670    u_persp/clk
    SLICE_X33Y47         FDRE                                         r  u_persp/pz2_reg[44]/C
  -------------------------------------------------------------------    -------------------
    SLICE_X33Y47         FDRE (Prop_fdre_C_Q)         0.456     2.126 f  u_persp/pz2_reg[44]/Q
                         net (fo=2, routed)           0.686     2.812    u_persp/nz[20]
    SLICE_X33Y48         LUT1 (Prop_lut1_I0_O)        0.124     2.936 r  u_persp/depth_v1[20]_i_35/O
                         net (fo=1, routed)           0.000     2.936    u_persp/depth_v1[20]_i_35_n_0
    SLICE_X33Y48         CARRY4 (Prop_carry4_S[1]_CO[3])
                                                      0.550     3.486 r  u_persp/depth_v1_reg[20]_i_17/CO[3]
                         net (fo=1, routed)           0.000     3.486    u_persp/depth_v1_reg[20]_i_17_n_0
    SLICE_X33Y49         CARRY4 (Prop_carry4_CI_CO[3])
                                                      0.114     3.600 r  u_persp/depth_v1_reg[20]_i_15/CO[3]
                         net (fo=1, routed)           0.001     3.601    u_persp/depth_v1_reg[20]_i_15_n_0
    SLICE_X33Y50         CARRY4 (Prop_carry4_CI_O[1])
                                                      0.334     3.935 r  u_persp/depth_v1_reg[28]_i_22/O[1]
                         net (fo=16, routed)          0.929     4.863    u_persp/depth_full1[28]
    SLICE_X27Y50         LUT2 (Prop_lut2_I1_O)        0.303     5.166 r  u_persp/depth_v1[16]_i_39/O
                         net (fo=1, routed)           0.000     5.166    u_persp/depth_v1[16]_i_39_n_0
    SLICE_X27Y50         CARRY4 (Prop_carry4_S[0]_CO[3])
                                                      0.532     5.698 r  u_persp/depth_v1_reg[16]_i_33/CO[3]
                         net (fo=1, routed)           0.000     5.698    u_persp/depth_v1_reg[16]_i_33_n_0
    SLICE_X27Y51         CARRY4 (Prop_carry4_CI_O[0])
                                                      0.222     5.920 r  u_persp/depth_v1_reg[20]_i_36/O[0]
                         net (fo=2, routed)           0.762     6.683    u_persp/depth_v1_reg[20]_i_36_n_7
    SLICE_X31Y55         LUT3 (Prop_lut3_I1_O)        0.299     6.982 r  u_persp/depth_v1[20]_i_30/O
                         net (fo=2, routed)           0.636     7.618    u_persp/depth_v1[20]_i_30_n_0
    SLICE_X29Y56         LUT4 (Prop_lut4_I3_O)        0.124     7.742 r  u_persp/depth_v1[20]_i_34/O
                         net (fo=1, routed)           0.000     7.742    u_persp/depth_v1[20]_i_34_n_0
    SLICE_X29Y56         CARRY4 (Prop_carry4_S[0]_CO[3])
                                                      0.532     8.274 r  u_persp/depth_v1_reg[20]_i_13/CO[3]
                         net (fo=1, routed)           0.000     8.274    u_persp/depth_v1_reg[20]_i_13_n_0
    SLICE_X29Y57         CARRY4 (Prop_carry4_CI_O[0])
                                                      0.222     8.496 r  u_persp/depth_v1_reg[24]_i_13/O[0]
                         net (fo=4, routed)           0.592     9.087    u_persp/depth_v1_reg[24]_i_13_n_7
    SLICE_X32Y56         LUT3 (Prop_lut3_I1_O)        0.299     9.386 r  u_persp/depth_v1[20]_i_11/O
                         net (fo=3, routed)           0.468     9.855    u_persp/depth_v1[20]_i_11_n_0
    SLICE_X34Y54         LUT5 (Prop_lut5_I1_O)        0.124     9.979 r  u_persp/depth_v1[20]_i_2/O
                         net (fo=1, routed)           0.873    10.852    u_persp/depth_v1[20]_i_2_n_0
    SLICE_X26Y52         CARRY4 (Prop_carry4_DI[3]_CO[3])
                                                      0.396    11.248 r  u_persp/depth_v1_reg[20]_i_1/CO[3]
                         net (fo=1, routed)           0.000    11.248    u_persp/depth_v1_reg[20]_i_1_n_0
    SLICE_X26Y53         CARRY4 (Prop_carry4_CI_CO[3])
                                                      0.117    11.365 r  u_persp/depth_v1_reg[24]_i_1/CO[3]
                         net (fo=1, routed)           0.000    11.365    u_persp/depth_v1_reg[24]_i_1_n_0
    SLICE_X26Y54         CARRY4 (Prop_carry4_CI_O[3])
                                                      0.315    11.680 r  u_persp/depth_v1_reg[28]_i_1/O[3]
                         net (fo=1, routed)           0.000    11.680    u_persp/depth_v1_reg[28]_i_1_n_4
    SLICE_X26Y54         FDRE                                         r  u_persp/depth_v1_reg[28]/D
  -------------------------------------------------------------------    -------------------

                         (clock clk rise edge)        9.500     9.500 r  <hidden>
                                                      0.000     9.500 r  clk
                         net (fo=9811, unset)         1.520    11.020    u_persp/clk
    SLICE_X26Y54         FDRE                                         r  u_persp/depth_v1_reg[28]/C
                         clock pessimism              0.000    11.020    <hidden>
                         clock uncertainty           -0.035    10.985    <hidden>
    SLICE_X26Y54         FDRE (Setup_fdre_C_D)        0.109    11.094    u_persp/depth_v1_reg[28]
  -------------------------------------------------------------------
                         required time                         11.094    <hidden>
                         arrival time                         -11.680    <hidden>
  -------------------------------------------------------------------
                         slack                                 -0.586    <hidden>

Slack (VIOLATED) :        -0.510ns  (required time - arrival time)
  Source:                 u_persp/pz2_reg[44]/C
                            (rising edge-triggered cell FDRE clocked by clk  {rise@0.000ns fall@4.750ns period=9.500ns})
  Destination:            u_persp/depth_v1_reg[27]/D
                            (rising edge-triggered cell FDRE clocked by clk  {rise@0.000ns fall@4.750ns period=9.500ns})
  Path Group:             clk
  Path Type:              Setup (Max at Slow Process Corner)
  Requirement:            9.500ns  (clk rise@9.500ns - clk rise@0.000ns)
  Data Path Delay:        9.934ns  (logic 4.987ns (50.201%)  route 4.947ns (49.799%))
  Logic Levels:           16  (CARRY4=10 LUT1=1 LUT2=1 LUT3=2 LUT4=1 LUT5=1)
  Clock Path Skew:        -0.150ns (DCD - SCD + CPR)
    Destination Clock Delay (DCD):    1.520ns = ( 11.020 - 9.500 ) 
    Source Clock Delay      (SCD):    1.670ns
    Clock Pessimism Removal (CPR):    0.000ns
  Clock Uncertainty:      0.035ns  ((TSJ^2 + TIJ^2)^1/2 + DJ) / 2 + PE
    Total System Jitter     (TSJ):    0.071ns
    Total Input Jitter      (TIJ):    0.000ns
    Discrete Jitter          (DJ):    0.000ns
    Phase Error              (PE):    0.000ns

    Location             Delay type                Incr(ns)  Path(ns)    Netlist Resource(s)
  -------------------------------------------------------------------    -------------------
                         (clock clk rise edge)        0.000     0.000 r  <hidden>
                                                      0.000     0.000 r  clk
                         net (fo=9811, unset)         1.670     1.670    u_persp/clk
    SLICE_X33Y47         FDRE                                         r  u_persp/pz2_reg[44]/C
  -------------------------------------------------------------------    -------------------
    SLICE_X33Y47         FDRE (Prop_fdre_C_Q)         0.456     2.126 f  u_persp/pz2_reg[44]/Q
                         net (fo=2, routed)           0.686     2.812    u_persp/nz[20]
    SLICE_X33Y48         LUT1 (Prop_lut1_I0_O)        0.124     2.936 r  u_persp/depth_v1[20]_i_35/O
                         net (fo=1, routed)           0.000     2.936    u_persp/depth_v1[20]_i_35_n_0
    SLICE_X33Y48         CARRY4 (Prop_carry4_S[1]_CO[3])
                                                      0.550     3.486 r  u_persp/depth_v1_reg[20]_i_17/CO[3]
                         net (fo=1, routed)           0.000     3.486    u_persp/depth_v1_reg[20]_i_17_n_0
    SLICE_X33Y49         CARRY4 (Prop_carry4_CI_CO[3])
                                                      0.114     3.600 r  u_persp/depth_v1_reg[20]_i_15/CO[3]
                         net (fo=1, routed)           0.001     3.601    u_persp/depth_v1_reg[20]_i_15_n_0
    SLICE_X33Y50         CARRY4 (Prop_carry4_CI_O[1])
                                                      0.334     3.935 r  u_persp/depth_v1_reg[28]_i_22/O[1]
                         net (fo=16, routed)          0.929     4.863    u_persp/depth_full1[28]
    SLICE_X27Y50         LUT2 (Prop_lut2_I1_O)        0.303     5.166 r  u_persp/depth_v1[16]_i_39/O
                         net (fo=1, routed)           0.000     5.166    u_persp/depth_v1[16]_i_39_n_0
    SLICE_X27Y50         CARRY4 (Prop_carry4_S[0]_CO[3])
                                                      0.532     5.698 r  u_persp/depth_v1_reg[16]_i_33/CO[3]
                         net (fo=1, routed)           0.000     5.698    u_persp/depth_v1_reg[16]_i_33_n_0
    SLICE_X27Y51         CARRY4 (Prop_carry4_CI_O[0])
                                                      0.222     5.920 r  u_persp/depth_v1_reg[20]_i_36/O[0]
                         net (fo=2, routed)           0.762     6.683    u_persp/depth_v1_reg[20]_i_36_n_7
    SLICE_X31Y55         LUT3 (Prop_lut3_I1_O)        0.299     6.982 r  u_persp/depth_v1[20]_i_30/O
                         net (fo=2, routed)           0.636     7.618    u_persp/depth_v1[20]_i_30_n_0
    SLICE_X29Y56         LUT4 (Prop_lut4_I3_O)        0.124     7.742 r  u_persp/depth_v1[20]_i_34/O
                         net (fo=1, routed)           0.000     7.742    u_persp/depth_v1[20]_i_34_n_0
    SLICE_X29Y56         CARRY4 (Prop_carry4_S[0]_CO[3])
                                                      0.532     8.274 r  u_persp/depth_v1_reg[20]_i_13/CO[3]
                         net (fo=1, routed)           0.000     8.274    u_persp/depth_v1_reg[20]_i_13_n_0
    SLICE_X29Y57         CARRY4 (Prop_carry4_CI_O[0])
                                                      0.222     8.496 r  u_persp/depth_v1_reg[24]_i_13/O[0]
                         net (fo=4, routed)           0.592     9.087    u_persp/depth_v1_reg[24]_i_13_n_7
    SLICE_X32Y56         LUT3 (Prop_lut3_I1_O)        0.299     9.386 r  u_persp/depth_v1[20]_i_11/O
                         net (fo=3, routed)           0.468     9.855    u_persp/depth_v1[20]_i_11_n_0
    SLICE_X34Y54         LUT5 (Prop_lut5_I1_O)        0.124     9.979 r  u_persp/depth_v1[20]_i_2/O
                         net (fo=1, routed)           0.873    10.852    u_persp/depth_v1[20]_i_2_n_0
    SLICE_X26Y52         CARRY4 (Prop_carry4_DI[3]_CO[3])
                                                      0.396    11.248 r  u_persp/depth_v1_reg[20]_i_1/CO[3]
                         net (fo=1, routed)           0.000    11.248    u_persp/depth_v1_reg[20]_i_1_n_0
    SLICE_X26Y53         CARRY4 (Prop_carry4_CI_CO[3])
                                                      0.117    11.365 r  u_persp/depth_v1_reg[24]_i_1/CO[3]
                         net (fo=1, routed)           0.000    11.365    u_persp/depth_v1_reg[24]_i_1_n_0
    SLICE_X26Y54         CARRY4 (Prop_carry4_CI_O[2])
                                                      0.239    11.604 r  u_persp/depth_v1_reg[28]_i_1/O[2]
                         net (fo=1, routed)           0.000    11.604    u_persp/depth_v1_reg[28]_i_1_n_5
    SLICE_X26Y54         FDRE                                         r  u_persp/depth_v1_reg[27]/D
  -------------------------------------------------------------------    -------------------

                         (clock clk rise edge)        9.500     9.500 r  <hidden>
                                                      0.000     9.500 r  clk
                         net (fo=9811, unset)         1.520    11.020    u_persp/clk
    SLICE_X26Y54         FDRE                                         r  u_persp/depth_v1_reg[27]/C
                         clock pessimism              0.000    11.020    <hidden>
                         clock uncertainty           -0.035    10.985    <hidden>
    SLICE_X26Y54         FDRE (Setup_fdre_C_D)        0.109    11.094    u_persp/depth_v1_reg[27]
  -------------------------------------------------------------------
                         required time                         11.094    <hidden>
                         arrival time                         -11.604    <hidden>
  -------------------------------------------------------------------
                         slack                                 -0.510    <hidden>

Slack (VIOLATED) :        -0.490ns  (required time - arrival time)
  Source:                 u_persp/pz2_reg[44]/C
                            (rising edge-triggered cell FDRE clocked by clk  {rise@0.000ns fall@4.750ns period=9.500ns})
  Destination:            u_persp/depth_v1_reg[25]/D
                            (rising edge-triggered cell FDRE clocked by clk  {rise@0.000ns fall@4.750ns period=9.500ns})
  Path Group:             clk
  Path Type:              Setup (Max at Slow Process Corner)
  Requirement:            9.500ns  (clk rise@9.500ns - clk rise@0.000ns)
  Data Path Delay:        9.914ns  (logic 4.967ns (50.100%)  route 4.947ns (49.900%))
  Logic Levels:           16  (CARRY4=10 LUT1=1 LUT2=1 LUT3=2 LUT4=1 LUT5=1)
  Clock Path Skew:        -0.150ns (DCD - SCD + CPR)
    Destination Clock Delay (DCD):    1.520ns = ( 11.020 - 9.500 ) 
    Source Clock Delay      (SCD):    1.670ns
    Clock Pessimism Removal (CPR):    0.000ns
  Clock Uncertainty:      0.035ns  ((TSJ^2 + TIJ^2)^1/2 + DJ) / 2 + PE
    Total System Jitter     (TSJ):    0.071ns
    Total Input Jitter      (TIJ):    0.000ns
    Discrete Jitter          (DJ):    0.000ns
    Phase Error              (PE):    0.000ns

    Location             Delay type                Incr(ns)  Path(ns)    Netlist Resource(s)
  -------------------------------------------------------------------    -------------------
                         (clock clk rise edge)        0.000     0.000 r  <hidden>
                                                      0.000     0.000 r  clk
                         net (fo=9811, unset)         1.670     1.670    u_persp/clk
    SLICE_X33Y47         FDRE                                         r  u_persp/pz2_reg[44]/C
  -------------------------------------------------------------------    -------------------
    SLICE_X33Y47         FDRE (Prop_fdre_C_Q)         0.456     2.126 f  u_persp/pz2_reg[44]/Q
                         net (fo=2, routed)           0.686     2.812    u_persp/nz[20]
    SLICE_X33Y48         LUT1 (Prop_lut1_I0_O)        0.124     2.936 r  u_persp/depth_v1[20]_i_35/O
                         net (fo=1, routed)           0.000     2.936    u_persp/depth_v1[20]_i_35_n_0
    SLICE_X33Y48         CARRY4 (Prop_carry4_S[1]_CO[3])
                                                      0.550     3.486 r  u_persp/depth_v1_reg[20]_i_17/CO[3]
                         net (fo=1, routed)           0.000     3.486    u_persp/depth_v1_reg[20]_i_17_n_0
    SLICE_X33Y49         CARRY4 (Prop_carry4_CI_CO[3])
                                                      0.114     3.600 r  u_persp/depth_v1_reg[20]_i_15/CO[3]
                         net (fo=1, routed)           0.001     3.601    u_persp/depth_v1_reg[20]_i_15_n_0
    SLICE_X33Y50         CARRY4 (Prop_carry4_CI_O[1])
                                                      0.334     3.935 r  u_persp/depth_v1_reg[28]_i_22/O[1]
                         net (fo=16, routed)          0.929     4.863    u_persp/depth_full1[28]
    SLICE_X27Y50         LUT2 (Prop_lut2_I1_O)        0.303     5.166 r  u_persp/depth_v1[16]_i_39/O
                         net (fo=1, routed)           0.000     5.166    u_persp/depth_v1[16]_i_39_n_0
    SLICE_X27Y50         CARRY4 (Prop_carry4_S[0]_CO[3])
                                                      0.532     5.698 r  u_persp/depth_v1_reg[16]_i_33/CO[3]
                         net (fo=1, routed)           0.000     5.698    u_persp/depth_v1_reg[16]_i_33_n_0
    SLICE_X27Y51         CARRY4 (Prop_carry4_CI_O[0])
                                                      0.222     5.920 r  u_persp/depth_v1_reg[20]_i_36/O[0]
                         net (fo=2, routed)           0.762     6.683    u_persp/depth_v1_reg[20]_i_36_n_7
    SLICE_X31Y55         LUT3 (Prop_lut3_I1_O)        0.299     6.982 r  u_persp/depth_v1[20]_i_30/O
                         net (fo=2, routed)           0.636     7.618    u_persp/depth_v1[20]_i_30_n_0
    SLICE_X29Y56         LUT4 (Prop_lut4_I3_O)        0.124     7.742 r  u_persp/depth_v1[20]_i_34/O
                         net (fo=1, routed)           0.000     7.742    u_persp/depth_v1[20]_i_34_n_0
    SLICE_X29Y56         CARRY4 (Prop_carry4_S[0]_CO[3])
                                                      0.532     8.274 r  u_persp/depth_v1_reg[20]_i_13/CO[3]
                         net (fo=1, routed)           0.000     8.274    u_persp/depth_v1_reg[20]_i_13_n_0
    SLICE_X29Y57         CARRY4 (Prop_carry4_CI_O[0])
                                                      0.222     8.496 r  u_persp/depth_v1_reg[24]_i_13/O[0]
                         net (fo=4, routed)           0.592     9.087    u_persp/depth_v1_reg[24]_i_13_n_7
    SLICE_X32Y56         LUT3 (Prop_lut3_I1_O)        0.299     9.386 r  u_persp/depth_v1[20]_i_11/O
                         net (fo=3, routed)           0.468     9.855    u_persp/depth_v1[20]_i_11_n_0
    SLICE_X34Y54         LUT5 (Prop_lut5_I1_O)        0.124     9.979 r  u_persp/depth_v1[20]_i_2/O
                         net (fo=1, routed)           0.873    10.852    u_persp/depth_v1[20]_i_2_n_0
    SLICE_X26Y52         CARRY4 (Prop_carry4_DI[3]_CO[3])
                                                      0.396    11.248 r  u_persp/depth_v1_reg[20]_i_1/CO[3]
                         net (fo=1, routed)           0.000    11.248    u_persp/depth_v1_reg[20]_i_1_n_0
    SLICE_X26Y53         CARRY4 (Prop_carry4_CI_CO[3])
                                                      0.117    11.365 r  u_persp/depth_v1_reg[24]_i_1/CO[3]
                         net (fo=1, routed)           0.000    11.365    u_persp/depth_v1_reg[24]_i_1_n_0
    SLICE_X26Y54         CARRY4 (Prop_carry4_CI_O[0])
                                                      0.219    11.584 r  u_persp/depth_v1_reg[28]_i_1/O[0]
                         net (fo=1, routed)           0.000    11.584    u_persp/depth_v1_reg[28]_i_1_n_7
    SLICE_X26Y54         FDRE                                         r  u_persp/depth_v1_reg[25]/D
  -------------------------------------------------------------------    -------------------

                         (clock clk rise edge)        9.500     9.500 r  <hidden>
                                                      0.000     9.500 r  clk
                         net (fo=9811, unset)         1.520    11.020    u_persp/clk
    SLICE_X26Y54         FDRE                                         r  u_persp/depth_v1_reg[25]/C
                         clock pessimism              0.000    11.020    <hidden>
                         clock uncertainty           -0.035    10.985    <hidden>
    SLICE_X26Y54         FDRE (Setup_fdre_C_D)        0.109    11.094    u_persp/depth_v1_reg[25]
  -------------------------------------------------------------------
                         required time                         11.094    <hidden>
                         arrival time                         -11.584    <hidden>
  -------------------------------------------------------------------
                         slack                                 -0.490    <hidden>

Slack (VIOLATED) :        -0.477ns  (required time - arrival time)
  Source:                 u_persp/pz2_reg[44]/C
                            (rising edge-triggered cell FDRE clocked by clk  {rise@0.000ns fall@4.750ns period=9.500ns})
  Destination:            u_persp/depth_v1_reg[22]/D
                            (rising edge-triggered cell FDRE clocked by clk  {rise@0.000ns fall@4.750ns period=9.500ns})
  Path Group:             clk
  Path Type:              Setup (Max at Slow Process Corner)
  Requirement:            9.500ns  (clk rise@9.500ns - clk rise@0.000ns)
  Data Path Delay:        9.901ns  (logic 4.954ns (50.035%)  route 4.947ns (49.965%))
  Logic Levels:           15  (CARRY4=9 LUT1=1 LUT2=1 LUT3=2 LUT4=1 LUT5=1)
  Clock Path Skew:        -0.150ns (DCD - SCD + CPR)
    Destination Clock Delay (DCD):    1.520ns = ( 11.020 - 9.500 ) 
    Source Clock Delay      (SCD):    1.670ns
    Clock Pessimism Removal (CPR):    0.000ns
  Clock Uncertainty:      0.035ns  ((TSJ^2 + TIJ^2)^1/2 + DJ) / 2 + PE
    Total System Jitter     (TSJ):    0.071ns
    Total Input Jitter      (TIJ):    0.000ns
    Discrete Jitter          (DJ):    0.000ns
    Phase Error              (PE):    0.000ns

    Location             Delay type                Incr(ns)  Path(ns)    Netlist Resource(s)
  -------------------------------------------------------------------    -------------------
                         (clock clk rise edge)        0.000     0.000 r  <hidden>
                                                      0.000     0.000 r  clk
                         net (fo=9811, unset)         1.670     1.670    u_persp/clk
    SLICE_X33Y47         FDRE                                         r  u_persp/pz2_reg[44]/C
  -------------------------------------------------------------------    -------------------
    SLICE_X33Y47         FDRE (Prop_fdre_C_Q)         0.456     2.126 f  u_persp/pz2_reg[44]/Q
                         net (fo=2, routed)           0.686     2.812    u_persp/nz[20]
    SLICE_X33Y48         LUT1 (Prop_lut1_I0_O)        0.124     2.936 r  u_persp/depth_v1[20]_i_35/O
                         net (fo=1, routed)           0.000     2.936    u_persp/depth_v1[20]_i_35_n_0
    SLICE_X33Y48         CARRY4 (Prop_carry4_S[1]_CO[3])
                                                      0.550     3.486 r  u_persp/depth_v1_reg[20]_i_17/CO[3]
                         net (fo=1, routed)           0.000     3.486    u_persp/depth_v1_reg[20]_i_17_n_0
    SLICE_X33Y49         CARRY4 (Prop_carry4_CI_CO[3])
                                                      0.114     3.600 r  u_persp/depth_v1_reg[20]_i_15/CO[3]
                         net (fo=1, routed)           0.001     3.601    u_persp/depth_v1_reg[20]_i_15_n_0
    SLICE_X33Y50         CARRY4 (Prop_carry4_CI_O[1])
                                                      0.334     3.935 r  u_persp/depth_v1_reg[28]_i_22/O[1]
                         net (fo=16, routed)          0.929     4.863    u_persp/depth_full1[28]
    SLICE_X27Y50         LUT2 (Prop_lut2_I1_O)        0.303     5.166 r  u_persp/depth_v1[16]_i_39/O
                         net (fo=1, routed)           0.000     5.166    u_persp/depth_v1[16]_i_39_n_0
    SLICE_X27Y50         CARRY4 (Prop_carry4_S[0]_CO[3])
                                                      0.532     5.698 r  u_persp/depth_v1_reg[16]_i_33/CO[3]
                         net (fo=1, routed)           0.000     5.698    u_persp/depth_v1_reg[16]_i_33_n_0
    SLICE_X27Y51         CARRY4 (Prop_carry4_CI_O[0])
                                                      0.222     5.920 r  u_persp/depth_v1_reg[20]_i_36/O[0]
                         net (fo=2, routed)           0.762     6.683    u_persp/depth_v1_reg[20]_i_36_n_7
    SLICE_X31Y55         LUT3 (Prop_lut3_I1_O)        0.299     6.982 r  u_persp/depth_v1[20]_i_30/O
                         net (fo=2, routed)           0.636     7.618    u_persp/depth_v1[20]_i_30_n_0
    SLICE_X29Y56         LUT4 (Prop_lut4_I3_O)        0.124     7.742 r  u_persp/depth_v1[20]_i_34/O
                         net (fo=1, routed)           0.000     7.742    u_persp/depth_v1[20]_i_34_n_0
    SLICE_X29Y56         CARRY4 (Prop_carry4_S[0]_CO[3])
                                                      0.532     8.274 r  u_persp/depth_v1_reg[20]_i_13/CO[3]
                         net (fo=1, routed)           0.000     8.274    u_persp/depth_v1_reg[20]_i_13_n_0
    SLICE_X29Y57         CARRY4 (Prop_carry4_CI_O[0])
                                                      0.222     8.496 r  u_persp/depth_v1_reg[24]_i_13/O[0]
                         net (fo=4, routed)           0.592     9.087    u_persp/depth_v1_reg[24]_i_13_n_7
    SLICE_X32Y56         LUT3 (Prop_lut3_I1_O)        0.299     9.386 r  u_persp/depth_v1[20]_i_11/O
                         net (fo=3, routed)           0.468     9.855    u_persp/depth_v1[20]_i_11_n_0
    SLICE_X34Y54         LUT5 (Prop_lut5_I1_O)        0.124     9.979 r  u_persp/depth_v1[20]_i_2/O
                         net (fo=1, routed)           0.873    10.852    u_persp/depth_v1[20]_i_2_n_0
    SLICE_X26Y52         CARRY4 (Prop_carry4_DI[3]_CO[3])
                                                      0.396    11.248 r  u_persp/depth_v1_reg[20]_i_1/CO[3]
                         net (fo=1, routed)           0.000    11.248    u_persp/depth_v1_reg[20]_i_1_n_0
    SLICE_X26Y53         CARRY4 (Prop_carry4_CI_O[1])
                                                      0.323    11.571 r  u_persp/depth_v1_reg[24]_i_1/O[1]
                         net (fo=1, routed)           0.000    11.571    u_persp/depth_v1_reg[24]_i_1_n_6
    SLICE_X26Y53         FDRE                                         r  u_persp/depth_v1_reg[22]/D
  -------------------------------------------------------------------    -------------------

                         (clock clk rise edge)        9.500     9.500 r  <hidden>
                                                      0.000     9.500 r  clk
                         net (fo=9811, unset)         1.520    11.020    u_persp/clk
    SLICE_X26Y53         FDRE                                         r  u_persp/depth_v1_reg[22]/C
                         clock pessimism              0.000    11.020    <hidden>
                         clock uncertainty           -0.035    10.985    <hidden>
    SLICE_X26Y53         FDRE (Setup_fdre_C_D)        0.109    11.094    u_persp/depth_v1_reg[22]
  -------------------------------------------------------------------
                         required time                         11.094    <hidden>
                         arrival time                         -11.571    <hidden>
  -------------------------------------------------------------------
                         slack                                 -0.477    <hidden>

Slack (VIOLATED) :        -0.469ns  (required time - arrival time)
  Source:                 u_persp/pz2_reg[44]/C
                            (rising edge-triggered cell FDRE clocked by clk  {rise@0.000ns fall@4.750ns period=9.500ns})
  Destination:            u_persp/depth_v1_reg[24]/D
                            (rising edge-triggered cell FDRE clocked by clk  {rise@0.000ns fall@4.750ns period=9.500ns})
  Path Group:             clk
  Path Type:              Setup (Max at Slow Process Corner)
  Requirement:            9.500ns  (clk rise@9.500ns - clk rise@0.000ns)
  Data Path Delay:        9.893ns  (logic 4.946ns (49.994%)  route 4.947ns (50.006%))
  Logic Levels:           15  (CARRY4=9 LUT1=1 LUT2=1 LUT3=2 LUT4=1 LUT5=1)
  Clock Path Skew:        -0.150ns (DCD - SCD + CPR)
    Destination Clock Delay (DCD):    1.520ns = ( 11.020 - 9.500 ) 
    Source Clock Delay      (SCD):    1.670ns
    Clock Pessimism Removal (CPR):    0.000ns
  Clock Uncertainty:      0.035ns  ((TSJ^2 + TIJ^2)^1/2 + DJ) / 2 + PE
    Total System Jitter     (TSJ):    0.071ns
    Total Input Jitter      (TIJ):    0.000ns
    Discrete Jitter          (DJ):    0.000ns
    Phase Error              (PE):    0.000ns

    Location             Delay type                Incr(ns)  Path(ns)    Netlist Resource(s)
  -------------------------------------------------------------------    -------------------
                         (clock clk rise edge)        0.000     0.000 r  <hidden>
                                                      0.000     0.000 r  clk
                         net (fo=9811, unset)         1.670     1.670    u_persp/clk
    SLICE_X33Y47         FDRE                                         r  u_persp/pz2_reg[44]/C
  -------------------------------------------------------------------    -------------------
    SLICE_X33Y47         FDRE (Prop_fdre_C_Q)         0.456     2.126 f  u_persp/pz2_reg[44]/Q
                         net (fo=2, routed)           0.686     2.812    u_persp/nz[20]
    SLICE_X33Y48         LUT1 (Prop_lut1_I0_O)        0.124     2.936 r  u_persp/depth_v1[20]_i_35/O
                         net (fo=1, routed)           0.000     2.936    u_persp/depth_v1[20]_i_35_n_0
    SLICE_X33Y48         CARRY4 (Prop_carry4_S[1]_CO[3])
                                                      0.550     3.486 r  u_persp/depth_v1_reg[20]_i_17/CO[3]
                         net (fo=1, routed)           0.000     3.486    u_persp/depth_v1_reg[20]_i_17_n_0
    SLICE_X33Y49         CARRY4 (Prop_carry4_CI_CO[3])
                                                      0.114     3.600 r  u_persp/depth_v1_reg[20]_i_15/CO[3]
                         net (fo=1, routed)           0.001     3.601    u_persp/depth_v1_reg[20]_i_15_n_0
    SLICE_X33Y50         CARRY4 (Prop_carry4_CI_O[1])
                                                      0.334     3.935 r  u_persp/depth_v1_reg[28]_i_22/O[1]
                         net (fo=16, routed)          0.929     4.863    u_persp/depth_full1[28]
    SLICE_X27Y50         LUT2 (Prop_lut2_I1_O)        0.303     5.166 r  u_persp/depth_v1[16]_i_39/O
                         net (fo=1, routed)           0.000     5.166    u_persp/depth_v1[16]_i_39_n_0
    SLICE_X27Y50         CARRY4 (Prop_carry4_S[0]_CO[3])
                                                      0.532     5.698 r  u_persp/depth_v1_reg[16]_i_33/CO[3]
                         net (fo=1, routed)           0.000     5.698    u_persp/depth_v1_reg[16]_i_33_n_0
    SLICE_X27Y51         CARRY4 (Prop_carry4_CI_O[0])
                                                      0.222     5.920 r  u_persp/depth_v1_reg[20]_i_36/O[0]
                         net (fo=2, routed)           0.762     6.683    u_persp/depth_v1_reg[20]_i_36_n_7
    SLICE_X31Y55         LUT3 (Prop_lut3_I1_O)        0.299     6.982 r  u_persp/depth_v1[20]_i_30/O
                         net (fo=2, routed)           0.636     7.618    u_persp/depth_v1[20]_i_30_n_0
    SLICE_X29Y56         LUT4 (Prop_lut4_I3_O)        0.124     7.742 r  u_persp/depth_v1[20]_i_34/O
                         net (fo=1, routed)           0.000     7.742    u_persp/depth_v1[20]_i_34_n_0
    SLICE_X29Y56         CARRY4 (Prop_carry4_S[0]_CO[3])
                                                      0.532     8.274 r  u_persp/depth_v1_reg[20]_i_13/CO[3]
                         net (fo=1, routed)           0.000     8.274    u_persp/depth_v1_reg[20]_i_13_n_0
    SLICE_X29Y57         CARRY4 (Prop_carry4_CI_O[0])
                                                      0.222     8.496 r  u_persp/depth_v1_reg[24]_i_13/O[0]
                         net (fo=4, routed)           0.592     9.087    u_persp/depth_v1_reg[24]_i_13_n_7
    SLICE_X32Y56         LUT3 (Prop_lut3_I1_O)        0.299     9.386 r  u_persp/depth_v1[20]_i_11/O
                         net (fo=3, routed)           0.468     9.855    u_persp/depth_v1[20]_i_11_n_0
    SLICE_X34Y54         LUT5 (Prop_lut5_I1_O)        0.124     9.979 r  u_persp/depth_v1[20]_i_2/O
                         net (fo=1, routed)           0.873    10.852    u_persp/depth_v1[20]_i_2_n_0
    SLICE_X26Y52         CARRY4 (Prop_carry4_DI[3]_CO[3])
                                                      0.396    11.248 r  u_persp/depth_v1_reg[20]_i_1/CO[3]
                         net (fo=1, routed)           0.000    11.248    u_persp/depth_v1_reg[20]_i_1_n_0
    SLICE_X26Y53         CARRY4 (Prop_carry4_CI_O[3])
                                                      0.315    11.563 r  u_persp/depth_v1_reg[24]_i_1/O[3]
                         net (fo=1, routed)           0.000    11.563    u_persp/depth_v1_reg[24]_i_1_n_4
    SLICE_X26Y53         FDRE                                         r  u_persp/depth_v1_reg[24]/D
  -------------------------------------------------------------------    -------------------

                         (clock clk rise edge)        9.500     9.500 r  <hidden>
                                                      0.000     9.500 r  clk
                         net (fo=9811, unset)         1.520    11.020    u_persp/clk
    SLICE_X26Y53         FDRE                                         r  u_persp/depth_v1_reg[24]/C
                         clock pessimism              0.000    11.020    <hidden>
                         clock uncertainty           -0.035    10.985    <hidden>
    SLICE_X26Y53         FDRE (Setup_fdre_C_D)        0.109    11.094    u_persp/depth_v1_reg[24]
  -------------------------------------------------------------------
                         required time                         11.094    <hidden>
                         arrival time                         -11.563    <hidden>
  -------------------------------------------------------------------
                         slack                                 -0.469    <hidden>

Slack (VIOLATED) :        -0.393ns  (required time - arrival time)
  Source:                 u_persp/pz2_reg[44]/C
                            (rising edge-triggered cell FDRE clocked by clk  {rise@0.000ns fall@4.750ns period=9.500ns})
  Destination:            u_persp/depth_v1_reg[23]/D
                            (rising edge-triggered cell FDRE clocked by clk  {rise@0.000ns fall@4.750ns period=9.500ns})
  Path Group:             clk
  Path Type:              Setup (Max at Slow Process Corner)
  Requirement:            9.500ns  (clk rise@9.500ns - clk rise@0.000ns)
  Data Path Delay:        9.817ns  (logic 4.870ns (49.607%)  route 4.947ns (50.393%))
  Logic Levels:           15  (CARRY4=9 LUT1=1 LUT2=1 LUT3=2 LUT4=1 LUT5=1)
  Clock Path Skew:        -0.150ns (DCD - SCD + CPR)
    Destination Clock Delay (DCD):    1.520ns = ( 11.020 - 9.500 ) 
    Source Clock Delay      (SCD):    1.670ns
    Clock Pessimism Removal (CPR):    0.000ns
  Clock Uncertainty:      0.035ns  ((TSJ^2 + TIJ^2)^1/2 + DJ) / 2 + PE
    Total System Jitter     (TSJ):    0.071ns
    Total Input Jitter      (TIJ):    0.000ns
    Discrete Jitter          (DJ):    0.000ns
    Phase Error              (PE):    0.000ns

    Location             Delay type                Incr(ns)  Path(ns)    Netlist Resource(s)
  -------------------------------------------------------------------    -------------------
                         (clock clk rise edge)        0.000     0.000 r  <hidden>
                                                      0.000     0.000 r  clk
                         net (fo=9811, unset)         1.670     1.670    u_persp/clk
    SLICE_X33Y47         FDRE                                         r  u_persp/pz2_reg[44]/C
  -------------------------------------------------------------------    -------------------
    SLICE_X33Y47         FDRE (Prop_fdre_C_Q)         0.456     2.126 f  u_persp/pz2_reg[44]/Q
                         net (fo=2, routed)           0.686     2.812    u_persp/nz[20]
    SLICE_X33Y48         LUT1 (Prop_lut1_I0_O)        0.124     2.936 r  u_persp/depth_v1[20]_i_35/O
                         net (fo=1, routed)           0.000     2.936    u_persp/depth_v1[20]_i_35_n_0
    SLICE_X33Y48         CARRY4 (Prop_carry4_S[1]_CO[3])
                                                      0.550     3.486 r  u_persp/depth_v1_reg[20]_i_17/CO[3]
                         net (fo=1, routed)           0.000     3.486    u_persp/depth_v1_reg[20]_i_17_n_0
    SLICE_X33Y49         CARRY4 (Prop_carry4_CI_CO[3])
                                                      0.114     3.600 r  u_persp/depth_v1_reg[20]_i_15/CO[3]
                         net (fo=1, routed)           0.001     3.601    u_persp/depth_v1_reg[20]_i_15_n_0
    SLICE_X33Y50         CARRY4 (Prop_carry4_CI_O[1])
                                                      0.334     3.935 r  u_persp/depth_v1_reg[28]_i_22/O[1]
                         net (fo=16, routed)          0.929     4.863    u_persp/depth_full1[28]
    SLICE_X27Y50         LUT2 (Prop_lut2_I1_O)        0.303     5.166 r  u_persp/depth_v1[16]_i_39/O
                         net (fo=1, routed)           0.000     5.166    u_persp/depth_v1[16]_i_39_n_0
    SLICE_X27Y50         CARRY4 (Prop_carry4_S[0]_CO[3])
                                                      0.532     5.698 r  u_persp/depth_v1_reg[16]_i_33/CO[3]
                         net (fo=1, routed)           0.000     5.698    u_persp/depth_v1_reg[16]_i_33_n_0
    SLICE_X27Y51         CARRY4 (Prop_carry4_CI_O[0])
                                                      0.222     5.920 r  u_persp/depth_v1_reg[20]_i_36/O[0]
                         net (fo=2, routed)           0.762     6.683    u_persp/depth_v1_reg[20]_i_36_n_7
    SLICE_X31Y55         LUT3 (Prop_lut3_I1_O)        0.299     6.982 r  u_persp/depth_v1[20]_i_30/O
                         net (fo=2, routed)           0.636     7.618    u_persp/depth_v1[20]_i_30_n_0
    SLICE_X29Y56         LUT4 (Prop_lut4_I3_O)        0.124     7.742 r  u_persp/depth_v1[20]_i_34/O
                         net (fo=1, routed)           0.000     7.742    u_persp/depth_v1[20]_i_34_n_0
    SLICE_X29Y56         CARRY4 (Prop_carry4_S[0]_CO[3])
                                                      0.532     8.274 r  u_persp/depth_v1_reg[20]_i_13/CO[3]
                         net (fo=1, routed)           0.000     8.274    u_persp/depth_v1_reg[20]_i_13_n_0
    SLICE_X29Y57         CARRY4 (Prop_carry4_CI_O[0])
                                                      0.222     8.496 r  u_persp/depth_v1_reg[24]_i_13/O[0]
                         net (fo=4, routed)           0.592     9.087    u_persp/depth_v1_reg[24]_i_13_n_7
    SLICE_X32Y56         LUT3 (Prop_lut3_I1_O)        0.299     9.386 r  u_persp/depth_v1[20]_i_11/O
                         net (fo=3, routed)           0.468     9.855    u_persp/depth_v1[20]_i_11_n_0
    SLICE_X34Y54         LUT5 (Prop_lut5_I1_O)        0.124     9.979 r  u_persp/depth_v1[20]_i_2/O
                         net (fo=1, routed)           0.873    10.852    u_persp/depth_v1[20]_i_2_n_0
    SLICE_X26Y52         CARRY4 (Prop_carry4_DI[3]_CO[3])
                                                      0.396    11.248 r  u_persp/depth_v1_reg[20]_i_1/CO[3]
                         net (fo=1, routed)           0.000    11.248    u_persp/depth_v1_reg[20]_i_1_n_0
    SLICE_X26Y53         CARRY4 (Prop_carry4_CI_O[2])
                                                      0.239    11.487 r  u_persp/depth_v1_reg[24]_i_1/O[2]
                         net (fo=1, routed)           0.000    11.487    u_persp/depth_v1_reg[24]_i_1_n_5
    SLICE_X26Y53         FDRE                                         r  u_persp/depth_v1_reg[23]/D
  -------------------------------------------------------------------    -------------------

                         (clock clk rise edge)        9.500     9.500 r  <hidden>
                                                      0.000     9.500 r  clk
                         net (fo=9811, unset)         1.520    11.020    u_persp/clk
    SLICE_X26Y53         FDRE                                         r  u_persp/depth_v1_reg[23]/C
                         clock pessimism              0.000    11.020    <hidden>
                         clock uncertainty           -0.035    10.985    <hidden>
    SLICE_X26Y53         FDRE (Setup_fdre_C_D)        0.109    11.094    u_persp/depth_v1_reg[23]
  -------------------------------------------------------------------
                         required time                         11.094    <hidden>
                         arrival time                         -11.487    <hidden>
  -------------------------------------------------------------------
                         slack                                 -0.393    <hidden>

Slack (VIOLATED) :        -0.373ns  (required time - arrival time)
  Source:                 u_persp/pz2_reg[44]/C
                            (rising edge-triggered cell FDRE clocked by clk  {rise@0.000ns fall@4.750ns period=9.500ns})
  Destination:            u_persp/depth_v1_reg[21]/D
                            (rising edge-triggered cell FDRE clocked by clk  {rise@0.000ns fall@4.750ns period=9.500ns})
  Path Group:             clk
  Path Type:              Setup (Max at Slow Process Corner)
  Requirement:            9.500ns  (clk rise@9.500ns - clk rise@0.000ns)
  Data Path Delay:        9.797ns  (logic 4.850ns (49.504%)  route 4.947ns (50.496%))
  Logic Levels:           15  (CARRY4=9 LUT1=1 LUT2=1 LUT3=2 LUT4=1 LUT5=1)
  Clock Path Skew:        -0.150ns (DCD - SCD + CPR)
    Destination Clock Delay (DCD):    1.520ns = ( 11.020 - 9.500 ) 
    Source Clock Delay      (SCD):    1.670ns
    Clock Pessimism Removal (CPR):    0.000ns
  Clock Uncertainty:      0.035ns  ((TSJ^2 + TIJ^2)^1/2 + DJ) / 2 + PE
    Total System Jitter     (TSJ):    0.071ns
    Total Input Jitter      (TIJ):    0.000ns
    Discrete Jitter          (DJ):    0.000ns
    Phase Error              (PE):    0.000ns

    Location             Delay type                Incr(ns)  Path(ns)    Netlist Resource(s)
  -------------------------------------------------------------------    -------------------
                         (clock clk rise edge)        0.000     0.000 r  <hidden>
                                                      0.000     0.000 r  clk
                         net (fo=9811, unset)         1.670     1.670    u_persp/clk
    SLICE_X33Y47         FDRE                                         r  u_persp/pz2_reg[44]/C
  -------------------------------------------------------------------    -------------------
    SLICE_X33Y47         FDRE (Prop_fdre_C_Q)         0.456     2.126 f  u_persp/pz2_reg[44]/Q
                         net (fo=2, routed)           0.686     2.812    u_persp/nz[20]
    SLICE_X33Y48         LUT1 (Prop_lut1_I0_O)        0.124     2.936 r  u_persp/depth_v1[20]_i_35/O
                         net (fo=1, routed)           0.000     2.936    u_persp/depth_v1[20]_i_35_n_0
    SLICE_X33Y48         CARRY4 (Prop_carry4_S[1]_CO[3])
                                                      0.550     3.486 r  u_persp/depth_v1_reg[20]_i_17/CO[3]
                         net (fo=1, routed)           0.000     3.486    u_persp/depth_v1_reg[20]_i_17_n_0
    SLICE_X33Y49         CARRY4 (Prop_carry4_CI_CO[3])
                                                      0.114     3.600 r  u_persp/depth_v1_reg[20]_i_15/CO[3]
                         net (fo=1, routed)           0.001     3.601    u_persp/depth_v1_reg[20]_i_15_n_0
    SLICE_X33Y50         CARRY4 (Prop_carry4_CI_O[1])
                                                      0.334     3.935 r  u_persp/depth_v1_reg[28]_i_22/O[1]
                         net (fo=16, routed)          0.929     4.863    u_persp/depth_full1[28]
    SLICE_X27Y50         LUT2 (Prop_lut2_I1_O)        0.303     5.166 r  u_persp/depth_v1[16]_i_39/O
                         net (fo=1, routed)           0.000     5.166    u_persp/depth_v1[16]_i_39_n_0
    SLICE_X27Y50         CARRY4 (Prop_carry4_S[0]_CO[3])
                                                      0.532     5.698 r  u_persp/depth_v1_reg[16]_i_33/CO[3]
                         net (fo=1, routed)           0.000     5.698    u_persp/depth_v1_reg[16]_i_33_n_0
    SLICE_X27Y51         CARRY4 (Prop_carry4_CI_O[0])
                                                      0.222     5.920 r  u_persp/depth_v1_reg[20]_i_36/O[0]
                         net (fo=2, routed)           0.762     6.683    u_persp/depth_v1_reg[20]_i_36_n_7
    SLICE_X31Y55         LUT3 (Prop_lut3_I1_O)        0.299     6.982 r  u_persp/depth_v1[20]_i_30/O
                         net (fo=2, routed)           0.636     7.618    u_persp/depth_v1[20]_i_30_n_0
    SLICE_X29Y56         LUT4 (Prop_lut4_I3_O)        0.124     7.742 r  u_persp/depth_v1[20]_i_34/O
                         net (fo=1, routed)           0.000     7.742    u_persp/depth_v1[20]_i_34_n_0
    SLICE_X29Y56         CARRY4 (Prop_carry4_S[0]_CO[3])
                                                      0.532     8.274 r  u_persp/depth_v1_reg[20]_i_13/CO[3]
                         net (fo=1, routed)           0.000     8.274    u_persp/depth_v1_reg[20]_i_13_n_0
    SLICE_X29Y57         CARRY4 (Prop_carry4_CI_O[0])
                                                      0.222     8.496 r  u_persp/depth_v1_reg[24]_i_13/O[0]
                         net (fo=4, routed)           0.592     9.087    u_persp/depth_v1_reg[24]_i_13_n_7
    SLICE_X32Y56         LUT3 (Prop_lut3_I1_O)        0.299     9.386 r  u_persp/depth_v1[20]_i_11/O
                         net (fo=3, routed)           0.468     9.855    u_persp/depth_v1[20]_i_11_n_0
    SLICE_X34Y54         LUT5 (Prop_lut5_I1_O)        0.124     9.979 r  u_persp/depth_v1[20]_i_2/O
                         net (fo=1, routed)           0.873    10.852    u_persp/depth_v1[20]_i_2_n_0
    SLICE_X26Y52         CARRY4 (Prop_carry4_DI[3]_CO[3])
                                                      0.396    11.248 r  u_persp/depth_v1_reg[20]_i_1/CO[3]
                         net (fo=1, routed)           0.000    11.248    u_persp/depth_v1_reg[20]_i_1_n_0
    SLICE_X26Y53         CARRY4 (Prop_carry4_CI_O[0])
                                                      0.219    11.467 r  u_persp/depth_v1_reg[24]_i_1/O[0]
                         net (fo=1, routed)           0.000    11.467    u_persp/depth_v1_reg[24]_i_1_n_7
    SLICE_X26Y53         FDRE                                         r  u_persp/depth_v1_reg[21]/D
  -------------------------------------------------------------------    -------------------

                         (clock clk rise edge)        9.500     9.500 r  <hidden>
                                                      0.000     9.500 r  clk
                         net (fo=9811, unset)         1.520    11.020    u_persp/clk
    SLICE_X26Y53         FDRE                                         r  u_persp/depth_v1_reg[21]/C
                         clock pessimism              0.000    11.020    <hidden>
                         clock uncertainty           -0.035    10.985    <hidden>
    SLICE_X26Y53         FDRE (Setup_fdre_C_D)        0.109    11.094    u_persp/depth_v1_reg[21]
  -------------------------------------------------------------------
                         required time                         11.094    <hidden>
                         arrival time                         -11.467    <hidden>
  -------------------------------------------------------------------
                         slack                                 -0.373    <hidden>

Slack (VIOLATED) :        -0.328ns  (required time - arrival time)
  Source:                 u_persp/pz2_reg[44]/C
                            (rising edge-triggered cell FDRE clocked by clk  {rise@0.000ns fall@4.750ns period=9.500ns})
  Destination:            u_persp/depth_v1_reg[18]/D
                            (rising edge-triggered cell FDRE clocked by clk  {rise@0.000ns fall@4.750ns period=9.500ns})
  Path Group:             clk
  Path Type:              Setup (Max at Slow Process Corner)
  Requirement:            9.500ns  (clk rise@9.500ns - clk rise@0.000ns)
  Data Path Delay:        9.753ns  (logic 5.078ns (52.067%)  route 4.675ns (47.933%))
  Logic Levels:           15  (CARRY4=8 LUT1=1 LUT2=1 LUT3=2 LUT4=1 LUT5=1 LUT6=1)
  Clock Path Skew:        -0.149ns (DCD - SCD + CPR)
    Destination Clock Delay (DCD):    1.521ns = ( 11.021 - 9.500 ) 
    Source Clock Delay      (SCD):    1.670ns
    Clock Pessimism Removal (CPR):    0.000ns
  Clock Uncertainty:      0.035ns  ((TSJ^2 + TIJ^2)^1/2 + DJ) / 2 + PE
    Total System Jitter     (TSJ):    0.071ns
    Total Input Jitter      (TIJ):    0.000ns
    Discrete Jitter          (DJ):    0.000ns
    Phase Error              (PE):    0.000ns

    Location             Delay type                Incr(ns)  Path(ns)    Netlist Resource(s)
  -------------------------------------------------------------------    -------------------
                         (clock clk rise edge)        0.000     0.000 r  <hidden>
                                                      0.000     0.000 r  clk
                         net (fo=9811, unset)         1.670     1.670    u_persp/clk
    SLICE_X33Y47         FDRE                                         r  u_persp/pz2_reg[44]/C
  -------------------------------------------------------------------    -------------------
    SLICE_X33Y47         FDRE (Prop_fdre_C_Q)         0.456     2.126 f  u_persp/pz2_reg[44]/Q
                         net (fo=2, routed)           0.686     2.812    u_persp/nz[20]
    SLICE_X33Y48         LUT1 (Prop_lut1_I0_O)        0.124     2.936 r  u_persp/depth_v1[20]_i_35/O
                         net (fo=1, routed)           0.000     2.936    u_persp/depth_v1[20]_i_35_n_0
    SLICE_X33Y48         CARRY4 (Prop_carry4_S[1]_CO[3])
                                                      0.550     3.486 r  u_persp/depth_v1_reg[20]_i_17/CO[3]
                         net (fo=1, routed)           0.000     3.486    u_persp/depth_v1_reg[20]_i_17_n_0
    SLICE_X33Y49         CARRY4 (Prop_carry4_CI_O[1])
                                                      0.334     3.820 r  u_persp/depth_v1_reg[20]_i_15/O[1]
                         net (fo=16, routed)          0.901     4.721    u_persp/depth_full1[24]
    SLICE_X27Y49         LUT2 (Prop_lut2_I1_O)        0.303     5.024 r  u_persp/depth_v1[12]_i_39/O
                         net (fo=1, routed)           0.000     5.024    u_persp/depth_v1[12]_i_39_n_0
    SLICE_X27Y49         CARRY4 (Prop_carry4_S[0]_CO[3])
                                                      0.532     5.556 r  u_persp/depth_v1_reg[12]_i_33/CO[3]
                         net (fo=1, routed)           0.001     5.557    u_persp/depth_v1_reg[12]_i_33_n_0
    SLICE_X27Y50         CARRY4 (Prop_carry4_CI_O[1])
                                                      0.334     5.891 r  u_persp/depth_v1_reg[16]_i_33/O[1]
                         net (fo=2, routed)           0.739     6.630    u_persp/depth_v1_reg[16]_i_33_n_6
    SLICE_X30Y54         LUT3 (Prop_lut3_I1_O)        0.303     6.933 r  u_persp/depth_v1[16]_i_27/O
                         net (fo=2, routed)           0.313     7.247    u_persp/depth_v1[16]_i_27_n_0
    SLICE_X29Y55         LUT4 (Prop_lut4_I3_O)        0.124     7.371 r  u_persp/depth_v1[16]_i_31/O
                         net (fo=1, routed)           0.000     7.371    u_persp/depth_v1[16]_i_31_n_0
    SLICE_X29Y55         CARRY4 (Prop_carry4_S[1]_CO[3])
                                                      0.550     7.921 r  u_persp/depth_v1_reg[16]_i_13/CO[3]
                         net (fo=1, routed)           0.000     7.921    u_persp/depth_v1_reg[16]_i_13_n_0
    SLICE_X29Y56         CARRY4 (Prop_carry4_CI_O[0])
                                                      0.222     8.143 r  u_persp/depth_v1_reg[20]_i_13/O[0]
                         net (fo=3, routed)           0.908     9.050    u_persp/depth_v1_reg[20]_i_13_n_7
    SLICE_X22Y49         LUT3 (Prop_lut3_I1_O)        0.299     9.349 r  u_persp/depth_v1[16]_i_11/O
                         net (fo=2, routed)           0.300     9.649    u_persp/depth_v1[16]_i_11_n_0
    SLICE_X23Y49         LUT5 (Prop_lut5_I1_O)        0.124     9.773 r  u_persp/depth_v1[16]_i_2/O
                         net (fo=2, routed)           0.827    10.600    u_persp/depth_v1[16]_i_2_n_0
    SLICE_X26Y51         LUT6 (Prop_lut6_I0_O)        0.124    10.724 r  u_persp/depth_v1[16]_i_6/O
                         net (fo=1, routed)           0.000    10.724    u_persp/depth_v1[16]_i_6_n_0
    SLICE_X26Y51         CARRY4 (Prop_carry4_S[3]_CO[3])
                                                      0.376    11.100 r  u_persp/depth_v1_reg[16]_i_1/CO[3]
                         net (fo=1, routed)           0.000    11.100    u_persp/depth_v1_reg[16]_i_1_n_0
    SLICE_X26Y52         CARRY4 (Prop_carry4_CI_O[1])
                                                      0.323    11.423 r  u_persp/depth_v1_reg[20]_i_1/O[1]
                         net (fo=1, routed)           0.000    11.423    u_persp/depth_v1_reg[20]_i_1_n_6
    SLICE_X26Y52         FDRE                                         r  u_persp/depth_v1_reg[18]/D
  -------------------------------------------------------------------    -------------------

                         (clock clk rise edge)        9.500     9.500 r  <hidden>
                                                      0.000     9.500 r  clk
                         net (fo=9811, unset)         1.521    11.021    u_persp/clk
    SLICE_X26Y52         FDRE                                         r  u_persp/depth_v1_reg[18]/C
                         clock pessimism              0.000    11.021    <hidden>
                         clock uncertainty           -0.035    10.986    <hidden>
    SLICE_X26Y52         FDRE (Setup_fdre_C_D)        0.109    11.095    u_persp/depth_v1_reg[18]
  -------------------------------------------------------------------
                         required time                         11.095    <hidden>
                         arrival time                         -11.423    <hidden>
  -------------------------------------------------------------------
                         slack                                 -0.328    <hidden>

Slack (VIOLATED) :        -0.320ns  (required time - arrival time)
  Source:                 u_persp/pz2_reg[44]/C
                            (rising edge-triggered cell FDRE clocked by clk  {rise@0.000ns fall@4.750ns period=9.500ns})
  Destination:            u_persp/depth_v1_reg[20]/D
                            (rising edge-triggered cell FDRE clocked by clk  {rise@0.000ns fall@4.750ns period=9.500ns})
  Path Group:             clk
  Path Type:              Setup (Max at Slow Process Corner)
  Requirement:            9.500ns  (clk rise@9.500ns - clk rise@0.000ns)
  Data Path Delay:        9.745ns  (logic 5.070ns (52.027%)  route 4.675ns (47.973%))
  Logic Levels:           15  (CARRY4=8 LUT1=1 LUT2=1 LUT3=2 LUT4=1 LUT5=1 LUT6=1)
  Clock Path Skew:        -0.149ns (DCD - SCD + CPR)
    Destination Clock Delay (DCD):    1.521ns = ( 11.021 - 9.500 ) 
    Source Clock Delay      (SCD):    1.670ns
    Clock Pessimism Removal (CPR):    0.000ns
  Clock Uncertainty:      0.035ns  ((TSJ^2 + TIJ^2)^1/2 + DJ) / 2 + PE
    Total System Jitter     (TSJ):    0.071ns
    Total Input Jitter      (TIJ):    0.000ns
    Discrete Jitter          (DJ):    0.000ns
    Phase Error              (PE):    0.000ns

    Location             Delay type                Incr(ns)  Path(ns)    Netlist Resource(s)
  -------------------------------------------------------------------    -------------------
                         (clock clk rise edge)        0.000     0.000 r  <hidden>
                                                      0.000     0.000 r  clk
                         net (fo=9811, unset)         1.670     1.670    u_persp/clk
    SLICE_X33Y47         FDRE                                         r  u_persp/pz2_reg[44]/C
  -------------------------------------------------------------------    -------------------
    SLICE_X33Y47         FDRE (Prop_fdre_C_Q)         0.456     2.126 f  u_persp/pz2_reg[44]/Q
                         net (fo=2, routed)           0.686     2.812    u_persp/nz[20]
    SLICE_X33Y48         LUT1 (Prop_lut1_I0_O)        0.124     2.936 r  u_persp/depth_v1[20]_i_35/O
                         net (fo=1, routed)           0.000     2.936    u_persp/depth_v1[20]_i_35_n_0
    SLICE_X33Y48         CARRY4 (Prop_carry4_S[1]_CO[3])
                                                      0.550     3.486 r  u_persp/depth_v1_reg[20]_i_17/CO[3]
                         net (fo=1, routed)           0.000     3.486    u_persp/depth_v1_reg[20]_i_17_n_0
    SLICE_X33Y49         CARRY4 (Prop_carry4_CI_O[1])
                                                      0.334     3.820 r  u_persp/depth_v1_reg[20]_i_15/O[1]
                         net (fo=16, routed)          0.901     4.721    u_persp/depth_full1[24]
    SLICE_X27Y49         LUT2 (Prop_lut2_I1_O)        0.303     5.024 r  u_persp/depth_v1[12]_i_39/O
                         net (fo=1, routed)           0.000     5.024    u_persp/depth_v1[12]_i_39_n_0
    SLICE_X27Y49         CARRY4 (Prop_carry4_S[0]_CO[3])
                                                      0.532     5.556 r  u_persp/depth_v1_reg[12]_i_33/CO[3]
                         net (fo=1, routed)           0.001     5.557    u_persp/depth_v1_reg[12]_i_33_n_0
    SLICE_X27Y50         CARRY4 (Prop_carry4_CI_O[1])
                                                      0.334     5.891 r  u_persp/depth_v1_reg[16]_i_33/O[1]
                         net (fo=2, routed)           0.739     6.630    u_persp/depth_v1_reg[16]_i_33_n_6
    SLICE_X30Y54         LUT3 (Prop_lut3_I1_O)        0.303     6.933 r  u_persp/depth_v1[16]_i_27/O
                         net (fo=2, routed)           0.313     7.247    u_persp/depth_v1[16]_i_27_n_0
    SLICE_X29Y55         LUT4 (Prop_lut4_I3_O)        0.124     7.371 r  u_persp/depth_v1[16]_i_31/O
                         net (fo=1, routed)           0.000     7.371    u_persp/depth_v1[16]_i_31_n_0
    SLICE_X29Y55         CARRY4 (Prop_carry4_S[1]_CO[3])
                                                      0.550     7.921 r  u_persp/depth_v1_reg[16]_i_13/CO[3]
                         net (fo=1, routed)           0.000     7.921    u_persp/depth_v1_reg[16]_i_13_n_0
    SLICE_X29Y56         CARRY4 (Prop_carry4_CI_O[0])
                                                      0.222     8.143 r  u_persp/depth_v1_reg[20]_i_13/O[0]
                         net (fo=3, routed)           0.908     9.050    u_persp/depth_v1_reg[20]_i_13_n_7
    SLICE_X22Y49         LUT3 (Prop_lut3_I1_O)        0.299     9.349 r  u_persp/depth_v1[16]_i_11/O
                         net (fo=2, routed)           0.300     9.649    u_persp/depth_v1[16]_i_11_n_0
    SLICE_X23Y49         LUT5 (Prop_lut5_I1_O)        0.124     9.773 r  u_persp/depth_v1[16]_i_2/O
                         net (fo=2, routed)           0.827    10.600    u_persp/depth_v1[16]_i_2_n_0
    SLICE_X26Y51         LUT6 (Prop_lut6_I0_O)        0.124    10.724 r  u_persp/depth_v1[16]_i_6/O
                         net (fo=1, routed)           0.000    10.724    u_persp/depth_v1[16]_i_6_n_0
    SLICE_X26Y51         CARRY4 (Prop_carry4_S[3]_CO[3])
                                                      0.376    11.100 r  u_persp/depth_v1_reg[16]_i_1/CO[3]
                         net (fo=1, routed)           0.000    11.100    u_persp/depth_v1_reg[16]_i_1_n_0
    SLICE_X26Y52         CARRY4 (Prop_carry4_CI_O[3])
                                                      0.315    11.415 r  u_persp/depth_v1_reg[20]_i_1/O[3]
                         net (fo=1, routed)           0.000    11.415    u_persp/depth_v1_reg[20]_i_1_n_4
    SLICE_X26Y52         FDRE                                         r  u_persp/depth_v1_reg[20]/D
  -------------------------------------------------------------------    -------------------

                         (clock clk rise edge)        9.500     9.500 r  <hidden>
                                                      0.000     9.500 r  clk
                         net (fo=9811, unset)         1.521    11.021    u_persp/clk
    SLICE_X26Y52         FDRE                                         r  u_persp/depth_v1_reg[20]/C
                         clock pessimism              0.000    11.021    <hidden>
                         clock uncertainty           -0.035    10.986    <hidden>
    SLICE_X26Y52         FDRE (Setup_fdre_C_D)        0.109    11.095    u_persp/depth_v1_reg[20]
  -------------------------------------------------------------------
                         required time                         11.095    <hidden>
                         arrival time                         -11.415    <hidden>
  -------------------------------------------------------------------
                         slack                                 -0.320    <hidden>

Slack (VIOLATED) :        -0.244ns  (required time - arrival time)
  Source:                 u_persp/pz2_reg[44]/C
                            (rising edge-triggered cell FDRE clocked by clk  {rise@0.000ns fall@4.750ns period=9.500ns})
  Destination:            u_persp/depth_v1_reg[19]/D
                            (rising edge-triggered cell FDRE clocked by clk  {rise@0.000ns fall@4.750ns period=9.500ns})
  Path Group:             clk
  Path Type:              Setup (Max at Slow Process Corner)
  Requirement:            9.500ns  (clk rise@9.500ns - clk rise@0.000ns)
  Data Path Delay:        9.669ns  (logic 4.994ns (51.650%)  route 4.675ns (48.350%))
  Logic Levels:           15  (CARRY4=8 LUT1=1 LUT2=1 LUT3=2 LUT4=1 LUT5=1 LUT6=1)
  Clock Path Skew:        -0.149ns (DCD - SCD + CPR)
    Destination Clock Delay (DCD):    1.521ns = ( 11.021 - 9.500 ) 
    Source Clock Delay      (SCD):    1.670ns
    Clock Pessimism Removal (CPR):    0.000ns
  Clock Uncertainty:      0.035ns  ((TSJ^2 + TIJ^2)^1/2 + DJ) / 2 + PE
    Total System Jitter     (TSJ):    0.071ns
    Total Input Jitter      (TIJ):    0.000ns
    Discrete Jitter          (DJ):    0.000ns
    Phase Error              (PE):    0.000ns

    Location             Delay type                Incr(ns)  Path(ns)    Netlist Resource(s)
  -------------------------------------------------------------------    -------------------
                         (clock clk rise edge)        0.000     0.000 r  <hidden>
                                                      0.000     0.000 r  clk
                         net (fo=9811, unset)         1.670     1.670    u_persp/clk
    SLICE_X33Y47         FDRE                                         r  u_persp/pz2_reg[44]/C
  -------------------------------------------------------------------    -------------------
    SLICE_X33Y47         FDRE (Prop_fdre_C_Q)         0.456     2.126 f  u_persp/pz2_reg[44]/Q
                         net (fo=2, routed)           0.686     2.812    u_persp/nz[20]
    SLICE_X33Y48         LUT1 (Prop_lut1_I0_O)        0.124     2.936 r  u_persp/depth_v1[20]_i_35/O
                         net (fo=1, routed)           0.000     2.936    u_persp/depth_v1[20]_i_35_n_0
    SLICE_X33Y48         CARRY4 (Prop_carry4_S[1]_CO[3])
                                                      0.550     3.486 r  u_persp/depth_v1_reg[20]_i_17/CO[3]
                         net (fo=1, routed)           0.000     3.486    u_persp/depth_v1_reg[20]_i_17_n_0
    SLICE_X33Y49         CARRY4 (Prop_carry4_CI_O[1])
                                                      0.334     3.820 r  u_persp/depth_v1_reg[20]_i_15/O[1]
                         net (fo=16, routed)          0.901     4.721    u_persp/depth_full1[24]
    SLICE_X27Y49         LUT2 (Prop_lut2_I1_O)        0.303     5.024 r  u_persp/depth_v1[12]_i_39/O
                         net (fo=1, routed)           0.000     5.024    u_persp/depth_v1[12]_i_39_n_0
    SLICE_X27Y49         CARRY4 (Prop_carry4_S[0]_CO[3])
                                                      0.532     5.556 r  u_persp/depth_v1_reg[12]_i_33/CO[3]
                         net (fo=1, routed)           0.001     5.557    u_persp/depth_v1_reg[12]_i_33_n_0
    SLICE_X27Y50         CARRY4 (Prop_carry4_CI_O[1])
                                                      0.334     5.891 r  u_persp/depth_v1_reg[16]_i_33/O[1]
                         net (fo=2, routed)           0.739     6.630    u_persp/depth_v1_reg[16]_i_33_n_6
    SLICE_X30Y54         LUT3 (Prop_lut3_I1_O)        0.303     6.933 r  u_persp/depth_v1[16]_i_27/O
                         net (fo=2, routed)           0.313     7.247    u_persp/depth_v1[16]_i_27_n_0
    SLICE_X29Y55         LUT4 (Prop_lut4_I3_O)        0.124     7.371 r  u_persp/depth_v1[16]_i_31/O
                         net (fo=1, routed)           0.000     7.371    u_persp/depth_v1[16]_i_31_n_0
    SLICE_X29Y55         CARRY4 (Prop_carry4_S[1]_CO[3])
                                                      0.550     7.921 r  u_persp/depth_v1_reg[16]_i_13/CO[3]
                         net (fo=1, routed)           0.000     7.921    u_persp/depth_v1_reg[16]_i_13_n_0
    SLICE_X29Y56         CARRY4 (Prop_carry4_CI_O[0])
                                                      0.222     8.143 r  u_persp/depth_v1_reg[20]_i_13/O[0]
                         net (fo=3, routed)           0.908     9.050    u_persp/depth_v1_reg[20]_i_13_n_7
    SLICE_X22Y49         LUT3 (Prop_lut3_I1_O)        0.299     9.349 r  u_persp/depth_v1[16]_i_11/O
                         net (fo=2, routed)           0.300     9.649    u_persp/depth_v1[16]_i_11_n_0
    SLICE_X23Y49         LUT5 (Prop_lut5_I1_O)        0.124     9.773 r  u_persp/depth_v1[16]_i_2/O
                         net (fo=2, routed)           0.827    10.600    u_persp/depth_v1[16]_i_2_n_0
    SLICE_X26Y51         LUT6 (Prop_lut6_I0_O)        0.124    10.724 r  u_persp/depth_v1[16]_i_6/O
                         net (fo=1, routed)           0.000    10.724    u_persp/depth_v1[16]_i_6_n_0
    SLICE_X26Y51         CARRY4 (Prop_carry4_S[3]_CO[3])
                                                      0.376    11.100 r  u_persp/depth_v1_reg[16]_i_1/CO[3]
                         net (fo=1, routed)           0.000    11.100    u_persp/depth_v1_reg[16]_i_1_n_0
    SLICE_X26Y52         CARRY4 (Prop_carry4_CI_O[2])
                                                      0.239    11.339 r  u_persp/depth_v1_reg[20]_i_1/O[2]
                         net (fo=1, routed)           0.000    11.339    u_persp/depth_v1_reg[20]_i_1_n_5
    SLICE_X26Y52         FDRE                                         r  u_persp/depth_v1_reg[19]/D
  -------------------------------------------------------------------    -------------------

                         (clock clk rise edge)        9.500     9.500 r  <hidden>
                                                      0.000     9.500 r  clk
                         net (fo=9811, unset)         1.521    11.021    u_persp/clk
    SLICE_X26Y52         FDRE                                         r  u_persp/depth_v1_reg[19]/C
                         clock pessimism              0.000    11.021    <hidden>
                         clock uncertainty           -0.035    10.986    <hidden>
    SLICE_X26Y52         FDRE (Setup_fdre_C_D)        0.109    11.095    u_persp/depth_v1_reg[19]
  -------------------------------------------------------------------
                         required time                         11.095    <hidden>
                         arrival time                         -11.339    <hidden>
  -------------------------------------------------------------------
                         slack                                 -0.244    <hidden>

Slack (VIOLATED) :        -0.224ns  (required time - arrival time)
  Source:                 u_persp/pz2_reg[44]/C
                            (rising edge-triggered cell FDRE clocked by clk  {rise@0.000ns fall@4.750ns period=9.500ns})
  Destination:            u_persp/depth_v1_reg[17]/D
                            (rising edge-triggered cell FDRE clocked by clk  {rise@0.000ns fall@4.750ns period=9.500ns})
  Path Group:             clk
  Path Type:              Setup (Max at Slow Process Corner)
  Requirement:            9.500ns  (clk rise@9.500ns - clk rise@0.000ns)
  Data Path Delay:        9.649ns  (logic 4.974ns (51.550%)  route 4.675ns (48.450%))
  Logic Levels:           15  (CARRY4=8 LUT1=1 LUT2=1 LUT3=2 LUT4=1 LUT5=1 LUT6=1)
  Clock Path Skew:        -0.149ns (DCD - SCD + CPR)
    Destination Clock Delay (DCD):    1.521ns = ( 11.021 - 9.500 ) 
    Source Clock Delay      (SCD):    1.670ns
    Clock Pessimism Removal (CPR):    0.000ns
  Clock Uncertainty:      0.035ns  ((TSJ^2 + TIJ^2)^1/2 + DJ) / 2 + PE
    Total System Jitter     (TSJ):    0.071ns
    Total Input Jitter      (TIJ):    0.000ns
    Discrete Jitter          (DJ):    0.000ns
    Phase Error              (PE):    0.000ns

    Location             Delay type                Incr(ns)  Path(ns)    Netlist Resource(s)
  -------------------------------------------------------------------    -------------------
                         (clock clk rise edge)        0.000     0.000 r  <hidden>
                                                      0.000     0.000 r  clk
                         net (fo=9811, unset)         1.670     1.670    u_persp/clk
    SLICE_X33Y47         FDRE                                         r  u_persp/pz2_reg[44]/C
  -------------------------------------------------------------------    -------------------
    SLICE_X33Y47         FDRE (Prop_fdre_C_Q)         0.456     2.126 f  u_persp/pz2_reg[44]/Q
                         net (fo=2, routed)           0.686     2.812    u_persp/nz[20]
    SLICE_X33Y48         LUT1 (Prop_lut1_I0_O)        0.124     2.936 r  u_persp/depth_v1[20]_i_35/O
                         net (fo=1, routed)           0.000     2.936    u_persp/depth_v1[20]_i_35_n_0
    SLICE_X33Y48         CARRY4 (Prop_carry4_S[1]_CO[3])
                                                      0.550     3.486 r  u_persp/depth_v1_reg[20]_i_17/CO[3]
                         net (fo=1, routed)           0.000     3.486    u_persp/depth_v1_reg[20]_i_17_n_0
    SLICE_X33Y49         CARRY4 (Prop_carry4_CI_O[1])
                                                      0.334     3.820 r  u_persp/depth_v1_reg[20]_i_15/O[1]
                         net (fo=16, routed)          0.901     4.721    u_persp/depth_full1[24]
    SLICE_X27Y49         LUT2 (Prop_lut2_I1_O)        0.303     5.024 r  u_persp/depth_v1[12]_i_39/O
                         net (fo=1, routed)           0.000     5.024    u_persp/depth_v1[12]_i_39_n_0
    SLICE_X27Y49         CARRY4 (Prop_carry4_S[0]_CO[3])
                                                      0.532     5.556 r  u_persp/depth_v1_reg[12]_i_33/CO[3]
                         net (fo=1, routed)           0.001     5.557    u_persp/depth_v1_reg[12]_i_33_n_0
    SLICE_X27Y50         CARRY4 (Prop_carry4_CI_O[1])
                                                      0.334     5.891 r  u_persp/depth_v1_reg[16]_i_33/O[1]
                         net (fo=2, routed)           0.739     6.630    u_persp/depth_v1_reg[16]_i_33_n_6
    SLICE_X30Y54         LUT3 (Prop_lut3_I1_O)        0.303     6.933 r  u_persp/depth_v1[16]_i_27/O
                         net (fo=2, routed)           0.313     7.247    u_persp/depth_v1[16]_i_27_n_0
    SLICE_X29Y55         LUT4 (Prop_lut4_I3_O)        0.124     7.371 r  u_persp/depth_v1[16]_i_31/O
                         net (fo=1, routed)           0.000     7.371    u_persp/depth_v1[16]_i_31_n_0
    SLICE_X29Y55         CARRY4 (Prop_carry4_S[1]_CO[3])
                                                      0.550     7.921 r  u_persp/depth_v1_reg[16]_i_13/CO[3]
                         net (fo=1, routed)           0.000     7.921    u_persp/depth_v1_reg[16]_i_13_n_0
    SLICE_X29Y56         CARRY4 (Prop_carry4_CI_O[0])
                                                      0.222     8.143 r  u_persp/depth_v1_reg[20]_i_13/O[0]
                         net (fo=3, routed)           0.908     9.050    u_persp/depth_v1_reg[20]_i_13_n_7
    SLICE_X22Y49         LUT3 (Prop_lut3_I1_O)        0.299     9.349 r  u_persp/depth_v1[16]_i_11/O
                         net (fo=2, routed)           0.300     9.649    u_persp/depth_v1[16]_i_11_n_0
    SLICE_X23Y49         LUT5 (Prop_lut5_I1_O)        0.124     9.773 r  u_persp/depth_v1[16]_i_2/O
                         net (fo=2, routed)           0.827    10.600    u_persp/depth_v1[16]_i_2_n_0
    SLICE_X26Y51         LUT6 (Prop_lut6_I0_O)        0.124    10.724 r  u_persp/depth_v1[16]_i_6/O
                         net (fo=1, routed)           0.000    10.724    u_persp/depth_v1[16]_i_6_n_0
    SLICE_X26Y51         CARRY4 (Prop_carry4_S[3]_CO[3])
                                                      0.376    11.100 r  u_persp/depth_v1_reg[16]_i_1/CO[3]
                         net (fo=1, routed)           0.000    11.100    u_persp/depth_v1_reg[16]_i_1_n_0
    SLICE_X26Y52         CARRY4 (Prop_carry4_CI_O[0])
                                                      0.219    11.319 r  u_persp/depth_v1_reg[20]_i_1/O[0]
                         net (fo=1, routed)           0.000    11.319    u_persp/depth_v1_reg[20]_i_1_n_7
    SLICE_X26Y52         FDRE                                         r  u_persp/depth_v1_reg[17]/D
  -------------------------------------------------------------------    -------------------

                         (clock clk rise edge)        9.500     9.500 r  <hidden>
                                                      0.000     9.500 r  clk
                         net (fo=9811, unset)         1.521    11.021    u_persp/clk
    SLICE_X26Y52         FDRE                                         r  u_persp/depth_v1_reg[17]/C
                         clock pessimism              0.000    11.021    <hidden>
                         clock uncertainty           -0.035    10.986    <hidden>
    SLICE_X26Y52         FDRE (Setup_fdre_C_D)        0.109    11.095    u_persp/depth_v1_reg[17]
  -------------------------------------------------------------------
                         required time                         11.095    <hidden>
                         arrival time                         -11.319    <hidden>
  -------------------------------------------------------------------
                         slack                                 -0.224    <hidden>





Min Delay Paths
--------------------------------------------------------------------------------------
Slack (MET) :             0.031ns  (arrival time - required time)
  Source:                 u_persp/u_recip/g_stage[4].div_reg[5][29]/C
                            (rising edge-triggered cell FDRE clocked by clk  {rise@0.000ns fall@4.750ns period=9.500ns})
  Destination:            u_persp/u_recip/g_stage[5].div_reg[6][29]/D
                            (rising edge-triggered cell FDRE clocked by clk  {rise@0.000ns fall@4.750ns period=9.500ns})
  Path Group:             clk
  Path Type:              Hold (Min at Fast Process Corner)
  Requirement:            0.000ns  (clk rise@0.000ns - clk rise@0.000ns)
  Data Path Delay:        0.369ns  (logic 0.141ns (38.220%)  route 0.228ns (61.780%))
  Logic Levels:           0  
  Clock Path Skew:        0.268ns (DCD - SCD - CPR)
    Destination Clock Delay (DCD):    0.824ns
    Source Clock Delay      (SCD):    0.551ns
    Clock Pessimism Removal (CPR):    0.005ns

    Location             Delay type                Incr(ns)  Path(ns)    Netlist Resource(s)
  -------------------------------------------------------------------    -------------------
                         (clock clk rise edge)        0.000     0.000 r  <hidden>
                                                      0.000     0.000 r  clk
                         net (fo=9811, unset)         0.551     0.551    u_persp/u_recip/clk
    SLICE_X51Y53         FDRE                                         r  u_persp/u_recip/g_stage[4].div_reg[5][29]/C
  -------------------------------------------------------------------    -------------------
    SLICE_X51Y53         FDRE (Prop_fdre_C_Q)         0.141     0.692 r  u_persp/u_recip/g_stage[4].div_reg[5][29]/Q
                         net (fo=4, routed)           0.228     0.920    u_persp/u_recip/g_stage[4].div_reg[5]_6[29]
    SLICE_X48Y51         FDRE                                         r  u_persp/u_recip/g_stage[5].div_reg[6][29]/D
  -------------------------------------------------------------------    -------------------

                         (clock clk rise edge)        0.000     0.000 r  <hidden>
                                                      0.000     0.000 r  clk
                         net (fo=9811, unset)         0.824     0.824    u_persp/u_recip/clk
    SLICE_X48Y51         FDRE                                         r  u_persp/u_recip/g_stage[5].div_reg[6][29]/C
                         clock pessimism             -0.005     0.819    <hidden>
    SLICE_X48Y51         FDRE (Hold_fdre_C_D)         0.070     0.889    u_persp/u_recip/g_stage[5].div_reg[6][29]
  -------------------------------------------------------------------
                         required time                         -0.889    <hidden>
                         arrival time                           0.920    <hidden>
  -------------------------------------------------------------------
                         slack                                  0.031    <hidden>

Slack (MET) :             0.032ns  (arrival time - required time)
  Source:                 u_setup/dxe_reg[2][4]/C
                            (rising edge-triggered cell FDRE clocked by clk  {rise@0.000ns fall@4.750ns period=9.500ns})
  Destination:            u_setup/out_ey_reg[2][8]/D
                            (rising edge-triggered cell FDRE clocked by clk  {rise@0.000ns fall@4.750ns period=9.500ns})
  Path Group:             clk
  Path Type:              Hold (Min at Fast Process Corner)
  Requirement:            0.000ns  (clk rise@0.000ns - clk rise@0.000ns)
  Data Path Delay:        0.354ns  (logic 0.164ns (46.305%)  route 0.190ns (53.695%))
  Logic Levels:           0  
  Clock Path Skew:        0.258ns (DCD - SCD - CPR)
    Destination Clock Delay (DCD):    0.812ns
    Source Clock Delay      (SCD):    0.549ns
    Clock Pessimism Removal (CPR):    0.005ns

    Location             Delay type                Incr(ns)  Path(ns)    Netlist Resource(s)
  -------------------------------------------------------------------    -------------------
                         (clock clk rise edge)        0.000     0.000 r  <hidden>
                                                      0.000     0.000 r  clk
                         net (fo=9811, unset)         0.549     0.549    u_setup/clk
    SLICE_X42Y67         FDRE                                         r  u_setup/dxe_reg[2][4]/C
  -------------------------------------------------------------------    -------------------
    SLICE_X42Y67         FDRE (Prop_fdre_C_Q)         0.164     0.713 r  u_setup/dxe_reg[2][4]/Q
                         net (fo=2, routed)           0.190     0.903    u_setup/dxe_reg[2]_10[4]
    SLICE_X50Y66         FDRE                                         r  u_setup/out_ey_reg[2][8]/D
  -------------------------------------------------------------------    -------------------

                         (clock clk rise edge)        0.000     0.000 r  <hidden>
                                                      0.000     0.000 r  clk
                         net (fo=9811, unset)         0.812     0.812    u_setup/clk
    SLICE_X50Y66         FDRE                                         r  u_setup/out_ey_reg[2][8]/C
                         clock pessimism             -0.005     0.807    <hidden>
    SLICE_X50Y66         FDRE (Hold_fdre_C_D)         0.064     0.871    u_setup/out_ey_reg[2][8]
  -------------------------------------------------------------------
                         required time                         -0.871    <hidden>
                         arrival time                           0.903    <hidden>
  -------------------------------------------------------------------
                         slack                                  0.032    <hidden>

Slack (MET) :             0.037ns  (arrival time - required time)
  Source:                 u_setup/out_px0_reg[1]/C
                            (rising edge-triggered cell FDRE clocked by clk  {rise@0.000ns fall@4.750ns period=9.500ns})
  Destination:            u_rast/t_x_reg[1]/D
                            (rising edge-triggered cell FDRE clocked by clk  {rise@0.000ns fall@4.750ns period=9.500ns})
  Path Group:             clk
  Path Type:              Hold (Min at Fast Process Corner)
  Requirement:            0.000ns  (clk rise@0.000ns - clk rise@0.000ns)
  Data Path Delay:        0.412ns  (logic 0.186ns (45.112%)  route 0.226ns (54.888%))
  Logic Levels:           1  (LUT5=1)
  Clock Path Skew:        0.254ns (DCD - SCD - CPR)
    Destination Clock Delay (DCD):    0.808ns
    Source Clock Delay      (SCD):    0.549ns
    Clock Pessimism Removal (CPR):    0.005ns

    Location             Delay type                Incr(ns)  Path(ns)    Netlist Resource(s)
  -------------------------------------------------------------------    -------------------
                         (clock clk rise edge)        0.000     0.000 r  <hidden>
                                                      0.000     0.000 r  clk
                         net (fo=9811, unset)         0.549     0.549    u_setup/clk
    SLICE_X47Y67         FDRE                                         r  u_setup/out_px0_reg[1]/C
  -------------------------------------------------------------------    -------------------
    SLICE_X47Y67         FDRE (Prop_fdre_C_Q)         0.141     0.690 r  u_setup/out_px0_reg[1]/Q
                         net (fo=2, routed)           0.226     0.916    u_rast/Q[1]
    SLICE_X50Y70         LUT5 (Prop_lut5_I0_O)        0.045     0.961 r  u_rast/t_x[1]_i_1/O
                         net (fo=1, routed)           0.000     0.961    u_rast/p_1_in__0[1]
    SLICE_X50Y70         FDRE                                         r  u_rast/t_x_reg[1]/D
  -------------------------------------------------------------------    -------------------

                         (clock clk rise edge)        0.000     0.000 r  <hidden>
                                                      0.000     0.000 r  clk
                         net (fo=9811, unset)         0.808     0.808    u_rast/clk
    SLICE_X50Y70         FDRE                                         r  u_rast/t_x_reg[1]/C
                         clock pessimism             -0.005     0.803    <hidden>
    SLICE_X50Y70         FDRE (Hold_fdre_C_D)         0.121     0.924    u_rast/t_x_reg[1]
  -------------------------------------------------------------------
                         required time                         -0.924    <hidden>
                         arrival time                           0.961    <hidden>
  -------------------------------------------------------------------
                         slack                                  0.037    <hidden>

Slack (MET) :             0.039ns  (arrival time - required time)
  Source:                 u_fetch/asm_words_reg[60]/C
                            (rising edge-triggered cell FDRE clocked by clk  {rise@0.000ns fall@4.750ns period=9.500ns})
  Destination:            u_fetch/fifo_mem_reg_0/DIBDI[28]
                            (rising edge-triggered cell RAMB36E1 clocked by clk  {rise@0.000ns fall@4.750ns period=9.500ns})
  Path Group:             clk
  Path Type:              Hold (Min at Fast Process Corner)
  Requirement:            0.000ns  (clk rise@0.000ns - clk rise@0.000ns)
  Data Path Delay:        0.250ns  (logic 0.141ns (56.442%)  route 0.109ns (43.558%))
  Logic Levels:           0  
  Clock Path Skew:        0.055ns (DCD - SCD - CPR)
    Destination Clock Delay (DCD):    0.897ns
    Source Clock Delay      (SCD):    0.589ns
    Clock Pessimism Removal (CPR):    0.253ns

    Location             Delay type                Incr(ns)  Path(ns)    Netlist Resource(s)
  -------------------------------------------------------------------    -------------------
                         (clock clk rise edge)        0.000     0.000 r  <hidden>
                                                      0.000     0.000 r  clk
                         net (fo=9811, unset)         0.589     0.589    u_fetch/clk
    SLICE_X23Y16         FDRE                                         r  u_fetch/asm_words_reg[60]/C
  -------------------------------------------------------------------    -------------------
    SLICE_X23Y16         FDRE (Prop_fdre_C_Q)         0.141     0.730 r  u_fetch/asm_words_reg[60]/Q
                         net (fo=1, routed)           0.109     0.839    u_fetch/asm_words_reg_n_0_[60]
    RAMB36_X1Y3          RAMB36E1                                     r  u_fetch/fifo_mem_reg_0/DIBDI[28]
  -------------------------------------------------------------------    -------------------

                         (clock clk rise edge)        0.000     0.000 r  <hidden>
                                                      0.000     0.000 r  clk
                         net (fo=9811, unset)         0.897     0.897    u_fetch/clk
    RAMB36_X1Y3          RAMB36E1                                     r  u_fetch/fifo_mem_reg_0/CLKBWRCLK
                         clock pessimism             -0.253     0.644    <hidden>
    RAMB36_X1Y3          RAMB36E1 (Hold_ramb36e1_CLKBWRCLK_DIBDI[28])
                                                      0.155     0.799    u_fetch/fifo_mem_reg_0
  -------------------------------------------------------------------
                         required time                         -0.799    <hidden>
                         arrival time                           0.839    <hidden>
  -------------------------------------------------------------------
                         slack                                  0.039    <hidden>

Slack (MET) :             0.042ns  (arrival time - required time)
  Source:                 u_geom/color_i_reg[15]/C
                            (rising edge-triggered cell FDRE clocked by clk  {rise@0.000ns fall@4.750ns period=9.500ns})
  Destination:            u_geom/col_s_reg[15]_srl4/D
                            (rising edge-triggered cell SRL16E clocked by clk  {rise@0.000ns fall@4.750ns period=9.500ns})
  Path Group:             clk
  Path Type:              Hold (Min at Fast Process Corner)
  Requirement:            0.000ns  (clk rise@0.000ns - clk rise@0.000ns)
  Data Path Delay:        0.241ns  (logic 0.141ns (58.447%)  route 0.100ns (41.553%))
  Logic Levels:           0  
  Clock Path Skew:        0.016ns (DCD - SCD - CPR)
    Destination Clock Delay (DCD):    0.858ns
    Source Clock Delay      (SCD):    0.589ns
    Clock Pessimism Removal (CPR):    0.253ns

    Location             Delay type                Incr(ns)  Path(ns)    Netlist Resource(s)
  -------------------------------------------------------------------    -------------------
                         (clock clk rise edge)        0.000     0.000 r  <hidden>
                                                      0.000     0.000 r  clk
                         net (fo=9811, unset)         0.589     0.589    u_geom/clk
    SLICE_X25Y42         FDRE                                         r  u_geom/color_i_reg[15]/C
  -------------------------------------------------------------------    -------------------
    SLICE_X25Y42         FDRE (Prop_fdre_C_Q)         0.141     0.730 r  u_geom/color_i_reg[15]/Q
                         net (fo=1, routed)           0.100     0.830    u_geom/color_i_reg_n_0_[15]
    SLICE_X26Y43         SRL16E                                       r  u_geom/col_s_reg[15]_srl4/D
  -------------------------------------------------------------------    -------------------

                         (clock clk rise edge)        0.000     0.000 r  <hidden>
                                                      0.000     0.000 r  clk
                         net (fo=9811, unset)         0.858     0.858    u_geom/clk
    SLICE_X26Y43         SRL16E                                       r  u_geom/col_s_reg[15]_srl4/CLK
                         clock pessimism             -0.253     0.605    <hidden>
    SLICE_X26Y43         SRL16E (Hold_srl16e_CLK_D)
                                                      0.183     0.788    u_geom/col_s_reg[15]_srl4
  -------------------------------------------------------------------
                         required time                         -0.788    <hidden>
                         arrival time                           0.830    <hidden>
  -------------------------------------------------------------------
                         slack                                  0.042    <hidden>

Slack (MET) :             0.044ns  (arrival time - required time)
  Source:                 u_persp/u_recip/g_stage[7].div_reg[8][16]/C
                            (rising edge-triggered cell FDRE clocked by clk  {rise@0.000ns fall@4.750ns period=9.500ns})
  Destination:            u_persp/u_recip/g_stage[8].div_reg[9][16]/D
                            (rising edge-triggered cell FDRE clocked by clk  {rise@0.000ns fall@4.750ns period=9.500ns})
  Path Group:             clk
  Path Type:              Hold (Min at Fast Process Corner)
  Requirement:            0.000ns  (clk rise@0.000ns - clk rise@0.000ns)
  Data Path Delay:        0.378ns  (logic 0.141ns (37.327%)  route 0.237ns (62.673%))
  Logic Levels:           0  
  Clock Path Skew:        0.262ns (DCD - SCD - CPR)
    Destination Clock Delay (DCD):    0.824ns
    Source Clock Delay      (SCD):    0.562ns
    Clock Pessimism Removal (CPR):    -0.000ns

    Location             Delay type                Incr(ns)  Path(ns)    Netlist Resource(s)
  -------------------------------------------------------------------    -------------------
                         (clock clk rise edge)        0.000     0.000 r  <hidden>
                                                      0.000     0.000 r  clk
                         net (fo=9811, unset)         0.562     0.562    u_persp/u_recip/clk
    SLICE_X43Y49         FDRE                                         r  u_persp/u_recip/g_stage[7].div_reg[8][16]/C
  -------------------------------------------------------------------    -------------------
    SLICE_X43Y49         FDRE (Prop_fdre_C_Q)         0.141     0.703 r  u_persp/u_recip/g_stage[7].div_reg[8][16]/Q
                         net (fo=4, routed)           0.237     0.940    u_persp/u_recip/g_stage[7].div_reg[8]_9[16]
    SLICE_X37Y50         FDRE                                         r  u_persp/u_recip/g_stage[8].div_reg[9][16]/D
  -------------------------------------------------------------------    -------------------

                         (clock clk rise edge)        0.000     0.000 r  <hidden>
                                                      0.000     0.000 r  clk
                         net (fo=9811, unset)         0.824     0.824    u_persp/u_recip/clk
    SLICE_X37Y50         FDRE                                         r  u_persp/u_recip/g_stage[8].div_reg[9][16]/C
                         clock pessimism              0.000     0.824    <hidden>
    SLICE_X37Y50         FDRE (Hold_fdre_C_D)         0.072     0.896    u_persp/u_recip/g_stage[8].div_reg[9][16]
  -------------------------------------------------------------------
                         required time                         -0.896    <hidden>
                         arrival time                           0.940    <hidden>
  -------------------------------------------------------------------
                         slack                                  0.044    <hidden>

Slack (MET) :             0.045ns  (arrival time - required time)
  Source:                 u_prim/out_flags_reg[0][2]/C
                            (rising edge-triggered cell FDRE clocked by clk  {rise@0.000ns fall@4.750ns period=9.500ns})
  Destination:            u_setup/vf_reg[0][2]/D
                            (rising edge-triggered cell FDRE clocked by clk  {rise@0.000ns fall@4.750ns period=9.500ns})
  Path Group:             clk
  Path Type:              Hold (Min at Fast Process Corner)
  Requirement:            0.000ns  (clk rise@0.000ns - clk rise@0.000ns)
  Data Path Delay:        0.376ns  (logic 0.141ns (37.531%)  route 0.235ns (62.469%))
  Logic Levels:           0  
  Clock Path Skew:        0.261ns (DCD - SCD - CPR)
    Destination Clock Delay (DCD):    0.819ns
    Source Clock Delay      (SCD):    0.558ns
    Clock Pessimism Removal (CPR):    -0.000ns

    Location             Delay type                Incr(ns)  Path(ns)    Netlist Resource(s)
  -------------------------------------------------------------------    -------------------
                         (clock clk rise edge)        0.000     0.000 r  <hidden>
                                                      0.000     0.000 r  clk
                         net (fo=9811, unset)         0.558     0.558    u_prim/clk
    SLICE_X53Y48         FDRE                                         r  u_prim/out_flags_reg[0][2]/C
  -------------------------------------------------------------------    -------------------
    SLICE_X53Y48         FDRE (Prop_fdre_C_Q)         0.141     0.699 r  u_prim/out_flags_reg[0][2]/Q
                         net (fo=1, routed)           0.235     0.934    u_setup/vf_reg[0][7]_0[2]
    SLICE_X53Y53         FDRE                                         r  u_setup/vf_reg[0][2]/D
  -------------------------------------------------------------------    -------------------

                         (clock clk rise edge)        0.000     0.000 r  <hidden>
                                                      0.000     0.000 r  clk
                         net (fo=9811, unset)         0.819     0.819    u_setup/clk
    SLICE_X53Y53         FDRE                                         r  u_setup/vf_reg[0][2]/C
                         clock pessimism              0.000     0.819    <hidden>
    SLICE_X53Y53         FDRE (Hold_fdre_C_D)         0.070     0.889    u_setup/vf_reg[0][2]
  -------------------------------------------------------------------
                         required time                         -0.889    <hidden>
                         arrival time                           0.934    <hidden>
  -------------------------------------------------------------------
                         slack                                  0.045    <hidden>

Slack (MET) :             0.051ns  (arrival time - required time)
  Source:                 u_rast/a_cur_reg[3][29]/C
                            (rising edge-triggered cell FDRE clocked by clk  {rise@0.000ns fall@4.750ns period=9.500ns})
  Destination:            u_rast/s_a_reg[3][29]/D
                            (rising edge-triggered cell FDRE clocked by clk  {rise@0.000ns fall@4.750ns period=9.500ns})
  Path Group:             clk
  Path Type:              Hold (Min at Fast Process Corner)
  Requirement:            0.000ns  (clk rise@0.000ns - clk rise@0.000ns)
  Data Path Delay:        0.381ns  (logic 0.141ns (36.995%)  route 0.240ns (63.005%))
  Logic Levels:           0  
  Clock Path Skew:        0.267ns (DCD - SCD - CPR)
    Destination Clock Delay (DCD):    0.816ns
    Source Clock Delay      (SCD):    0.544ns
    Clock Pessimism Removal (CPR):    0.005ns

    Location             Delay type                Incr(ns)  Path(ns)    Netlist Resource(s)
  -------------------------------------------------------------------    -------------------
                         (clock clk rise edge)        0.000     0.000 r  <hidden>
                                                      0.000     0.000 r  clk
                         net (fo=9811, unset)         0.544     0.544    u_rast/clk
    SLICE_X51Y81         FDRE                                         r  u_rast/a_cur_reg[3][29]/C
  -------------------------------------------------------------------    -------------------
    SLICE_X51Y81         FDRE (Prop_fdre_C_Q)         0.141     0.685 r  u_rast/a_cur_reg[3][29]/Q
                         net (fo=3, routed)           0.240     0.925    u_rast/a_cur_reg[3]_29[29]
    SLICE_X46Y83         FDRE                                         r  u_rast/s_a_reg[3][29]/D
  -------------------------------------------------------------------    -------------------

                         (clock clk rise edge)        0.000     0.000 r  <hidden>
                                                      0.000     0.000 r  clk
                         net (fo=9811, unset)         0.816     0.816    u_rast/clk
    SLICE_X46Y83         FDRE                                         r  u_rast/s_a_reg[3][29]/C
                         clock pessimism             -0.005     0.811    <hidden>
    SLICE_X46Y83         FDRE (Hold_fdre_C_D)         0.063     0.874    u_rast/s_a_reg[3][29]
  -------------------------------------------------------------------
                         required time                         -0.874    <hidden>
                         arrival time                           0.925    <hidden>
  -------------------------------------------------------------------
                         slack                                  0.051    <hidden>

Slack (MET) :             0.052ns  (arrival time - required time)
  Source:                 u_persp/out_flags_reg[6]__0/C
                            (rising edge-triggered cell FDRE clocked by clk  {rise@0.000ns fall@4.750ns period=9.500ns})
  Destination:            u_prim/h_flags_reg[0][6]/D
                            (rising edge-triggered cell FDRE clocked by clk  {rise@0.000ns fall@4.750ns period=9.500ns})
  Path Group:             clk
  Path Type:              Hold (Min at Fast Process Corner)
  Requirement:            0.000ns  (clk rise@0.000ns - clk rise@0.000ns)
  Data Path Delay:        0.336ns  (logic 0.148ns (44.023%)  route 0.188ns (55.977%))
  Logic Levels:           0  
  Clock Path Skew:        0.267ns (DCD - SCD - CPR)
    Destination Clock Delay (DCD):    0.823ns
    Source Clock Delay      (SCD):    0.551ns
    Clock Pessimism Removal (CPR):    0.005ns

    Location             Delay type                Incr(ns)  Path(ns)    Netlist Resource(s)
  -------------------------------------------------------------------    -------------------
                         (clock clk rise edge)        0.000     0.000 r  <hidden>
                                                      0.000     0.000 r  clk
                         net (fo=9811, unset)         0.551     0.551    u_persp/clk
    SLICE_X50Y54         FDRE                                         r  u_persp/out_flags_reg[6]__0/C
  -------------------------------------------------------------------    -------------------
    SLICE_X50Y54         FDRE (Prop_fdre_C_Q)         0.148     0.699 r  u_persp/out_flags_reg[6]__0/Q
                         net (fo=3, routed)           0.188     0.887    u_prim/h_flags_reg[1][7]_0[6]
    SLICE_X49Y54         FDRE                                         r  u_prim/h_flags_reg[0][6]/D
  -------------------------------------------------------------------    -------------------

                         (clock clk rise edge)        0.000     0.000 r  <hidden>
                                                      0.000     0.000 r  clk
                         net (fo=9811, unset)         0.823     0.823    u_prim/clk
    SLICE_X49Y54         FDRE                                         r  u_prim/h_flags_reg[0][6]/C
                         clock pessimism             -0.005     0.818    <hidden>
    SLICE_X49Y54         FDRE (Hold_fdre_C_D)         0.017     0.835    u_prim/h_flags_reg[0][6]
  -------------------------------------------------------------------
                         required time                         -0.835    <hidden>
                         arrival time                           0.887    <hidden>
  -------------------------------------------------------------------
                         slack                                  0.052    <hidden>

Slack (MET) :             0.054ns  (arrival time - required time)
  Source:                 u_setup/grad_reg[3][0][27]/C
                            (rising edge-triggered cell FDRE clocked by clk  {rise@0.000ns fall@4.750ns period=9.500ns})
  Destination:            u_setup/out_ax_reg[3][31]/D
                            (rising edge-triggered cell FDRE clocked by clk  {rise@0.000ns fall@4.750ns period=9.500ns})
  Path Group:             clk
  Path Type:              Hold (Min at Fast Process Corner)
  Requirement:            0.000ns  (clk rise@0.000ns - clk rise@0.000ns)
  Data Path Delay:        0.388ns  (logic 0.164ns (42.244%)  route 0.224ns (57.756%))
  Logic Levels:           0  
  Clock Path Skew:        0.264ns (DCD - SCD - CPR)
    Destination Clock Delay (DCD):    0.818ns
    Source Clock Delay      (SCD):    0.549ns
    Clock Pessimism Removal (CPR):    0.005ns

    Location             Delay type                Incr(ns)  Path(ns)    Netlist Resource(s)
  -------------------------------------------------------------------    -------------------
                         (clock clk rise edge)        0.000     0.000 r  <hidden>
                                                      0.000     0.000 r  clk
                         net (fo=9811, unset)         0.549     0.549    u_setup/clk
    SLICE_X50Y89         FDRE                                         r  u_setup/grad_reg[3][0][27]/C
  -------------------------------------------------------------------    -------------------
    SLICE_X50Y89         FDRE (Prop_fdre_C_Q)         0.164     0.713 r  u_setup/grad_reg[3][0][27]/Q
                         net (fo=2, routed)           0.224     0.937    u_setup/grad_reg[3][0]_17[27]
    SLICE_X48Y86         FDRE                                         r  u_setup/out_ax_reg[3][31]/D
  -------------------------------------------------------------------    -------------------

                         (clock clk rise edge)        0.000     0.000 r  <hidden>
                                                      0.000     0.000 r  clk
                         net (fo=9811, unset)         0.818     0.818    u_setup/clk
    SLICE_X48Y86         FDRE                                         r  u_setup/out_ax_reg[3][31]/C
                         clock pessimism             -0.005     0.813    <hidden>
    SLICE_X48Y86         FDRE (Hold_fdre_C_D)         0.070     0.883    u_setup/out_ax_reg[3][31]
  -------------------------------------------------------------------
                         required time                         -0.883    <hidden>
                         arrival time                           0.937    <hidden>
  -------------------------------------------------------------------
                         slack                                  0.054    <hidden>

Slack (MET) :             0.054ns  (arrival time - required time)
  Source:                 u_setup/grad_reg[2][0][10]/C
                            (rising edge-triggered cell FDRE clocked by clk  {rise@0.000ns fall@4.750ns period=9.500ns})
  Destination:            u_setup/out_ax_reg[2][14]/D
                            (rising edge-triggered cell FDRE clocked by clk  {rise@0.000ns fall@4.750ns period=9.500ns})
  Path Group:             clk
  Path Type:              Hold (Min at Fast Process Corner)
  Requirement:            0.000ns  (clk rise@0.000ns - clk rise@0.000ns)
  Data Path Delay:        0.386ns  (logic 0.141ns (36.505%)  route 0.245ns (63.495%))
  Logic Levels:           0  
  Clock Path Skew:        0.262ns (DCD - SCD - CPR)
    Destination Clock Delay (DCD):    0.808ns
    Source Clock Delay      (SCD):    0.541ns
    Clock Pessimism Removal (CPR):    0.005ns

    Location             Delay type                Incr(ns)  Path(ns)    Netlist Resource(s)
  -------------------------------------------------------------------    -------------------
                         (clock clk rise edge)        0.000     0.000 r  <hidden>
                                                      0.000     0.000 r  clk
                         net (fo=9811, unset)         0.541     0.541    u_setup/clk
    SLICE_X53Y78         FDRE                                         r  u_setup/grad_reg[2][0][10]/C
  -------------------------------------------------------------------    -------------------
    SLICE_X53Y78         FDRE (Prop_fdre_C_Q)         0.141     0.682 r  u_setup/grad_reg[2][0][10]/Q
                         net (fo=2, routed)           0.245     0.927    u_setup/grad_reg[2][0]_18[10]
    SLICE_X45Y76         FDRE                                         r  u_setup/out_ax_reg[2][14]/D
  -------------------------------------------------------------------    -------------------

                         (clock clk rise edge)        0.000     0.000 r  <hidden>
                                                      0.000     0.000 r  clk
                         net (fo=9811, unset)         0.808     0.808    u_setup/clk
    SLICE_X45Y76         FDRE                                         r  u_setup/out_ax_reg[2][14]/C
                         clock pessimism             -0.005     0.803    <hidden>
    SLICE_X45Y76         FDRE (Hold_fdre_C_D)         0.070     0.873    u_setup/out_ax_reg[2][14]
  -------------------------------------------------------------------
                         required time                         -0.873    <hidden>
                         arrival time                           0.927    <hidden>
  -------------------------------------------------------------------
                         slack                                  0.054    <hidden>

Slack (MET) :             0.056ns  (arrival time - required time)
  Source:                 u_persp/u_recip/g_stage[5].rem_reg[6][22]/C
                            (rising edge-triggered cell FDRE clocked by clk  {rise@0.000ns fall@4.750ns period=9.500ns})
  Destination:            u_persp/u_recip/g_stage[6].rem_reg[7][23]/D
                            (rising edge-triggered cell FDRE clocked by clk  {rise@0.000ns fall@4.750ns period=9.500ns})
  Path Group:             clk
  Path Type:              Hold (Min at Fast Process Corner)
  Requirement:            0.000ns  (clk rise@0.000ns - clk rise@0.000ns)
  Data Path Delay:        0.415ns  (logic 0.186ns (44.870%)  route 0.229ns (55.130%))
  Logic Levels:           1  (LUT3=1)
  Clock Path Skew:        0.267ns (DCD - SCD - CPR)
    Destination Clock Delay (DCD):    0.824ns
    Source Clock Delay      (SCD):    0.552ns
    Clock Pessimism Removal (CPR):    0.005ns

    Location             Delay type                Incr(ns)  Path(ns)    Netlist Resource(s)
  -------------------------------------------------------------------    -------------------
                         (clock clk rise edge)        0.000     0.000 r  <hidden>
                                                      0.000     0.000 r  clk
                         net (fo=9811, unset)         0.552     0.552    u_persp/u_recip/clk
    SLICE_X51Y52         FDRE                                         r  u_persp/u_recip/g_stage[5].rem_reg[6][22]/C
  -------------------------------------------------------------------    -------------------
    SLICE_X51Y52         FDRE (Prop_fdre_C_Q)         0.141     0.693 r  u_persp/u_recip/g_stage[5].rem_reg[6][22]/Q
                         net (fo=5, routed)           0.229     0.922    u_persp/u_recip/g_stage[6].shifted[23]
    SLICE_X47Y51         LUT3 (Prop_lut3_I2_O)        0.045     0.967 r  u_persp/u_recip/g_stage[6].rem[7][23]_i_1/O
                         net (fo=1, routed)           0.000     0.967    u_persp/u_recip/g_stage[6].rem[7][23]_i_1_n_0
    SLICE_X47Y51         FDRE                                         r  u_persp/u_recip/g_stage[6].rem_reg[7][23]/D
  -------------------------------------------------------------------    -------------------

                         (clock clk rise edge)        0.000     0.000 r  <hidden>
                                                      0.000     0.000 r  clk
                         net (fo=9811, unset)         0.824     0.824    u_persp/u_recip/clk
    SLICE_X47Y51         FDRE                                         r  u_persp/u_recip/g_stage[6].rem_reg[7][23]/C
                         clock pessimism             -0.005     0.819    <hidden>
    SLICE_X47Y51         FDRE (Hold_fdre_C_D)         0.092     0.911    u_persp/u_recip/g_stage[6].rem_reg[7][23]
  -------------------------------------------------------------------
                         required time                         -0.911    <hidden>
                         arrival time                           0.967    <hidden>
  -------------------------------------------------------------------
                         slack                                  0.056    <hidden>

Slack (MET) :             0.056ns  (arrival time - required time)
  Source:                 u_setup/grad_reg[2][0][18]/C
                            (rising edge-triggered cell FDRE clocked by clk  {rise@0.000ns fall@4.750ns period=9.500ns})
  Destination:            u_setup/out_ax_reg[2][22]/D
                            (rising edge-triggered cell FDRE clocked by clk  {rise@0.000ns fall@4.750ns period=9.500ns})
  Path Group:             clk
  Path Type:              Hold (Min at Fast Process Corner)
  Requirement:            0.000ns  (clk rise@0.000ns - clk rise@0.000ns)
  Data Path Delay:        0.371ns  (logic 0.141ns (38.000%)  route 0.230ns (62.000%))
  Logic Levels:           0  
  Clock Path Skew:        0.264ns (DCD - SCD - CPR)
    Destination Clock Delay (DCD):    0.813ns
    Source Clock Delay      (SCD):    0.544ns
    Clock Pessimism Removal (CPR):    0.005ns

    Location             Delay type                Incr(ns)  Path(ns)    Netlist Resource(s)
  -------------------------------------------------------------------    -------------------
                         (clock clk rise edge)        0.000     0.000 r  <hidden>
                                                      0.000     0.000 r  clk
                         net (fo=9811, unset)         0.544     0.544    u_setup/clk
    SLICE_X53Y81         FDRE                                         r  u_setup/grad_reg[2][0][18]/C
  -------------------------------------------------------------------    -------------------
    SLICE_X53Y81         FDRE (Prop_fdre_C_Q)         0.141     0.685 r  u_setup/grad_reg[2][0][18]/Q
                         net (fo=2, routed)           0.230     0.915    u_setup/grad_reg[2][0]_18[18]
    SLICE_X44Y80         FDRE                                         r  u_setup/out_ax_reg[2][22]/D
  -------------------------------------------------------------------    -------------------

                         (clock clk rise edge)        0.000     0.000 r  <hidden>
                                                      0.000     0.000 r  clk
                         net (fo=9811, unset)         0.813     0.813    u_setup/clk
    SLICE_X44Y80         FDRE                                         r  u_setup/out_ax_reg[2][22]/C
                         clock pessimism             -0.005     0.808    <hidden>
    SLICE_X44Y80         FDRE (Hold_fdre_C_D)         0.051     0.859    u_setup/out_ax_reg[2][22]
  -------------------------------------------------------------------
                         required time                         -0.859    <hidden>
                         arrival time                           0.915    <hidden>
  -------------------------------------------------------------------
                         slack                                  0.056    <hidden>

Slack (MET) :             0.058ns  (arrival time - required time)
  Source:                 u_setup/out_a0_reg[3][5]/C
                            (rising edge-triggered cell FDRE clocked by clk  {rise@0.000ns fall@4.750ns period=9.500ns})
  Destination:            u_rast/a_cur_reg[3][5]/D
                            (rising edge-triggered cell FDRE clocked by clk  {rise@0.000ns fall@4.750ns period=9.500ns})
  Path Group:             clk
  Path Type:              Hold (Min at Fast Process Corner)
  Requirement:            0.000ns  (clk rise@0.000ns - clk rise@0.000ns)
  Data Path Delay:        0.413ns  (logic 0.186ns (45.012%)  route 0.227ns (54.988%))
  Logic Levels:           1  (LUT5=1)
  Clock Path Skew:        0.264ns (DCD - SCD - CPR)
    Destination Clock Delay (DCD):    0.808ns
    Source Clock Delay      (SCD):    0.539ns
    Clock Pessimism Removal (CPR):    0.005ns

    Location             Delay type                Incr(ns)  Path(ns)    Netlist Resource(s)
  -------------------------------------------------------------------    -------------------
                         (clock clk rise edge)        0.000     0.000 r  <hidden>
                                                      0.000     0.000 r  clk
                         net (fo=9811, unset)         0.539     0.539    u_setup/clk
    SLICE_X51Y73         FDRE                                         r  u_setup/out_a0_reg[3][5]/C
  -------------------------------------------------------------------    -------------------
    SLICE_X51Y73         FDRE (Prop_fdre_C_Q)         0.141     0.680 r  u_setup/out_a0_reg[3][5]/Q
                         net (fo=2, routed)           0.227     0.907    u_rast/a_cur_reg[3][37]_0[1]
    SLICE_X48Y74         LUT5 (Prop_lut5_I0_O)        0.045     0.952 r  u_rast/a_cur[3][5]_i_1/O
                         net (fo=1, routed)           0.000     0.952    u_rast/a_cur[3][5]_i_1_n_0
    SLICE_X48Y74         FDRE                                         r  u_rast/a_cur_reg[3][5]/D
  -------------------------------------------------------------------    -------------------

                         (clock clk rise edge)        0.000     0.000 r  <hidden>
                                                      0.000     0.000 r  clk
                         net (fo=9811, unset)         0.808     0.808    u_rast/clk
    SLICE_X48Y74         FDRE                                         r  u_rast/a_cur_reg[3][5]/C
                         clock pessimism             -0.005     0.803    <hidden>
    SLICE_X48Y74         FDRE (Hold_fdre_C_D)         0.091     0.894    u_rast/a_cur_reg[3][5]
  -------------------------------------------------------------------
                         required time                         -0.894    <hidden>
                         arrival time                           0.952    <hidden>
  -------------------------------------------------------------------
                         slack                                  0.058    <hidden>

Slack (MET) :             0.060ns  (arrival time - required time)
  Source:                 u_persp/u_recip/g_stage[4].div_reg[5][1]/C
                            (rising edge-triggered cell FDRE clocked by clk  {rise@0.000ns fall@4.750ns period=9.500ns})
  Destination:            u_persp/u_recip/g_stage[5].div_reg[6][1]/D
                            (rising edge-triggered cell FDRE clocked by clk  {rise@0.000ns fall@4.750ns period=9.500ns})
  Path Group:             clk
  Path Type:              Hold (Min at Fast Process Corner)
  Requirement:            0.000ns  (clk rise@0.000ns - clk rise@0.000ns)
  Data Path Delay:        0.397ns  (logic 0.164ns (41.268%)  route 0.233ns (58.732%))
  Logic Levels:           0  
  Clock Path Skew:        0.267ns (DCD - SCD - CPR)
    Destination Clock Delay (DCD):    0.829ns
    Source Clock Delay      (SCD):    0.557ns
    Clock Pessimism Removal (CPR):    0.005ns

    Location             Delay type                Incr(ns)  Path(ns)    Netlist Resource(s)
  -------------------------------------------------------------------    -------------------
                         (clock clk rise edge)        0.000     0.000 r  <hidden>
                                                      0.000     0.000 r  clk
                         net (fo=9811, unset)         0.557     0.557    u_persp/u_recip/clk
    SLICE_X50Y46         FDRE                                         r  u_persp/u_recip/g_stage[4].div_reg[5][1]/C
  -------------------------------------------------------------------    -------------------
    SLICE_X50Y46         FDRE (Prop_fdre_C_Q)         0.164     0.721 r  u_persp/u_recip/g_stage[4].div_reg[5][1]/Q
                         net (fo=4, routed)           0.233     0.954    u_persp/u_recip/g_stage[4].div_reg[5]_6[1]
    SLICE_X49Y47         FDRE                                         r  u_persp/u_recip/g_stage[5].div_reg[6][1]/D
  -------------------------------------------------------------------    -------------------

                         (clock clk rise edge)        0.000     0.000 r  <hidden>
                                                      0.000     0.000 r  clk
                         net (fo=9811, unset)         0.829     0.829    u_persp/u_recip/clk
    SLICE_X49Y47         FDRE                                         r  u_persp/u_recip/g_stage[5].div_reg[6][1]/C
                         clock pessimism             -0.005     0.824    <hidden>
    SLICE_X49Y47         FDRE (Hold_fdre_C_D)         0.070     0.894    u_persp/u_recip/g_stage[5].div_reg[6][1]
  -------------------------------------------------------------------
                         required time                         -0.894    <hidden>
                         arrival time                           0.954    <hidden>
  -------------------------------------------------------------------
                         slack                                  0.060    <hidden>

Slack (MET) :             0.062ns  (arrival time - required time)
  Source:                 u_setup/out_a0_reg[2][36]/C
                            (rising edge-triggered cell FDRE clocked by clk  {rise@0.000ns fall@4.750ns period=9.500ns})
  Destination:            u_rast/a_cur_reg[2][36]/D
                            (rising edge-triggered cell FDRE clocked by clk  {rise@0.000ns fall@4.750ns period=9.500ns})
  Path Group:             clk
  Path Type:              Hold (Min at Fast Process Corner)
  Requirement:            0.000ns  (clk rise@0.000ns - clk rise@0.000ns)
  Data Path Delay:        0.421ns  (logic 0.186ns (44.152%)  route 0.235ns (55.848%))
  Logic Levels:           1  (LUT5=1)
  Clock Path Skew:        0.267ns (DCD - SCD - CPR)
    Destination Clock Delay (DCD):    0.818ns
    Source Clock Delay      (SCD):    0.546ns
    Clock Pessimism Removal (CPR):    0.005ns

    Location             Delay type                Incr(ns)  Path(ns)    Netlist Resource(s)
  -------------------------------------------------------------------    -------------------
                         (clock clk rise edge)        0.000     0.000 r  <hidden>
                                                      0.000     0.000 r  clk
                         net (fo=9811, unset)         0.546     0.546    u_setup/clk
    SLICE_X52Y83         FDRE                                         r  u_setup/out_a0_reg[2][36]/C
  -------------------------------------------------------------------    -------------------
    SLICE_X52Y83         FDRE (Prop_fdre_C_Q)         0.141     0.687 r  u_setup/out_a0_reg[2][36]/Q
                         net (fo=2, routed)           0.235     0.922    u_rast/a_cur_reg[2][37]_0[32]
    SLICE_X45Y85         LUT5 (Prop_lut5_I0_O)        0.045     0.967 r  u_rast/a_cur[2][36]_i_1/O
                         net (fo=1, routed)           0.000     0.967    u_rast/a_cur[2][36]_i_1_n_0
    SLICE_X45Y85         FDRE                                         r  u_rast/a_cur_reg[2][36]/D
  -------------------------------------------------------------------    -------------------

                         (clock clk rise edge)        0.000     0.000 r  <hidden>
                                                      0.000     0.000 r  clk
                         net (fo=9811, unset)         0.818     0.818    u_rast/clk
    SLICE_X45Y85         FDRE                                         r  u_rast/a_cur_reg[2][36]/C
                         clock pessimism             -0.005     0.813    <hidden>
    SLICE_X45Y85         FDRE (Hold_fdre_C_D)         0.092     0.905    u_rast/a_cur_reg[2][36]
  -------------------------------------------------------------------
                         required time                         -0.905    <hidden>
                         arrival time                           0.967    <hidden>
  -------------------------------------------------------------------
                         slack                                  0.062    <hidden>

Slack (MET) :             0.063ns  (arrival time - required time)
  Source:                 u_persp/u_recip/g_stage[4].div_reg[5][8]/C
                            (rising edge-triggered cell FDRE clocked by clk  {rise@0.000ns fall@4.750ns period=9.500ns})
  Destination:            u_persp/u_recip/g_stage[5].div_reg[6][8]/D
                            (rising edge-triggered cell FDRE clocked by clk  {rise@0.000ns fall@4.750ns period=9.500ns})
  Path Group:             clk
  Path Type:              Hold (Min at Fast Process Corner)
  Requirement:            0.000ns  (clk rise@0.000ns - clk rise@0.000ns)
  Data Path Delay:        0.396ns  (logic 0.164ns (41.404%)  route 0.232ns (58.596%))
  Logic Levels:           0  
  Clock Path Skew:        0.267ns (DCD - SCD - CPR)
    Destination Clock Delay (DCD):    0.829ns
    Source Clock Delay      (SCD):    0.557ns
    Clock Pessimism Removal (CPR):    0.005ns

    Location             Delay type                Incr(ns)  Path(ns)    Netlist Resource(s)
  -------------------------------------------------------------------    -------------------
                         (clock clk rise edge)        0.000     0.000 r  <hidden>
                                                      0.000     0.000 r  clk
                         net (fo=9811, unset)         0.557     0.557    u_persp/u_recip/clk
    SLICE_X50Y46         FDRE                                         r  u_persp/u_recip/g_stage[4].div_reg[5][8]/C
  -------------------------------------------------------------------    -------------------
    SLICE_X50Y46         FDRE (Prop_fdre_C_Q)         0.164     0.721 r  u_persp/u_recip/g_stage[4].div_reg[5][8]/Q
                         net (fo=4, routed)           0.232     0.953    u_persp/u_recip/g_stage[4].div_reg[5]_6[8]
    SLICE_X48Y48         FDRE                                         r  u_persp/u_recip/g_stage[5].div_reg[6][8]/D
  -------------------------------------------------------------------    -------------------

                         (clock clk rise edge)        0.000     0.000 r  <hidden>
                                                      0.000     0.000 r  clk
                         net (fo=9811, unset)         0.829     0.829    u_persp/u_recip/clk
    SLICE_X48Y48         FDRE                                         r  u_persp/u_recip/g_stage[5].div_reg[6][8]/C
                         clock pessimism             -0.005     0.824    <hidden>
    SLICE_X48Y48         FDRE (Hold_fdre_C_D)         0.066     0.890    u_persp/u_recip/g_stage[5].div_reg[6][8]
  -------------------------------------------------------------------
                         required time                         -0.890    <hidden>
                         arrival time                           0.953    <hidden>
  -------------------------------------------------------------------
                         slack                                  0.063    <hidden>

Slack (MET) :             0.063ns  (arrival time - required time)
  Source:                 u_fetch/asm_words_reg[34]/C
                            (rising edge-triggered cell FDRE clocked by clk  {rise@0.000ns fall@4.750ns period=9.500ns})
  Destination:            u_fetch/fifo_mem_reg_0/DIBDI[2]
                            (rising edge-triggered cell RAMB36E1 clocked by clk  {rise@0.000ns fall@4.750ns period=9.500ns})
  Path Group:             clk
  Path Type:              Hold (Min at Fast Process Corner)
  Requirement:            0.000ns  (clk rise@0.000ns - clk rise@0.000ns)
  Data Path Delay:        0.273ns  (logic 0.164ns (60.114%)  route 0.109ns (39.886%))
  Logic Levels:           0  
  Clock Path Skew:        0.054ns (DCD - SCD - CPR)
    Destination Clock Delay (DCD):    0.897ns
    Source Clock Delay      (SCD):    0.590ns
    Clock Pessimism Removal (CPR):    0.253ns

    Location             Delay type                Incr(ns)  Path(ns)    Netlist Resource(s)
  -------------------------------------------------------------------    -------------------
                         (clock clk rise edge)        0.000     0.000 r  <hidden>
                                                      0.000     0.000 r  clk
                         net (fo=9811, unset)         0.590     0.590    u_fetch/clk
    SLICE_X22Y15         FDRE                                         r  u_fetch/asm_words_reg[34]/C
  -------------------------------------------------------------------    -------------------
    SLICE_X22Y15         FDRE (Prop_fdre_C_Q)         0.164     0.754 r  u_fetch/asm_words_reg[34]/Q
                         net (fo=1, routed)           0.109     0.863    u_fetch/asm_words_reg_n_0_[34]
    RAMB36_X1Y3          RAMB36E1                                     r  u_fetch/fifo_mem_reg_0/DIBDI[2]
  -------------------------------------------------------------------    -------------------

                         (clock clk rise edge)        0.000     0.000 r  <hidden>
                                                      0.000     0.000 r  clk
                         net (fo=9811, unset)         0.897     0.897    u_fetch/clk
    RAMB36_X1Y3          RAMB36E1                                     r  u_fetch/fifo_mem_reg_0/CLKBWRCLK
                         clock pessimism             -0.253     0.644    <hidden>
    RAMB36_X1Y3          RAMB36E1 (Hold_ramb36e1_CLKBWRCLK_DIBDI[2])
                                                      0.155     0.799    u_fetch/fifo_mem_reg_0
  -------------------------------------------------------------------
                         required time                         -0.799    <hidden>
                         arrival time                           0.863    <hidden>
  -------------------------------------------------------------------
                         slack                                  0.063    <hidden>

Slack (MET) :             0.063ns  (arrival time - required time)
  Source:                 u_fetch/asm_words_reg[36]/C
                            (rising edge-triggered cell FDRE clocked by clk  {rise@0.000ns fall@4.750ns period=9.500ns})
  Destination:            u_fetch/fifo_mem_reg_0/DIBDI[4]
                            (rising edge-triggered cell RAMB36E1 clocked by clk  {rise@0.000ns fall@4.750ns period=9.500ns})
  Path Group:             clk
  Path Type:              Hold (Min at Fast Process Corner)
  Requirement:            0.000ns  (clk rise@0.000ns - clk rise@0.000ns)
  Data Path Delay:        0.273ns  (logic 0.164ns (60.114%)  route 0.109ns (39.886%))
  Logic Levels:           0  
  Clock Path Skew:        0.054ns (DCD - SCD - CPR)
    Destination Clock Delay (DCD):    0.897ns
    Source Clock Delay      (SCD):    0.590ns
    Clock Pessimism Removal (CPR):    0.253ns

    Location             Delay type                Incr(ns)  Path(ns)    Netlist Resource(s)
  -------------------------------------------------------------------    -------------------
                         (clock clk rise edge)        0.000     0.000 r  <hidden>
                                                      0.000     0.000 r  clk
                         net (fo=9811, unset)         0.590     0.590    u_fetch/clk
    SLICE_X22Y15         FDRE                                         r  u_fetch/asm_words_reg[36]/C
  -------------------------------------------------------------------    -------------------
    SLICE_X22Y15         FDRE (Prop_fdre_C_Q)         0.164     0.754 r  u_fetch/asm_words_reg[36]/Q
                         net (fo=1, routed)           0.109     0.863    u_fetch/asm_words_reg_n_0_[36]
    RAMB36_X1Y3          RAMB36E1                                     r  u_fetch/fifo_mem_reg_0/DIBDI[4]
  -------------------------------------------------------------------    -------------------

                         (clock clk rise edge)        0.000     0.000 r  <hidden>
                                                      0.000     0.000 r  clk
                         net (fo=9811, unset)         0.897     0.897    u_fetch/clk
    RAMB36_X1Y3          RAMB36E1                                     r  u_fetch/fifo_mem_reg_0/CLKBWRCLK
                         clock pessimism             -0.253     0.644    <hidden>
    RAMB36_X1Y3          RAMB36E1 (Hold_ramb36e1_CLKBWRCLK_DIBDI[4])
                                                      0.155     0.799    u_fetch/fifo_mem_reg_0
  -------------------------------------------------------------------
                         required time                         -0.799    <hidden>
                         arrival time                           0.863    <hidden>
  -------------------------------------------------------------------
                         slack                                  0.063    <hidden>

Slack (MET) :             0.063ns  (arrival time - required time)
  Source:                 u_fetch/asm_words_reg[38]/C
                            (rising edge-triggered cell FDRE clocked by clk  {rise@0.000ns fall@4.750ns period=9.500ns})
  Destination:            u_fetch/fifo_mem_reg_0/DIBDI[6]
                            (rising edge-triggered cell RAMB36E1 clocked by clk  {rise@0.000ns fall@4.750ns period=9.500ns})
  Path Group:             clk
  Path Type:              Hold (Min at Fast Process Corner)
  Requirement:            0.000ns  (clk rise@0.000ns - clk rise@0.000ns)
  Data Path Delay:        0.273ns  (logic 0.164ns (60.114%)  route 0.109ns (39.886%))
  Logic Levels:           0  
  Clock Path Skew:        0.054ns (DCD - SCD - CPR)
    Destination Clock Delay (DCD):    0.897ns
    Source Clock Delay      (SCD):    0.590ns
    Clock Pessimism Removal (CPR):    0.253ns

    Location             Delay type                Incr(ns)  Path(ns)    Netlist Resource(s)
  -------------------------------------------------------------------    -------------------
                         (clock clk rise edge)        0.000     0.000 r  <hidden>
                                                      0.000     0.000 r  clk
                         net (fo=9811, unset)         0.590     0.590    u_fetch/clk
    SLICE_X22Y15         FDRE                                         r  u_fetch/asm_words_reg[38]/C
  -------------------------------------------------------------------    -------------------
    SLICE_X22Y15         FDRE (Prop_fdre_C_Q)         0.164     0.754 r  u_fetch/asm_words_reg[38]/Q
                         net (fo=1, routed)           0.109     0.863    u_fetch/asm_words_reg_n_0_[38]
    RAMB36_X1Y3          RAMB36E1                                     r  u_fetch/fifo_mem_reg_0/DIBDI[6]
  -------------------------------------------------------------------    -------------------

                         (clock clk rise edge)        0.000     0.000 r  <hidden>
                                                      0.000     0.000 r  clk
                         net (fo=9811, unset)         0.897     0.897    u_fetch/clk
    RAMB36_X1Y3          RAMB36E1                                     r  u_fetch/fifo_mem_reg_0/CLKBWRCLK
                         clock pessimism             -0.253     0.644    <hidden>
    RAMB36_X1Y3          RAMB36E1 (Hold_ramb36e1_CLKBWRCLK_DIBDI[6])
                                                      0.155     0.799    u_fetch/fifo_mem_reg_0
  -------------------------------------------------------------------
                         required time                         -0.799    <hidden>
                         arrival time                           0.863    <hidden>
  -------------------------------------------------------------------
                         slack                                  0.063    <hidden>





Pulse Width Checks
--------------------------------------------------------------------------------------
Clock Name:         clk
Waveform(ns):       { 0.000 4.750 }
Period(ns):         9.500
Sources:            { clk }

Check Type        Corner  Lib Pin             Reference Pin  Required(ns)  Actual(ns)  Slack(ns)  Location      Pin
Min Period        n/a     DSP48E1/CLK         n/a            3.884         9.500       5.616      DSP48_X1Y5    u_geom/p1_reg[0]/CLK
Min Period        n/a     DSP48E1/CLK         n/a            3.884         9.500       5.616      DSP48_X2Y5    u_geom/p1_reg[1]/CLK
Min Period        n/a     DSP48E1/CLK         n/a            3.884         9.500       5.616      DSP48_X1Y11   u_geom/p1_reg[2]/CLK
Min Period        n/a     DSP48E1/CLK         n/a            3.884         9.500       5.616      DSP48_X2Y11   u_geom/p1_reg[3]/CLK
Min Period        n/a     DSP48E1/CLK         n/a            3.884         9.500       5.616      DSP48_X0Y17   u_persp/px1_reg/CLK
Min Period        n/a     DSP48E1/CLK         n/a            3.884         9.500       5.616      DSP48_X0Y15   u_persp/px1_reg__0/CLK
Min Period        n/a     DSP48E1/CLK         n/a            3.884         9.500       5.616      DSP48_X1Y17   u_persp/py1_reg/CLK
Min Period        n/a     DSP48E1/CLK         n/a            3.884         9.500       5.616      DSP48_X1Y19   u_persp/py1_reg__0/CLK
Min Period        n/a     DSP48E1/CLK         n/a            3.884         9.500       5.616      DSP48_X2Y21   u_persp/pz1_reg/CLK
Min Period        n/a     DSP48E1/CLK         n/a            3.884         9.500       5.616      DSP48_X2Y19   u_persp/pz1_reg__0/CLK
Min Period        n/a     DSP48E1/CLK         n/a            3.884         9.500       5.616      DSP48_X3Y28   u_rop/a1_reg/CLK
Min Period        n/a     DSP48E1/CLK         n/a            3.884         9.500       5.616      DSP48_X2Y23   u_setup/prod_a_reg/CLK
Min Period        n/a     DSP48E1/CLK         n/a            3.884         9.500       5.616      DSP48_X2Y22   u_setup/prod_b_reg/CLK
Min Period        n/a     DSP48E1/CLK         n/a            3.687         9.500       5.813      DSP48_X1Y7    u_geom/p1_reg[0]__0/CLK
Min Period        n/a     DSP48E1/CLK         n/a            3.687         9.500       5.813      DSP48_X2Y7    u_geom/p1_reg[1]__0/CLK
Min Period        n/a     DSP48E1/CLK         n/a            3.687         9.500       5.813      DSP48_X1Y9    u_geom/p1_reg[2]__0/CLK
Min Period        n/a     RAMB36E1/CLKARDCLK  n/a            3.363         9.500       6.137      RAMB36_X1Y7   u_rop/u_cbuf/mem_reg_0_0/CLKARDCLK
Min Period        n/a     RAMB36E1/CLKARDCLK  n/a            3.363         9.500       6.137      RAMB36_X2Y10  u_rop/u_cbuf/mem_reg_0_1/CLKARDCLK
Min Period        n/a     RAMB36E1/CLKARDCLK  n/a            3.363         9.500       6.137      RAMB36_X2Y25  u_rop/u_cbuf/mem_reg_0_10/CLKARDCLK
Min Period        n/a     RAMB36E1/CLKARDCLK  n/a            3.363         9.500       6.137      RAMB36_X2Y23  u_rop/u_cbuf/mem_reg_0_11/CLKARDCLK
Low Pulse Width   Slow    RAMD32/CLK          n/a            1.250         4.750       3.500      SLICE_X82Y32  u_fetch/len_q_reg_0_3_0_2/RAMA/CLK
Low Pulse Width   Fast    RAMD32/CLK          n/a            1.250         4.750       3.500      SLICE_X82Y32  u_fetch/len_q_reg_0_3_0_2/RAMA/CLK
Low Pulse Width   Slow    RAMD32/CLK          n/a            1.250         4.750       3.500      SLICE_X82Y32  u_fetch/len_q_reg_0_3_0_2/RAMA_D1/CLK
Low Pulse Width   Fast    RAMD32/CLK          n/a            1.250         4.750       3.500      SLICE_X82Y32  u_fetch/len_q_reg_0_3_0_2/RAMA_D1/CLK
Low Pulse Width   Slow    RAMD32/CLK          n/a            1.250         4.750       3.500      SLICE_X82Y32  u_fetch/len_q_reg_0_3_0_2/RAMB/CLK
Low Pulse Width   Fast    RAMD32/CLK          n/a            1.250         4.750       3.500      SLICE_X82Y32  u_fetch/len_q_reg_0_3_0_2/RAMB/CLK
Low Pulse Width   Slow    RAMD32/CLK          n/a            1.250         4.750       3.500      SLICE_X82Y32  u_fetch/len_q_reg_0_3_0_2/RAMB_D1/CLK
Low Pulse Width   Fast    RAMD32/CLK          n/a            1.250         4.750       3.500      SLICE_X82Y32  u_fetch/len_q_reg_0_3_0_2/RAMB_D1/CLK
Low Pulse Width   Slow    RAMD32/CLK          n/a            1.250         4.750       3.500      SLICE_X82Y32  u_fetch/len_q_reg_0_3_0_2/RAMC/CLK
Low Pulse Width   Fast    RAMD32/CLK          n/a            1.250         4.750       3.500      SLICE_X82Y32  u_fetch/len_q_reg_0_3_0_2/RAMC/CLK
Low Pulse Width   Slow    RAMD32/CLK          n/a            1.250         4.750       3.500      SLICE_X82Y32  u_fetch/len_q_reg_0_3_0_2/RAMC_D1/CLK
Low Pulse Width   Fast    RAMD32/CLK          n/a            1.250         4.750       3.500      SLICE_X82Y32  u_fetch/len_q_reg_0_3_0_2/RAMC_D1/CLK
Low Pulse Width   Slow    RAMS32/CLK          n/a            1.250         4.750       3.500      SLICE_X82Y32  u_fetch/len_q_reg_0_3_0_2/RAMD/CLK
Low Pulse Width   Fast    RAMS32/CLK          n/a            1.250         4.750       3.500      SLICE_X82Y32  u_fetch/len_q_reg_0_3_0_2/RAMD/CLK
Low Pulse Width   Slow    RAMS32/CLK          n/a            1.250         4.750       3.500      SLICE_X82Y32  u_fetch/len_q_reg_0_3_0_2/RAMD_D1/CLK
Low Pulse Width   Fast    RAMS32/CLK          n/a            1.250         4.750       3.500      SLICE_X82Y32  u_fetch/len_q_reg_0_3_0_2/RAMD_D1/CLK
Low Pulse Width   Slow    SRL16E/CLK          n/a            0.980         4.750       3.770      SLICE_X26Y44  u_geom/col_s_reg[0]_srl4/CLK
Low Pulse Width   Fast    SRL16E/CLK          n/a            0.980         4.750       3.770      SLICE_X26Y44  u_geom/col_s_reg[0]_srl4/CLK
Low Pulse Width   Slow    SRL16E/CLK          n/a            0.980         4.750       3.770      SLICE_X26Y43  u_geom/col_s_reg[10]_srl4/CLK
Low Pulse Width   Fast    SRL16E/CLK          n/a            0.980         4.750       3.770      SLICE_X26Y43  u_geom/col_s_reg[10]_srl4/CLK
High Pulse Width  Slow    RAMD32/CLK          n/a            1.250         4.750       3.500      SLICE_X82Y32  u_fetch/len_q_reg_0_3_0_2/RAMA/CLK
High Pulse Width  Fast    RAMD32/CLK          n/a            1.250         4.750       3.500      SLICE_X82Y32  u_fetch/len_q_reg_0_3_0_2/RAMA/CLK
High Pulse Width  Slow    RAMD32/CLK          n/a            1.250         4.750       3.500      SLICE_X82Y32  u_fetch/len_q_reg_0_3_0_2/RAMA_D1/CLK
High Pulse Width  Fast    RAMD32/CLK          n/a            1.250         4.750       3.500      SLICE_X82Y32  u_fetch/len_q_reg_0_3_0_2/RAMA_D1/CLK
High Pulse Width  Slow    RAMD32/CLK          n/a            1.250         4.750       3.500      SLICE_X82Y32  u_fetch/len_q_reg_0_3_0_2/RAMB/CLK
High Pulse Width  Fast    RAMD32/CLK          n/a            1.250         4.750       3.500      SLICE_X82Y32  u_fetch/len_q_reg_0_3_0_2/RAMB/CLK
High Pulse Width  Slow    RAMD32/CLK          n/a            1.250         4.750       3.500      SLICE_X82Y32  u_fetch/len_q_reg_0_3_0_2/RAMB_D1/CLK
High Pulse Width  Fast    RAMD32/CLK          n/a            1.250         4.750       3.500      SLICE_X82Y32  u_fetch/len_q_reg_0_3_0_2/RAMB_D1/CLK
High Pulse Width  Slow    RAMD32/CLK          n/a            1.250         4.750       3.500      SLICE_X82Y32  u_fetch/len_q_reg_0_3_0_2/RAMC/CLK
High Pulse Width  Fast    RAMD32/CLK          n/a            1.250         4.750       3.500      SLICE_X82Y32  u_fetch/len_q_reg_0_3_0_2/RAMC/CLK
High Pulse Width  Slow    RAMD32/CLK          n/a            1.250         4.750       3.500      SLICE_X82Y32  u_fetch/len_q_reg_0_3_0_2/RAMC_D1/CLK
High Pulse Width  Fast    RAMD32/CLK          n/a            1.250         4.750       3.500      SLICE_X82Y32  u_fetch/len_q_reg_0_3_0_2/RAMC_D1/CLK
High Pulse Width  Slow    RAMS32/CLK          n/a            1.250         4.750       3.500      SLICE_X82Y32  u_fetch/len_q_reg_0_3_0_2/RAMD/CLK
High Pulse Width  Fast    RAMS32/CLK          n/a            1.250         4.750       3.500      SLICE_X82Y32  u_fetch/len_q_reg_0_3_0_2/RAMD/CLK
High Pulse Width  Slow    RAMS32/CLK          n/a            1.250         4.750       3.500      SLICE_X82Y32  u_fetch/len_q_reg_0_3_0_2/RAMD_D1/CLK
High Pulse Width  Fast    RAMS32/CLK          n/a            1.250         4.750       3.500      SLICE_X82Y32  u_fetch/len_q_reg_0_3_0_2/RAMD_D1/CLK
High Pulse Width  Slow    SRL16E/CLK          n/a            0.980         4.750       3.770      SLICE_X26Y44  u_geom/col_s_reg[0]_srl4/CLK
High Pulse Width  Fast    SRL16E/CLK          n/a            0.980         4.750       3.770      SLICE_X26Y44  u_geom/col_s_reg[0]_srl4/CLK
High Pulse Width  Slow    SRL16E/CLK          n/a            0.980         4.750       3.770      SLICE_X26Y43  u_geom/col_s_reg[10]_srl4/CLK
High Pulse Width  Fast    SRL16E/CLK          n/a            0.980         4.750       3.770      SLICE_X26Y43  u_geom/col_s_reg[10]_srl4/CLK



