Copyright 1986-2022 Xilinx, Inc. All Rights Reserved. Copyright 2022-2026 Advanced Micro Devices, Inc. All Rights Reserved.
---------------------------------------------------------------------------------------------------------------------------------------------
| Tool Version : Vivado v.2026.1 (win64) Build 6511674 Tue Jun 16 11:02:23 MDT 2026
| Date         : Thu Sep 24 13:42:29 2026
| Host         : AdiLap running 64-bit major release  (build 9200)
| Command      : report_timing_summary -max_paths 20 -file fpga/reports/period_10ns/timing.rpt
| Design       : gpu_top
| Device       : 7z020-clg400
| Speed File   : -1  PRODUCTION 1.12 2019-11-22
| Design State : Routed
---------------------------------------------------------------------------------------------------------------------------------------------

Timing Summary Report

------------------------------------------------------------------------------------------------
| Timer Settings
| --------------
------------------------------------------------------------------------------------------------

  Enable Multi Corner Analysis               :  Yes
  Enable Pessimism Removal                   :  Yes
  Pessimism Removal Resolution               :  Nearest Common Node
  Enable Input Delay Default Clock           :  No
  Enable Preset / Clear Arcs                 :  No
  Disable Flight Delays                      :  No
  Ignore I/O Paths                           :  No
  Timing Early Launch at Borrowing Latches   :  No
  Borrow Time for Max Delay Exceptions       :  Yes
  Merge Timing Exceptions                    :  Yes
  Inter-SLR Compensation                     :  Conservative

  Corner  Analyze    Analyze    
  Name    Max Paths  Min Paths  
  ------  ---------  ---------  
  Slow    Yes        Yes        
  Fast    Yes        Yes        


------------------------------------------------------------------------------------------------
| Report Methodology
| ------------------
------------------------------------------------------------------------------------------------

No report available as report_methodology has not been run prior. Run report_methodology on the current design for the summary of methodology violations.



check_timing report

Table of Contents
-----------------
1. checking no_clock (0)
2. checking constant_clock (0)
3. checking pulse_width_clock (0)
4. checking unconstrained_internal_endpoints (0)
5. checking no_input_delay (109)
6. checking no_output_delay (93)
7. checking multiple_clock (0)
8. checking generated_clocks (0)
9. checking loops (0)
10. checking partial_input_delay (0)
11. checking partial_output_delay (0)
12. checking latch_loops (0)

1. checking no_clock (0)
------------------------
 There are 0 register/latch pins with no clock.


2. checking constant_clock (0)
------------------------------
 There are 0 register/latch pins with constant_clock.


3. checking pulse_width_clock (0)
---------------------------------
 There are 0 register/latch pins which need pulse_width check


4. checking unconstrained_internal_endpoints (0)
------------------------------------------------
 There are 0 pins that are not constrained for maximum delay.

 There are 0 pins that are not constrained for maximum delay due to constant clock.


5. checking no_input_delay (109)
--------------------------------
 There are 109 input ports with no input delay specified. (HIGH)

 There are 0 input ports with no input delay but user has a false path constraint.


6. checking no_output_delay (93)
--------------------------------
 There are 93 ports with no output delay specified. (HIGH)

 There are 0 ports with no output delay but user has a false path constraint

 There are 0 ports with no output delay but with a timing clock defined on it or propagating through it


7. checking multiple_clock (0)
------------------------------
 There are 0 register/latch pins with multiple clocks.


8. checking generated_clocks (0)
--------------------------------
 There are 0 generated clocks that are not connected to a clock source.


9. checking loops (0)
---------------------
 There are 0 combinational loops in the design.


10. checking partial_input_delay (0)
------------------------------------
 There are 0 input ports with partial input delay specified.


11. checking partial_output_delay (0)
-------------------------------------
 There are 0 ports with partial output delay specified.


12. checking latch_loops (0)
----------------------------
 There are 0 combinational latch loops in the design through latch input



------------------------------------------------------------------------------------------------
| Design Timing Summary
| ---------------------
------------------------------------------------------------------------------------------------

    WNS(ns)      TNS(ns)  TNS Failing Endpoints  TNS Total Endpoints      WHS(ns)      THS(ns)  THS Failing Endpoints  THS Total Endpoints     WPWS(ns)     TPWS(ns)  TPWS Failing Endpoints  TPWS Total Endpoints  
    -------      -------  ---------------------  -------------------      -------      -------  ---------------------  -------------------     --------     --------  ----------------------  --------------------  
      0.253        0.000                      0                23484        0.019        0.000                      0                23484        3.750        0.000                       0                  9804  


All user specified timing constraints are met.


------------------------------------------------------------------------------------------------
| Clock Summary
| -------------
------------------------------------------------------------------------------------------------

Clock  Waveform(ns)       Period(ns)      Frequency(MHz)
-----  ------------       ----------      --------------
clk    {0.000 5.000}      10.000          100.000         


------------------------------------------------------------------------------------------------
| Intra Clock Table
| -----------------
------------------------------------------------------------------------------------------------

Clock             WNS(ns)      TNS(ns)  TNS Failing Endpoints  TNS Total Endpoints      WHS(ns)      THS(ns)  THS Failing Endpoints  THS Total Endpoints     WPWS(ns)     TPWS(ns)  TPWS Failing Endpoints  TPWS Total Endpoints  
-----             -------      -------  ---------------------  -------------------      -------      -------  ---------------------  -------------------     --------     --------  ----------------------  --------------------  
clk                 0.253        0.000                      0                23484        0.019        0.000                      0                23484        3.750        0.000                       0                  9804  


------------------------------------------------------------------------------------------------
| Inter Clock Table
| -----------------
------------------------------------------------------------------------------------------------

From Clock    To Clock          WNS(ns)      TNS(ns)  TNS Failing Endpoints  TNS Total Endpoints      WHS(ns)      THS(ns)  THS Failing Endpoints  THS Total Endpoints  
----------    --------          -------      -------  ---------------------  -------------------      -------      -------  ---------------------  -------------------  


------------------------------------------------------------------------------------------------
| Other Path Groups Table
| -----------------------
------------------------------------------------------------------------------------------------

Path Group    From Clock    To Clock          WNS(ns)      TNS(ns)  TNS Failing Endpoints  TNS Total Endpoints      WHS(ns)      THS(ns)  THS Failing Endpoints  THS Total Endpoints  
----------    ----------    --------          -------      -------  ---------------------  -------------------      -------      -------  ---------------------  -------------------  


------------------------------------------------------------------------------------------------
| Timing Details
| --------------
------------------------------------------------------------------------------------------------


---------------------------------------------------------------------------------------------------
From Clock:  clk
  To Clock:  clk

Setup :            0  Failing Endpoints,  Worst Slack        0.253ns,  Total Violation        0.000ns
Hold  :            0  Failing Endpoints,  Worst Slack        0.019ns,  Total Violation        0.000ns
PW    :            0  Failing Endpoints,  Worst Slack        3.750ns,  Total Violation        0.000ns
---------------------------------------------------------------------------------------------------


Max Delay Paths
--------------------------------------------------------------------------------------
Slack (MET) :             0.253ns  (required time - arrival time)
  Source:                 u_persp/pz2_reg[45]/C
                            (rising edge-triggered cell FDRE clocked by clk  {rise@0.000ns fall@5.000ns period=10.000ns})
  Destination:            u_persp/depth_v1_reg[34]/D
                            (rising edge-triggered cell FDRE clocked by clk  {rise@0.000ns fall@5.000ns period=10.000ns})
  Path Group:             clk
  Path Type:              Setup (Max at Slow Process Corner)
  Requirement:            10.000ns  (clk rise@10.000ns - clk rise@0.000ns)
  Data Path Delay:        9.760ns  (logic 5.199ns (53.268%)  route 4.561ns (46.732%))
  Logic Levels:           18  (CARRY4=12 LUT2=1 LUT3=2 LUT4=1 LUT5=1 LUT6=1)
  Clock Path Skew:        -0.061ns (DCD - SCD + CPR)
    Destination Clock Delay (DCD):    1.476ns = ( 11.476 - 10.000 ) 
    Source Clock Delay      (SCD):    1.652ns
    Clock Pessimism Removal (CPR):    0.115ns
  Clock Uncertainty:      0.035ns  ((TSJ^2 + TIJ^2)^1/2 + DJ) / 2 + PE
    Total System Jitter     (TSJ):    0.071ns
    Total Input Jitter      (TIJ):    0.000ns
    Discrete Jitter          (DJ):    0.000ns
    Phase Error              (PE):    0.000ns

    Location             Delay type                Incr(ns)  Path(ns)    Netlist Resource(s)
  -------------------------------------------------------------------    -------------------
                         (clock clk rise edge)        0.000     0.000 r  <hidden>
                                                      0.000     0.000 r  clk
                         net (fo=9807, unset)         1.652     1.652    u_persp/clk
    SLICE_X35Y56         FDRE                                         r  u_persp/pz2_reg[45]/C
  -------------------------------------------------------------------    -------------------
    SLICE_X35Y56         FDRE (Prop_fdre_C_Q)         0.456     2.108 r  u_persp/pz2_reg[45]/Q
                         net (fo=1, routed)           0.445     2.553    u_persp/nz[21]
    SLICE_X34Y58         CARRY4 (Prop_carry4_S[2]_CO[3])
                                                      0.504     3.057 r  u_persp/depth_v1_reg[20]_i_17/CO[3]
                         net (fo=1, routed)           0.000     3.057    u_persp/depth_v1_reg[20]_i_17_n_0
    SLICE_X34Y59         CARRY4 (Prop_carry4_CI_O[1])
                                                      0.323     3.380 r  u_persp/depth_v1_reg[20]_i_15/O[1]
                         net (fo=16, routed)          0.974     4.354    u_persp/depth_full1[24]
    SLICE_X37Y54         LUT2 (Prop_lut2_I1_O)        0.306     4.660 r  u_persp/depth_v1[12]_i_39/O
                         net (fo=1, routed)           0.000     4.660    u_persp/depth_v1[12]_i_39_n_0
    SLICE_X37Y54         CARRY4 (Prop_carry4_S[0]_CO[3])
                                                      0.532     5.192 r  u_persp/depth_v1_reg[12]_i_33/CO[3]
                         net (fo=1, routed)           0.000     5.192    u_persp/depth_v1_reg[12]_i_33_n_0
    SLICE_X37Y55         CARRY4 (Prop_carry4_CI_CO[3])
                                                      0.114     5.306 r  u_persp/depth_v1_reg[16]_i_33/CO[3]
                         net (fo=1, routed)           0.000     5.306    u_persp/depth_v1_reg[16]_i_33_n_0
    SLICE_X37Y56         CARRY4 (Prop_carry4_CI_CO[3])
                                                      0.114     5.420 r  u_persp/depth_v1_reg[20]_i_36/CO[3]
                         net (fo=1, routed)           0.000     5.420    u_persp/depth_v1_reg[20]_i_36_n_0
    SLICE_X37Y57         CARRY4 (Prop_carry4_CI_CO[3])
                                                      0.114     5.534 r  u_persp/depth_v1_reg[24]_i_35/CO[3]
                         net (fo=1, routed)           0.000     5.534    u_persp/depth_v1_reg[24]_i_35_n_0
    SLICE_X37Y58         CARRY4 (Prop_carry4_CI_O[0])
                                                      0.222     5.756 r  u_persp/depth_v1_reg[28]_i_35/O[0]
                         net (fo=2, routed)           0.839     6.595    u_persp/depth_v1_reg[28]_i_35_n_7
    SLICE_X32Y55         LUT3 (Prop_lut3_I1_O)        0.299     6.894 r  u_persp/depth_v1[28]_i_30/O
                         net (fo=2, routed)           0.737     7.631    u_persp/depth_v1[28]_i_30_n_0
    SLICE_X36Y57         LUT4 (Prop_lut4_I3_O)        0.124     7.755 r  u_persp/depth_v1[28]_i_34/O
                         net (fo=1, routed)           0.000     7.755    u_persp/depth_v1[28]_i_34_n_0
    SLICE_X36Y57         CARRY4 (Prop_carry4_S[0]_CO[3])
                                                      0.513     8.268 r  u_persp/depth_v1_reg[28]_i_13/CO[3]
                         net (fo=1, routed)           0.000     8.268    u_persp/depth_v1_reg[28]_i_13_n_0
    SLICE_X36Y58         CARRY4 (Prop_carry4_CI_O[0])
                                                      0.219     8.487 r  u_persp/depth_v1_reg[32]_i_13/O[0]
                         net (fo=3, routed)           0.785     9.272    u_persp/depth_v1_reg[32]_i_13_n_7
    SLICE_X49Y58         LUT3 (Prop_lut3_I1_O)        0.295     9.567 r  u_persp/depth_v1[28]_i_11/O
                         net (fo=2, routed)           0.321     9.888    u_persp/depth_v1[28]_i_11_n_0
    SLICE_X45Y58         LUT5 (Prop_lut5_I1_O)        0.124    10.012 r  u_persp/depth_v1[28]_i_2/O
                         net (fo=2, routed)           0.460    10.472    u_persp/depth_v1[28]_i_2_n_0
    SLICE_X42Y58         LUT6 (Prop_lut6_I0_O)        0.124    10.596 r  u_persp/depth_v1[28]_i_6/O
                         net (fo=1, routed)           0.000    10.596    u_persp/depth_v1[28]_i_6_n_0
    SLICE_X42Y58         CARRY4 (Prop_carry4_S[3]_CO[3])
                                                      0.376    10.972 r  u_persp/depth_v1_reg[28]_i_1/CO[3]
                         net (fo=1, routed)           0.000    10.972    u_persp/depth_v1_reg[28]_i_1_n_0
    SLICE_X42Y59         CARRY4 (Prop_carry4_CI_CO[3])
                                                      0.117    11.089 r  u_persp/depth_v1_reg[32]_i_1/CO[3]
                         net (fo=1, routed)           0.000    11.089    u_persp/depth_v1_reg[32]_i_1_n_0
    SLICE_X42Y60         CARRY4 (Prop_carry4_CI_O[1])
                                                      0.323    11.412 r  u_persp/depth_v1_reg[47]_i_1/O[1]
                         net (fo=1, routed)           0.000    11.412    u_persp/depth_v1_reg[47]_i_1_n_6
    SLICE_X42Y60         FDRE                                         r  u_persp/depth_v1_reg[34]/D
  -------------------------------------------------------------------    -------------------

                         (clock clk rise edge)       10.000    10.000 r  <hidden>
                                                      0.000    10.000 r  clk
                         net (fo=9807, unset)         1.476    11.476    u_persp/clk
    SLICE_X42Y60         FDRE                                         r  u_persp/depth_v1_reg[34]/C
                         clock pessimism              0.115    11.591    <hidden>
                         clock uncertainty           -0.035    11.556    <hidden>
    SLICE_X42Y60         FDRE (Setup_fdre_C_D)        0.109    11.665    u_persp/depth_v1_reg[34]
  -------------------------------------------------------------------
                         required time                         11.665    <hidden>
                         arrival time                         -11.412    <hidden>
  -------------------------------------------------------------------
                         slack                                  0.253    <hidden>

Slack (MET) :             0.261ns  (required time - arrival time)
  Source:                 u_persp/pz2_reg[45]/C
                            (rising edge-triggered cell FDRE clocked by clk  {rise@0.000ns fall@5.000ns period=10.000ns})
  Destination:            u_persp/depth_v1_reg[47]/D
                            (rising edge-triggered cell FDRE clocked by clk  {rise@0.000ns fall@5.000ns period=10.000ns})
  Path Group:             clk
  Path Type:              Setup (Max at Slow Process Corner)
  Requirement:            10.000ns  (clk rise@10.000ns - clk rise@0.000ns)
  Data Path Delay:        9.752ns  (logic 5.191ns (53.230%)  route 4.561ns (46.770%))
  Logic Levels:           18  (CARRY4=12 LUT2=1 LUT3=2 LUT4=1 LUT5=1 LUT6=1)
  Clock Path Skew:        -0.061ns (DCD - SCD + CPR)
    Destination Clock Delay (DCD):    1.476ns = ( 11.476 - 10.000 ) 
    Source Clock Delay      (SCD):    1.652ns
    Clock Pessimism Removal (CPR):    0.115ns
  Clock Uncertainty:      0.035ns  ((TSJ^2 + TIJ^2)^1/2 + DJ) / 2 + PE
    Total System Jitter     (TSJ):    0.071ns
    Total Input Jitter      (TIJ):    0.000ns
    Discrete Jitter          (DJ):    0.000ns
    Phase Error              (PE):    0.000ns

    Location             Delay type                Incr(ns)  Path(ns)    Netlist Resource(s)
  -------------------------------------------------------------------    -------------------
                         (clock clk rise edge)        0.000     0.000 r  <hidden>
                                                      0.000     0.000 r  clk
                         net (fo=9807, unset)         1.652     1.652    u_persp/clk
    SLICE_X35Y56         FDRE                                         r  u_persp/pz2_reg[45]/C
  -------------------------------------------------------------------    -------------------
    SLICE_X35Y56         FDRE (Prop_fdre_C_Q)         0.456     2.108 r  u_persp/pz2_reg[45]/Q
                         net (fo=1, routed)           0.445     2.553    u_persp/nz[21]
    SLICE_X34Y58         CARRY4 (Prop_carry4_S[2]_CO[3])
                                                      0.504     3.057 r  u_persp/depth_v1_reg[20]_i_17/CO[3]
                         net (fo=1, routed)           0.000     3.057    u_persp/depth_v1_reg[20]_i_17_n_0
    SLICE_X34Y59         CARRY4 (Prop_carry4_CI_O[1])
                                                      0.323     3.380 r  u_persp/depth_v1_reg[20]_i_15/O[1]
                         net (fo=16, routed)          0.974     4.354    u_persp/depth_full1[24]
    SLICE_X37Y54         LUT2 (Prop_lut2_I1_O)        0.306     4.660 r  u_persp/depth_v1[12]_i_39/O
                         net (fo=1, routed)           0.000     4.660    u_persp/depth_v1[12]_i_39_n_0
    SLICE_X37Y54         CARRY4 (Prop_carry4_S[0]_CO[3])
                                                      0.532     5.192 r  u_persp/depth_v1_reg[12]_i_33/CO[3]
                         net (fo=1, routed)           0.000     5.192    u_persp/depth_v1_reg[12]_i_33_n_0
    SLICE_X37Y55         CARRY4 (Prop_carry4_CI_CO[3])
                                                      0.114     5.306 r  u_persp/depth_v1_reg[16]_i_33/CO[3]
                         net (fo=1, routed)           0.000     5.306    u_persp/depth_v1_reg[16]_i_33_n_0
    SLICE_X37Y56         CARRY4 (Prop_carry4_CI_CO[3])
                                                      0.114     5.420 r  u_persp/depth_v1_reg[20]_i_36/CO[3]
                         net (fo=1, routed)           0.000     5.420    u_persp/depth_v1_reg[20]_i_36_n_0
    SLICE_X37Y57         CARRY4 (Prop_carry4_CI_CO[3])
                                                      0.114     5.534 r  u_persp/depth_v1_reg[24]_i_35/CO[3]
                         net (fo=1, routed)           0.000     5.534    u_persp/depth_v1_reg[24]_i_35_n_0
    SLICE_X37Y58         CARRY4 (Prop_carry4_CI_O[0])
                                                      0.222     5.756 r  u_persp/depth_v1_reg[28]_i_35/O[0]
                         net (fo=2, routed)           0.839     6.595    u_persp/depth_v1_reg[28]_i_35_n_7
    SLICE_X32Y55         LUT3 (Prop_lut3_I1_O)        0.299     6.894 r  u_persp/depth_v1[28]_i_30/O
                         net (fo=2, routed)           0.737     7.631    u_persp/depth_v1[28]_i_30_n_0
    SLICE_X36Y57         LUT4 (Prop_lut4_I3_O)        0.124     7.755 r  u_persp/depth_v1[28]_i_34/O
                         net (fo=1, routed)           0.000     7.755    u_persp/depth_v1[28]_i_34_n_0
    SLICE_X36Y57         CARRY4 (Prop_carry4_S[0]_CO[3])
                                                      0.513     8.268 r  u_persp/depth_v1_reg[28]_i_13/CO[3]
                         net (fo=1, routed)           0.000     8.268    u_persp/depth_v1_reg[28]_i_13_n_0
    SLICE_X36Y58         CARRY4 (Prop_carry4_CI_O[0])
                                                      0.219     8.487 r  u_persp/depth_v1_reg[32]_i_13/O[0]
                         net (fo=3, routed)           0.785     9.272    u_persp/depth_v1_reg[32]_i_13_n_7
    SLICE_X49Y58         LUT3 (Prop_lut3_I1_O)        0.295     9.567 r  u_persp/depth_v1[28]_i_11/O
                         net (fo=2, routed)           0.321     9.888    u_persp/depth_v1[28]_i_11_n_0
    SLICE_X45Y58         LUT5 (Prop_lut5_I1_O)        0.124    10.012 r  u_persp/depth_v1[28]_i_2/O
                         net (fo=2, routed)           0.460    10.472    u_persp/depth_v1[28]_i_2_n_0
    SLICE_X42Y58         LUT6 (Prop_lut6_I0_O)        0.124    10.596 r  u_persp/depth_v1[28]_i_6/O
                         net (fo=1, routed)           0.000    10.596    u_persp/depth_v1[28]_i_6_n_0
    SLICE_X42Y58         CARRY4 (Prop_carry4_S[3]_CO[3])
                                                      0.376    10.972 r  u_persp/depth_v1_reg[28]_i_1/CO[3]
                         net (fo=1, routed)           0.000    10.972    u_persp/depth_v1_reg[28]_i_1_n_0
    SLICE_X42Y59         CARRY4 (Prop_carry4_CI_CO[3])
                                                      0.117    11.089 r  u_persp/depth_v1_reg[32]_i_1/CO[3]
                         net (fo=1, routed)           0.000    11.089    u_persp/depth_v1_reg[32]_i_1_n_0
    SLICE_X42Y60         CARRY4 (Prop_carry4_CI_O[3])
                                                      0.315    11.404 r  u_persp/depth_v1_reg[47]_i_1/O[3]
                         net (fo=1, routed)           0.000    11.404    u_persp/depth_full0
    SLICE_X42Y60         FDRE                                         r  u_persp/depth_v1_reg[47]/D
  -------------------------------------------------------------------    -------------------

                         (clock clk rise edge)       10.000    10.000 r  <hidden>
                                                      0.000    10.000 r  clk
                         net (fo=9807, unset)         1.476    11.476    u_persp/clk
    SLICE_X42Y60         FDRE                                         r  u_persp/depth_v1_reg[47]/C
                         clock pessimism              0.115    11.591    <hidden>
                         clock uncertainty           -0.035    11.556    <hidden>
    SLICE_X42Y60         FDRE (Setup_fdre_C_D)        0.109    11.665    u_persp/depth_v1_reg[47]
  -------------------------------------------------------------------
                         required time                         11.665    <hidden>
                         arrival time                         -11.404    <hidden>
  -------------------------------------------------------------------
                         slack                                  0.261    <hidden>

Slack (MET) :             0.337ns  (required time - arrival time)
  Source:                 u_persp/pz2_reg[45]/C
                            (rising edge-triggered cell FDRE clocked by clk  {rise@0.000ns fall@5.000ns period=10.000ns})
  Destination:            u_persp/depth_v1_reg[35]/D
                            (rising edge-triggered cell FDRE clocked by clk  {rise@0.000ns fall@5.000ns period=10.000ns})
  Path Group:             clk
  Path Type:              Setup (Max at Slow Process Corner)
  Requirement:            10.000ns  (clk rise@10.000ns - clk rise@0.000ns)
  Data Path Delay:        9.676ns  (logic 5.115ns (52.862%)  route 4.561ns (47.138%))
  Logic Levels:           18  (CARRY4=12 LUT2=1 LUT3=2 LUT4=1 LUT5=1 LUT6=1)
  Clock Path Skew:        -0.061ns (DCD - SCD + CPR)
    Destination Clock Delay (DCD):    1.476ns = ( 11.476 - 10.000 ) 
    Source Clock Delay      (SCD):    1.652ns
    Clock Pessimism Removal (CPR):    0.115ns
  Clock Uncertainty:      0.035ns  ((TSJ^2 + TIJ^2)^1/2 + DJ) / 2 + PE
    Total System Jitter     (TSJ):    0.071ns
    Total Input Jitter      (TIJ):    0.000ns
    Discrete Jitter          (DJ):    0.000ns
    Phase Error              (PE):    0.000ns

    Location             Delay type                Incr(ns)  Path(ns)    Netlist Resource(s)
  -------------------------------------------------------------------    -------------------
                         (clock clk rise edge)        0.000     0.000 r  <hidden>
                                                      0.000     0.000 r  clk
                         net (fo=9807, unset)         1.652     1.652    u_persp/clk
    SLICE_X35Y56         FDRE                                         r  u_persp/pz2_reg[45]/C
  -------------------------------------------------------------------    -------------------
    SLICE_X35Y56         FDRE (Prop_fdre_C_Q)         0.456     2.108 r  u_persp/pz2_reg[45]/Q
                         net (fo=1, routed)           0.445     2.553    u_persp/nz[21]
    SLICE_X34Y58         CARRY4 (Prop_carry4_S[2]_CO[3])
                                                      0.504     3.057 r  u_persp/depth_v1_reg[20]_i_17/CO[3]
                         net (fo=1, routed)           0.000     3.057    u_persp/depth_v1_reg[20]_i_17_n_0
    SLICE_X34Y59         CARRY4 (Prop_carry4_CI_O[1])
                                                      0.323     3.380 r  u_persp/depth_v1_reg[20]_i_15/O[1]
                         net (fo=16, routed)          0.974     4.354    u_persp/depth_full1[24]
    SLICE_X37Y54         LUT2 (Prop_lut2_I1_O)        0.306     4.660 r  u_persp/depth_v1[12]_i_39/O
                         net (fo=1, routed)           0.000     4.660    u_persp/depth_v1[12]_i_39_n_0
    SLICE_X37Y54         CARRY4 (Prop_carry4_S[0]_CO[3])
                                                      0.532     5.192 r  u_persp/depth_v1_reg[12]_i_33/CO[3]
                         net (fo=1, routed)           0.000     5.192    u_persp/depth_v1_reg[12]_i_33_n_0
    SLICE_X37Y55         CARRY4 (Prop_carry4_CI_CO[3])
                                                      0.114     5.306 r  u_persp/depth_v1_reg[16]_i_33/CO[3]
                         net (fo=1, routed)           0.000     5.306    u_persp/depth_v1_reg[16]_i_33_n_0
    SLICE_X37Y56         CARRY4 (Prop_carry4_CI_CO[3])
                                                      0.114     5.420 r  u_persp/depth_v1_reg[20]_i_36/CO[3]
                         net (fo=1, routed)           0.000     5.420    u_persp/depth_v1_reg[20]_i_36_n_0
    SLICE_X37Y57         CARRY4 (Prop_carry4_CI_CO[3])
                                                      0.114     5.534 r  u_persp/depth_v1_reg[24]_i_35/CO[3]
                         net (fo=1, routed)           0.000     5.534    u_persp/depth_v1_reg[24]_i_35_n_0
    SLICE_X37Y58         CARRY4 (Prop_carry4_CI_O[0])
                                                      0.222     5.756 r  u_persp/depth_v1_reg[28]_i_35/O[0]
                         net (fo=2, routed)           0.839     6.595    u_persp/depth_v1_reg[28]_i_35_n_7
    SLICE_X32Y55         LUT3 (Prop_lut3_I1_O)        0.299     6.894 r  u_persp/depth_v1[28]_i_30/O
                         net (fo=2, routed)           0.737     7.631    u_persp/depth_v1[28]_i_30_n_0
    SLICE_X36Y57         LUT4 (Prop_lut4_I3_O)        0.124     7.755 r  u_persp/depth_v1[28]_i_34/O
                         net (fo=1, routed)           0.000     7.755    u_persp/depth_v1[28]_i_34_n_0
    SLICE_X36Y57         CARRY4 (Prop_carry4_S[0]_CO[3])
                                                      0.513     8.268 r  u_persp/depth_v1_reg[28]_i_13/CO[3]
                         net (fo=1, routed)           0.000     8.268    u_persp/depth_v1_reg[28]_i_13_n_0
    SLICE_X36Y58         CARRY4 (Prop_carry4_CI_O[0])
                                                      0.219     8.487 r  u_persp/depth_v1_reg[32]_i_13/O[0]
                         net (fo=3, routed)           0.785     9.272    u_persp/depth_v1_reg[32]_i_13_n_7
    SLICE_X49Y58         LUT3 (Prop_lut3_I1_O)        0.295     9.567 r  u_persp/depth_v1[28]_i_11/O
                         net (fo=2, routed)           0.321     9.888    u_persp/depth_v1[28]_i_11_n_0
    SLICE_X45Y58         LUT5 (Prop_lut5_I1_O)        0.124    10.012 r  u_persp/depth_v1[28]_i_2/O
                         net (fo=2, routed)           0.460    10.472    u_persp/depth_v1[28]_i_2_n_0
    SLICE_X42Y58         LUT6 (Prop_lut6_I0_O)        0.124    10.596 r  u_persp/depth_v1[28]_i_6/O
                         net (fo=1, routed)           0.000    10.596    u_persp/depth_v1[28]_i_6_n_0
    SLICE_X42Y58         CARRY4 (Prop_carry4_S[3]_CO[3])
                                                      0.376    10.972 r  u_persp/depth_v1_reg[28]_i_1/CO[3]
                         net (fo=1, routed)           0.000    10.972    u_persp/depth_v1_reg[28]_i_1_n_0
    SLICE_X42Y59         CARRY4 (Prop_carry4_CI_CO[3])
                                                      0.117    11.089 r  u_persp/depth_v1_reg[32]_i_1/CO[3]
                         net (fo=1, routed)           0.000    11.089    u_persp/depth_v1_reg[32]_i_1_n_0
    SLICE_X42Y60         CARRY4 (Prop_carry4_CI_O[2])
                                                      0.239    11.328 r  u_persp/depth_v1_reg[47]_i_1/O[2]
                         net (fo=1, routed)           0.000    11.328    u_persp/depth_v1_reg[47]_i_1_n_5
    SLICE_X42Y60         FDRE                                         r  u_persp/depth_v1_reg[35]/D
  -------------------------------------------------------------------    -------------------

                         (clock clk rise edge)       10.000    10.000 r  <hidden>
                                                      0.000    10.000 r  clk
                         net (fo=9807, unset)         1.476    11.476    u_persp/clk
    SLICE_X42Y60         FDRE                                         r  u_persp/depth_v1_reg[35]/C
                         clock pessimism              0.115    11.591    <hidden>
                         clock uncertainty           -0.035    11.556    <hidden>
    SLICE_X42Y60         FDRE (Setup_fdre_C_D)        0.109    11.665    u_persp/depth_v1_reg[35]
  -------------------------------------------------------------------
                         required time                         11.665    <hidden>
                         arrival time                         -11.328    <hidden>
  -------------------------------------------------------------------
                         slack                                  0.337    <hidden>

Slack (MET) :             0.357ns  (required time - arrival time)
  Source:                 u_persp/pz2_reg[45]/C
                            (rising edge-triggered cell FDRE clocked by clk  {rise@0.000ns fall@5.000ns period=10.000ns})
  Destination:            u_persp/depth_v1_reg[33]/D
                            (rising edge-triggered cell FDRE clocked by clk  {rise@0.000ns fall@5.000ns period=10.000ns})
  Path Group:             clk
  Path Type:              Setup (Max at Slow Process Corner)
  Requirement:            10.000ns  (clk rise@10.000ns - clk rise@0.000ns)
  Data Path Delay:        9.656ns  (logic 5.095ns (52.765%)  route 4.561ns (47.235%))
  Logic Levels:           18  (CARRY4=12 LUT2=1 LUT3=2 LUT4=1 LUT5=1 LUT6=1)
  Clock Path Skew:        -0.061ns (DCD - SCD + CPR)
    Destination Clock Delay (DCD):    1.476ns = ( 11.476 - 10.000 ) 
    Source Clock Delay      (SCD):    1.652ns
    Clock Pessimism Removal (CPR):    0.115ns
  Clock Uncertainty:      0.035ns  ((TSJ^2 + TIJ^2)^1/2 + DJ) / 2 + PE
    Total System Jitter     (TSJ):    0.071ns
    Total Input Jitter      (TIJ):    0.000ns
    Discrete Jitter          (DJ):    0.000ns
    Phase Error              (PE):    0.000ns

    Location             Delay type                Incr(ns)  Path(ns)    Netlist Resource(s)
  -------------------------------------------------------------------    -------------------
                         (clock clk rise edge)        0.000     0.000 r  <hidden>
                                                      0.000     0.000 r  clk
                         net (fo=9807, unset)         1.652     1.652    u_persp/clk
    SLICE_X35Y56         FDRE                                         r  u_persp/pz2_reg[45]/C
  -------------------------------------------------------------------    -------------------
    SLICE_X35Y56         FDRE (Prop_fdre_C_Q)         0.456     2.108 r  u_persp/pz2_reg[45]/Q
                         net (fo=1, routed)           0.445     2.553    u_persp/nz[21]
    SLICE_X34Y58         CARRY4 (Prop_carry4_S[2]_CO[3])
                                                      0.504     3.057 r  u_persp/depth_v1_reg[20]_i_17/CO[3]
                         net (fo=1, routed)           0.000     3.057    u_persp/depth_v1_reg[20]_i_17_n_0
    SLICE_X34Y59         CARRY4 (Prop_carry4_CI_O[1])
                                                      0.323     3.380 r  u_persp/depth_v1_reg[20]_i_15/O[1]
                         net (fo=16, routed)          0.974     4.354    u_persp/depth_full1[24]
    SLICE_X37Y54         LUT2 (Prop_lut2_I1_O)        0.306     4.660 r  u_persp/depth_v1[12]_i_39/O
                         net (fo=1, routed)           0.000     4.660    u_persp/depth_v1[12]_i_39_n_0
    SLICE_X37Y54         CARRY4 (Prop_carry4_S[0]_CO[3])
                                                      0.532     5.192 r  u_persp/depth_v1_reg[12]_i_33/CO[3]
                         net (fo=1, routed)           0.000     5.192    u_persp/depth_v1_reg[12]_i_33_n_0
    SLICE_X37Y55         CARRY4 (Prop_carry4_CI_CO[3])
                                                      0.114     5.306 r  u_persp/depth_v1_reg[16]_i_33/CO[3]
                         net (fo=1, routed)           0.000     5.306    u_persp/depth_v1_reg[16]_i_33_n_0
    SLICE_X37Y56         CARRY4 (Prop_carry4_CI_CO[3])
                                                      0.114     5.420 r  u_persp/depth_v1_reg[20]_i_36/CO[3]
                         net (fo=1, routed)           0.000     5.420    u_persp/depth_v1_reg[20]_i_36_n_0
    SLICE_X37Y57         CARRY4 (Prop_carry4_CI_CO[3])
                                                      0.114     5.534 r  u_persp/depth_v1_reg[24]_i_35/CO[3]
                         net (fo=1, routed)           0.000     5.534    u_persp/depth_v1_reg[24]_i_35_n_0
    SLICE_X37Y58         CARRY4 (Prop_carry4_CI_O[0])
                                                      0.222     5.756 r  u_persp/depth_v1_reg[28]_i_35/O[0]
                         net (fo=2, routed)           0.839     6.595    u_persp/depth_v1_reg[28]_i_35_n_7
    SLICE_X32Y55         LUT3 (Prop_lut3_I1_O)        0.299     6.894 r  u_persp/depth_v1[28]_i_30/O
                         net (fo=2, routed)           0.737     7.631    u_persp/depth_v1[28]_i_30_n_0
    SLICE_X36Y57         LUT4 (Prop_lut4_I3_O)        0.124     7.755 r  u_persp/depth_v1[28]_i_34/O
                         net (fo=1, routed)           0.000     7.755    u_persp/depth_v1[28]_i_34_n_0
    SLICE_X36Y57         CARRY4 (Prop_carry4_S[0]_CO[3])
                                                      0.513     8.268 r  u_persp/depth_v1_reg[28]_i_13/CO[3]
                         net (fo=1, routed)           0.000     8.268    u_persp/depth_v1_reg[28]_i_13_n_0
    SLICE_X36Y58         CARRY4 (Prop_carry4_CI_O[0])
                                                      0.219     8.487 r  u_persp/depth_v1_reg[32]_i_13/O[0]
                         net (fo=3, routed)           0.785     9.272    u_persp/depth_v1_reg[32]_i_13_n_7
    SLICE_X49Y58         LUT3 (Prop_lut3_I1_O)        0.295     9.567 r  u_persp/depth_v1[28]_i_11/O
                         net (fo=2, routed)           0.321     9.888    u_persp/depth_v1[28]_i_11_n_0
    SLICE_X45Y58         LUT5 (Prop_lut5_I1_O)        0.124    10.012 r  u_persp/depth_v1[28]_i_2/O
                         net (fo=2, routed)           0.460    10.472    u_persp/depth_v1[28]_i_2_n_0
    SLICE_X42Y58         LUT6 (Prop_lut6_I0_O)        0.124    10.596 r  u_persp/depth_v1[28]_i_6/O
                         net (fo=1, routed)           0.000    10.596    u_persp/depth_v1[28]_i_6_n_0
    SLICE_X42Y58         CARRY4 (Prop_carry4_S[3]_CO[3])
                                                      0.376    10.972 r  u_persp/depth_v1_reg[28]_i_1/CO[3]
                         net (fo=1, routed)           0.000    10.972    u_persp/depth_v1_reg[28]_i_1_n_0
    SLICE_X42Y59         CARRY4 (Prop_carry4_CI_CO[3])
                                                      0.117    11.089 r  u_persp/depth_v1_reg[32]_i_1/CO[3]
                         net (fo=1, routed)           0.000    11.089    u_persp/depth_v1_reg[32]_i_1_n_0
    SLICE_X42Y60         CARRY4 (Prop_carry4_CI_O[0])
                                                      0.219    11.308 r  u_persp/depth_v1_reg[47]_i_1/O[0]
                         net (fo=1, routed)           0.000    11.308    u_persp/depth_v1_reg[47]_i_1_n_7
    SLICE_X42Y60         FDRE                                         r  u_persp/depth_v1_reg[33]/D
  -------------------------------------------------------------------    -------------------

                         (clock clk rise edge)       10.000    10.000 r  <hidden>
                                                      0.000    10.000 r  clk
                         net (fo=9807, unset)         1.476    11.476    u_persp/clk
    SLICE_X42Y60         FDRE                                         r  u_persp/depth_v1_reg[33]/C
                         clock pessimism              0.115    11.591    <hidden>
                         clock uncertainty           -0.035    11.556    <hidden>
    SLICE_X42Y60         FDRE (Setup_fdre_C_D)        0.109    11.665    u_persp/depth_v1_reg[33]
  -------------------------------------------------------------------
                         required time                         11.665    <hidden>
                         arrival time                         -11.308    <hidden>
  -------------------------------------------------------------------
                         slack                                  0.357    <hidden>

Slack (MET) :             0.370ns  (required time - arrival time)
  Source:                 u_persp/pz2_reg[45]/C
                            (rising edge-triggered cell FDRE clocked by clk  {rise@0.000ns fall@5.000ns period=10.000ns})
  Destination:            u_persp/depth_v1_reg[30]/D
                            (rising edge-triggered cell FDRE clocked by clk  {rise@0.000ns fall@5.000ns period=10.000ns})
  Path Group:             clk
  Path Type:              Setup (Max at Slow Process Corner)
  Requirement:            10.000ns  (clk rise@10.000ns - clk rise@0.000ns)
  Data Path Delay:        9.643ns  (logic 5.082ns (52.701%)  route 4.561ns (47.299%))
  Logic Levels:           17  (CARRY4=11 LUT2=1 LUT3=2 LUT4=1 LUT5=1 LUT6=1)
  Clock Path Skew:        -0.061ns (DCD - SCD + CPR)
    Destination Clock Delay (DCD):    1.476ns = ( 11.476 - 10.000 ) 
    Source Clock Delay      (SCD):    1.652ns
    Clock Pessimism Removal (CPR):    0.115ns
  Clock Uncertainty:      0.035ns  ((TSJ^2 + TIJ^2)^1/2 + DJ) / 2 + PE
    Total System Jitter     (TSJ):    0.071ns
    Total Input Jitter      (TIJ):    0.000ns
    Discrete Jitter          (DJ):    0.000ns
    Phase Error              (PE):    0.000ns

    Location             Delay type                Incr(ns)  Path(ns)    Netlist Resource(s)
  -------------------------------------------------------------------    -------------------
                         (clock clk rise edge)        0.000     0.000 r  <hidden>
                                                      0.000     0.000 r  clk
                         net (fo=9807, unset)         1.652     1.652    u_persp/clk
    SLICE_X35Y56         FDRE                                         r  u_persp/pz2_reg[45]/C
  -------------------------------------------------------------------    -------------------
    SLICE_X35Y56         FDRE (Prop_fdre_C_Q)         0.456     2.108 r  u_persp/pz2_reg[45]/Q
                         net (fo=1, routed)           0.445     2.553    u_persp/nz[21]
    SLICE_X34Y58         CARRY4 (Prop_carry4_S[2]_CO[3])
                                                      0.504     3.057 r  u_persp/depth_v1_reg[20]_i_17/CO[3]
                         net (fo=1, routed)           0.000     3.057    u_persp/depth_v1_reg[20]_i_17_n_0
    SLICE_X34Y59         CARRY4 (Prop_carry4_CI_O[1])
                                                      0.323     3.380 r  u_persp/depth_v1_reg[20]_i_15/O[1]
                         net (fo=16, routed)          0.974     4.354    u_persp/depth_full1[24]
    SLICE_X37Y54         LUT2 (Prop_lut2_I1_O)        0.306     4.660 r  u_persp/depth_v1[12]_i_39/O
                         net (fo=1, routed)           0.000     4.660    u_persp/depth_v1[12]_i_39_n_0
    SLICE_X37Y54         CARRY4 (Prop_carry4_S[0]_CO[3])
                                                      0.532     5.192 r  u_persp/depth_v1_reg[12]_i_33/CO[3]
                         net (fo=1, routed)           0.000     5.192    u_persp/depth_v1_reg[12]_i_33_n_0
    SLICE_X37Y55         CARRY4 (Prop_carry4_CI_CO[3])
                                                      0.114     5.306 r  u_persp/depth_v1_reg[16]_i_33/CO[3]
                         net (fo=1, routed)           0.000     5.306    u_persp/depth_v1_reg[16]_i_33_n_0
    SLICE_X37Y56         CARRY4 (Prop_carry4_CI_CO[3])
                                                      0.114     5.420 r  u_persp/depth_v1_reg[20]_i_36/CO[3]
                         net (fo=1, routed)           0.000     5.420    u_persp/depth_v1_reg[20]_i_36_n_0
    SLICE_X37Y57         CARRY4 (Prop_carry4_CI_CO[3])
                                                      0.114     5.534 r  u_persp/depth_v1_reg[24]_i_35/CO[3]
                         net (fo=1, routed)           0.000     5.534    u_persp/depth_v1_reg[24]_i_35_n_0
    SLICE_X37Y58         CARRY4 (Prop_carry4_CI_O[0])
                                                      0.222     5.756 r  u_persp/depth_v1_reg[28]_i_35/O[0]
                         net (fo=2, routed)           0.839     6.595    u_persp/depth_v1_reg[28]_i_35_n_7
    SLICE_X32Y55         LUT3 (Prop_lut3_I1_O)        0.299     6.894 r  u_persp/depth_v1[28]_i_30/O
                         net (fo=2, routed)           0.737     7.631    u_persp/depth_v1[28]_i_30_n_0
    SLICE_X36Y57         LUT4 (Prop_lut4_I3_O)        0.124     7.755 r  u_persp/depth_v1[28]_i_34/O
                         net (fo=1, routed)           0.000     7.755    u_persp/depth_v1[28]_i_34_n_0
    SLICE_X36Y57         CARRY4 (Prop_carry4_S[0]_CO[3])
                                                      0.513     8.268 r  u_persp/depth_v1_reg[28]_i_13/CO[3]
                         net (fo=1, routed)           0.000     8.268    u_persp/depth_v1_reg[28]_i_13_n_0
    SLICE_X36Y58         CARRY4 (Prop_carry4_CI_O[0])
                                                      0.219     8.487 r  u_persp/depth_v1_reg[32]_i_13/O[0]
                         net (fo=3, routed)           0.785     9.272    u_persp/depth_v1_reg[32]_i_13_n_7
    SLICE_X49Y58         LUT3 (Prop_lut3_I1_O)        0.295     9.567 r  u_persp/depth_v1[28]_i_11/O
                         net (fo=2, routed)           0.321     9.888    u_persp/depth_v1[28]_i_11_n_0
    SLICE_X45Y58         LUT5 (Prop_lut5_I1_O)        0.124    10.012 r  u_persp/depth_v1[28]_i_2/O
                         net (fo=2, routed)           0.460    10.472    u_persp/depth_v1[28]_i_2_n_0
    SLICE_X42Y58         LUT6 (Prop_lut6_I0_O)        0.124    10.596 r  u_persp/depth_v1[28]_i_6/O
                         net (fo=1, routed)           0.000    10.596    u_persp/depth_v1[28]_i_6_n_0
    SLICE_X42Y58         CARRY4 (Prop_carry4_S[3]_CO[3])
                                                      0.376    10.972 r  u_persp/depth_v1_reg[28]_i_1/CO[3]
                         net (fo=1, routed)           0.000    10.972    u_persp/depth_v1_reg[28]_i_1_n_0
    SLICE_X42Y59         CARRY4 (Prop_carry4_CI_O[1])
                                                      0.323    11.295 r  u_persp/depth_v1_reg[32]_i_1/O[1]
                         net (fo=1, routed)           0.000    11.295    u_persp/depth_v1_reg[32]_i_1_n_6
    SLICE_X42Y59         FDRE                                         r  u_persp/depth_v1_reg[30]/D
  -------------------------------------------------------------------    -------------------

                         (clock clk rise edge)       10.000    10.000 r  <hidden>
                                                      0.000    10.000 r  clk
                         net (fo=9807, unset)         1.476    11.476    u_persp/clk
    SLICE_X42Y59         FDRE                                         r  u_persp/depth_v1_reg[30]/C
                         clock pessimism              0.115    11.591    <hidden>
                         clock uncertainty           -0.035    11.556    <hidden>
    SLICE_X42Y59         FDRE (Setup_fdre_C_D)        0.109    11.665    u_persp/depth_v1_reg[30]
  -------------------------------------------------------------------
                         required time                         11.665    <hidden>
                         arrival time                         -11.295    <hidden>
  -------------------------------------------------------------------
                         slack                                  0.370    <hidden>

Slack (MET) :             0.378ns  (required time - arrival time)
  Source:                 u_persp/pz2_reg[45]/C
                            (rising edge-triggered cell FDRE clocked by clk  {rise@0.000ns fall@5.000ns period=10.000ns})
  Destination:            u_persp/depth_v1_reg[32]/D
                            (rising edge-triggered cell FDRE clocked by clk  {rise@0.000ns fall@5.000ns period=10.000ns})
  Path Group:             clk
  Path Type:              Setup (Max at Slow Process Corner)
  Requirement:            10.000ns  (clk rise@10.000ns - clk rise@0.000ns)
  Data Path Delay:        9.635ns  (logic 5.074ns (52.662%)  route 4.561ns (47.338%))
  Logic Levels:           17  (CARRY4=11 LUT2=1 LUT3=2 LUT4=1 LUT5=1 LUT6=1)
  Clock Path Skew:        -0.061ns (DCD - SCD + CPR)
    Destination Clock Delay (DCD):    1.476ns = ( 11.476 - 10.000 ) 
    Source Clock Delay      (SCD):    1.652ns
    Clock Pessimism Removal (CPR):    0.115ns
  Clock Uncertainty:      0.035ns  ((TSJ^2 + TIJ^2)^1/2 + DJ) / 2 + PE
    Total System Jitter     (TSJ):    0.071ns
    Total Input Jitter      (TIJ):    0.000ns
    Discrete Jitter          (DJ):    0.000ns
    Phase Error              (PE):    0.000ns

    Location             Delay type                Incr(ns)  Path(ns)    Netlist Resource(s)
  -------------------------------------------------------------------    -------------------
                         (clock clk rise edge)        0.000     0.000 r  <hidden>
                                                      0.000     0.000 r  clk
                         net (fo=9807, unset)         1.652     1.652    u_persp/clk
    SLICE_X35Y56         FDRE                                         r  u_persp/pz2_reg[45]/C
  -------------------------------------------------------------------    -------------------
    SLICE_X35Y56         FDRE (Prop_fdre_C_Q)         0.456     2.108 r  u_persp/pz2_reg[45]/Q
                         net (fo=1, routed)           0.445     2.553    u_persp/nz[21]
    SLICE_X34Y58         CARRY4 (Prop_carry4_S[2]_CO[3])
                                                      0.504     3.057 r  u_persp/depth_v1_reg[20]_i_17/CO[3]
                         net (fo=1, routed)           0.000     3.057    u_persp/depth_v1_reg[20]_i_17_n_0
    SLICE_X34Y59         CARRY4 (Prop_carry4_CI_O[1])
                                                      0.323     3.380 r  u_persp/depth_v1_reg[20]_i_15/O[1]
                         net (fo=16, routed)          0.974     4.354    u_persp/depth_full1[24]
    SLICE_X37Y54         LUT2 (Prop_lut2_I1_O)        0.306     4.660 r  u_persp/depth_v1[12]_i_39/O
                         net (fo=1, routed)           0.000     4.660    u_persp/depth_v1[12]_i_39_n_0
    SLICE_X37Y54         CARRY4 (Prop_carry4_S[0]_CO[3])
                                                      0.532     5.192 r  u_persp/depth_v1_reg[12]_i_33/CO[3]
                         net (fo=1, routed)           0.000     5.192    u_persp/depth_v1_reg[12]_i_33_n_0
    SLICE_X37Y55         CARRY4 (Prop_carry4_CI_CO[3])
                                                      0.114     5.306 r  u_persp/depth_v1_reg[16]_i_33/CO[3]
                         net (fo=1, routed)           0.000     5.306    u_persp/depth_v1_reg[16]_i_33_n_0
    SLICE_X37Y56         CARRY4 (Prop_carry4_CI_CO[3])
                                                      0.114     5.420 r  u_persp/depth_v1_reg[20]_i_36/CO[3]
                         net (fo=1, routed)           0.000     5.420    u_persp/depth_v1_reg[20]_i_36_n_0
    SLICE_X37Y57         CARRY4 (Prop_carry4_CI_CO[3])
                                                      0.114     5.534 r  u_persp/depth_v1_reg[24]_i_35/CO[3]
                         net (fo=1, routed)           0.000     5.534    u_persp/depth_v1_reg[24]_i_35_n_0
    SLICE_X37Y58         CARRY4 (Prop_carry4_CI_O[0])
                                                      0.222     5.756 r  u_persp/depth_v1_reg[28]_i_35/O[0]
                         net (fo=2, routed)           0.839     6.595    u_persp/depth_v1_reg[28]_i_35_n_7
    SLICE_X32Y55         LUT3 (Prop_lut3_I1_O)        0.299     6.894 r  u_persp/depth_v1[28]_i_30/O
                         net (fo=2, routed)           0.737     7.631    u_persp/depth_v1[28]_i_30_n_0
    SLICE_X36Y57         LUT4 (Prop_lut4_I3_O)        0.124     7.755 r  u_persp/depth_v1[28]_i_34/O
                         net (fo=1, routed)           0.000     7.755    u_persp/depth_v1[28]_i_34_n_0
    SLICE_X36Y57         CARRY4 (Prop_carry4_S[0]_CO[3])
                                                      0.513     8.268 r  u_persp/depth_v1_reg[28]_i_13/CO[3]
                         net (fo=1, routed)           0.000     8.268    u_persp/depth_v1_reg[28]_i_13_n_0
    SLICE_X36Y58         CARRY4 (Prop_carry4_CI_O[0])
                                                      0.219     8.487 r  u_persp/depth_v1_reg[32]_i_13/O[0]
                         net (fo=3, routed)           0.785     9.272    u_persp/depth_v1_reg[32]_i_13_n_7
    SLICE_X49Y58         LUT3 (Prop_lut3_I1_O)        0.295     9.567 r  u_persp/depth_v1[28]_i_11/O
                         net (fo=2, routed)           0.321     9.888    u_persp/depth_v1[28]_i_11_n_0
    SLICE_X45Y58         LUT5 (Prop_lut5_I1_O)        0.124    10.012 r  u_persp/depth_v1[28]_i_2/O
                         net (fo=2, routed)           0.460    10.472    u_persp/depth_v1[28]_i_2_n_0
    SLICE_X42Y58         LUT6 (Prop_lut6_I0_O)        0.124    10.596 r  u_persp/depth_v1[28]_i_6/O
                         net (fo=1, routed)           0.000    10.596    u_persp/depth_v1[28]_i_6_n_0
    SLICE_X42Y58         CARRY4 (Prop_carry4_S[3]_CO[3])
                                                      0.376    10.972 r  u_persp/depth_v1_reg[28]_i_1/CO[3]
                         net (fo=1, routed)           0.000    10.972    u_persp/depth_v1_reg[28]_i_1_n_0
    SLICE_X42Y59         CARRY4 (Prop_carry4_CI_O[3])
                                                      0.315    11.287 r  u_persp/depth_v1_reg[32]_i_1/O[3]
                         net (fo=1, routed)           0.000    11.287    u_persp/depth_v1_reg[32]_i_1_n_4
    SLICE_X42Y59         FDRE                                         r  u_persp/depth_v1_reg[32]/D
  -------------------------------------------------------------------    -------------------

                         (clock clk rise edge)       10.000    10.000 r  <hidden>
                                                      0.000    10.000 r  clk
                         net (fo=9807, unset)         1.476    11.476    u_persp/clk
    SLICE_X42Y59         FDRE                                         r  u_persp/depth_v1_reg[32]/C
                         clock pessimism              0.115    11.591    <hidden>
                         clock uncertainty           -0.035    11.556    <hidden>
    SLICE_X42Y59         FDRE (Setup_fdre_C_D)        0.109    11.665    u_persp/depth_v1_reg[32]
  -------------------------------------------------------------------
                         required time                         11.665    <hidden>
                         arrival time                         -11.287    <hidden>
  -------------------------------------------------------------------
                         slack                                  0.378    <hidden>

Slack (MET) :             0.454ns  (required time - arrival time)
  Source:                 u_persp/pz2_reg[45]/C
                            (rising edge-triggered cell FDRE clocked by clk  {rise@0.000ns fall@5.000ns period=10.000ns})
  Destination:            u_persp/depth_v1_reg[31]/D
                            (rising edge-triggered cell FDRE clocked by clk  {rise@0.000ns fall@5.000ns period=10.000ns})
  Path Group:             clk
  Path Type:              Setup (Max at Slow Process Corner)
  Requirement:            10.000ns  (clk rise@10.000ns - clk rise@0.000ns)
  Data Path Delay:        9.559ns  (logic 4.998ns (52.285%)  route 4.561ns (47.715%))
  Logic Levels:           17  (CARRY4=11 LUT2=1 LUT3=2 LUT4=1 LUT5=1 LUT6=1)
  Clock Path Skew:        -0.061ns (DCD - SCD + CPR)
    Destination Clock Delay (DCD):    1.476ns = ( 11.476 - 10.000 ) 
    Source Clock Delay      (SCD):    1.652ns
    Clock Pessimism Removal (CPR):    0.115ns
  Clock Uncertainty:      0.035ns  ((TSJ^2 + TIJ^2)^1/2 + DJ) / 2 + PE
    Total System Jitter     (TSJ):    0.071ns
    Total Input Jitter      (TIJ):    0.000ns
    Discrete Jitter          (DJ):    0.000ns
    Phase Error              (PE):    0.000ns

    Location             Delay type                Incr(ns)  Path(ns)    Netlist Resource(s)
  -------------------------------------------------------------------    -------------------
                         (clock clk rise edge)        0.000     0.000 r  <hidden>
                                                      0.000     0.000 r  clk
                         net (fo=9807, unset)         1.652     1.652    u_persp/clk
    SLICE_X35Y56         FDRE                                         r  u_persp/pz2_reg[45]/C
  -------------------------------------------------------------------    -------------------
    SLICE_X35Y56         FDRE (Prop_fdre_C_Q)         0.456     2.108 r  u_persp/pz2_reg[45]/Q
                         net (fo=1, routed)           0.445     2.553    u_persp/nz[21]
    SLICE_X34Y58         CARRY4 (Prop_carry4_S[2]_CO[3])
                                                      0.504     3.057 r  u_persp/depth_v1_reg[20]_i_17/CO[3]
                         net (fo=1, routed)           0.000     3.057    u_persp/depth_v1_reg[20]_i_17_n_0
    SLICE_X34Y59         CARRY4 (Prop_carry4_CI_O[1])
                                                      0.323     3.380 r  u_persp/depth_v1_reg[20]_i_15/O[1]
                         net (fo=16, routed)          0.974     4.354    u_persp/depth_full1[24]
    SLICE_X37Y54         LUT2 (Prop_lut2_I1_O)        0.306     4.660 r  u_persp/depth_v1[12]_i_39/O
                         net (fo=1, routed)           0.000     4.660    u_persp/depth_v1[12]_i_39_n_0
    SLICE_X37Y54         CARRY4 (Prop_carry4_S[0]_CO[3])
                                                      0.532     5.192 r  u_persp/depth_v1_reg[12]_i_33/CO[3]
                         net (fo=1, routed)           0.000     5.192    u_persp/depth_v1_reg[12]_i_33_n_0
    SLICE_X37Y55         CARRY4 (Prop_carry4_CI_CO[3])
                                                      0.114     5.306 r  u_persp/depth_v1_reg[16]_i_33/CO[3]
                         net (fo=1, routed)           0.000     5.306    u_persp/depth_v1_reg[16]_i_33_n_0
    SLICE_X37Y56         CARRY4 (Prop_carry4_CI_CO[3])
                                                      0.114     5.420 r  u_persp/depth_v1_reg[20]_i_36/CO[3]
                         net (fo=1, routed)           0.000     5.420    u_persp/depth_v1_reg[20]_i_36_n_0
    SLICE_X37Y57         CARRY4 (Prop_carry4_CI_CO[3])
                                                      0.114     5.534 r  u_persp/depth_v1_reg[24]_i_35/CO[3]
                         net (fo=1, routed)           0.000     5.534    u_persp/depth_v1_reg[24]_i_35_n_0
    SLICE_X37Y58         CARRY4 (Prop_carry4_CI_O[0])
                                                      0.222     5.756 r  u_persp/depth_v1_reg[28]_i_35/O[0]
                         net (fo=2, routed)           0.839     6.595    u_persp/depth_v1_reg[28]_i_35_n_7
    SLICE_X32Y55         LUT3 (Prop_lut3_I1_O)        0.299     6.894 r  u_persp/depth_v1[28]_i_30/O
                         net (fo=2, routed)           0.737     7.631    u_persp/depth_v1[28]_i_30_n_0
    SLICE_X36Y57         LUT4 (Prop_lut4_I3_O)        0.124     7.755 r  u_persp/depth_v1[28]_i_34/O
                         net (fo=1, routed)           0.000     7.755    u_persp/depth_v1[28]_i_34_n_0
    SLICE_X36Y57         CARRY4 (Prop_carry4_S[0]_CO[3])
                                                      0.513     8.268 r  u_persp/depth_v1_reg[28]_i_13/CO[3]
                         net (fo=1, routed)           0.000     8.268    u_persp/depth_v1_reg[28]_i_13_n_0
    SLICE_X36Y58         CARRY4 (Prop_carry4_CI_O[0])
                                                      0.219     8.487 r  u_persp/depth_v1_reg[32]_i_13/O[0]
                         net (fo=3, routed)           0.785     9.272    u_persp/depth_v1_reg[32]_i_13_n_7
    SLICE_X49Y58         LUT3 (Prop_lut3_I1_O)        0.295     9.567 r  u_persp/depth_v1[28]_i_11/O
                         net (fo=2, routed)           0.321     9.888    u_persp/depth_v1[28]_i_11_n_0
    SLICE_X45Y58         LUT5 (Prop_lut5_I1_O)        0.124    10.012 r  u_persp/depth_v1[28]_i_2/O
                         net (fo=2, routed)           0.460    10.472    u_persp/depth_v1[28]_i_2_n_0
    SLICE_X42Y58         LUT6 (Prop_lut6_I0_O)        0.124    10.596 r  u_persp/depth_v1[28]_i_6/O
                         net (fo=1, routed)           0.000    10.596    u_persp/depth_v1[28]_i_6_n_0
    SLICE_X42Y58         CARRY4 (Prop_carry4_S[3]_CO[3])
                                                      0.376    10.972 r  u_persp/depth_v1_reg[28]_i_1/CO[3]
                         net (fo=1, routed)           0.000    10.972    u_persp/depth_v1_reg[28]_i_1_n_0
    SLICE_X42Y59         CARRY4 (Prop_carry4_CI_O[2])
                                                      0.239    11.211 r  u_persp/depth_v1_reg[32]_i_1/O[2]
                         net (fo=1, routed)           0.000    11.211    u_persp/depth_v1_reg[32]_i_1_n_5
    SLICE_X42Y59         FDRE                                         r  u_persp/depth_v1_reg[31]/D
  -------------------------------------------------------------------    -------------------

                         (clock clk rise edge)       10.000    10.000 r  <hidden>
                                                      0.000    10.000 r  clk
                         net (fo=9807, unset)         1.476    11.476    u_persp/clk
    SLICE_X42Y59         FDRE                                         r  u_persp/depth_v1_reg[31]/C
                         clock pessimism              0.115    11.591    <hidden>
                         clock uncertainty           -0.035    11.556    <hidden>
    SLICE_X42Y59         FDRE (Setup_fdre_C_D)        0.109    11.665    u_persp/depth_v1_reg[31]
  -------------------------------------------------------------------
                         required time                         11.665    <hidden>
                         arrival time                         -11.211    <hidden>
  -------------------------------------------------------------------
                         slack                                  0.454    <hidden>

Slack (MET) :             0.473ns  (required time - arrival time)
  Source:                 u_fetch/req_left_reg[28]/C
                            (rising edge-triggered cell FDCE clocked by clk  {rise@0.000ns fall@5.000ns period=10.000ns})
  Destination:            u_fetch/req_left_reg[29]/D
                            (rising edge-triggered cell FDCE clocked by clk  {rise@0.000ns fall@5.000ns period=10.000ns})
  Path Group:             clk
  Path Type:              Setup (Max at Slow Process Corner)
  Requirement:            10.000ns  (clk rise@10.000ns - clk rise@0.000ns)
  Data Path Delay:        9.577ns  (logic 4.222ns (44.083%)  route 5.355ns (55.917%))
  Logic Levels:           19  (CARRY4=10 LUT3=1 LUT4=1 LUT5=1 LUT6=6)
  Clock Path Skew:        -0.023ns (DCD - SCD + CPR)
    Destination Clock Delay (DCD):    1.484ns = ( 11.484 - 10.000 ) 
    Source Clock Delay      (SCD):    1.656ns
    Clock Pessimism Removal (CPR):    0.149ns
  Clock Uncertainty:      0.035ns  ((TSJ^2 + TIJ^2)^1/2 + DJ) / 2 + PE
    Total System Jitter     (TSJ):    0.071ns
    Total Input Jitter      (TIJ):    0.000ns
    Discrete Jitter          (DJ):    0.000ns
    Phase Error              (PE):    0.000ns

    Location             Delay type                Incr(ns)  Path(ns)    Netlist Resource(s)
  -------------------------------------------------------------------    -------------------
                         (clock clk rise edge)        0.000     0.000 r  <hidden>
                                                      0.000     0.000 r  clk
                         net (fo=9807, unset)         1.656     1.656    u_fetch/clk
    SLICE_X38Y30         FDCE                                         r  u_fetch/req_left_reg[28]/C
  -------------------------------------------------------------------    -------------------
    SLICE_X38Y30         FDCE (Prop_fdce_C_Q)         0.518     2.174 f  u_fetch/req_left_reg[28]/Q
                         net (fo=2, routed)           1.039     3.213    u_fetch/req_left_reg_n_0_[28]
    SLICE_X37Y26         LUT6 (Prop_lut6_I0_O)        0.124     3.337 f  u_fetch/m_axi_arlen[2]_i_5/O
                         net (fo=1, routed)           0.264     3.601    u_fetch/m_axi_arlen[2]_i_5_n_0
    SLICE_X37Y26         LUT6 (Prop_lut6_I0_O)        0.124     3.725 f  u_fetch/m_axi_arlen[2]_i_2/O
                         net (fo=6, routed)           0.352     4.077    u_fetch/m_axi_arlen[2]_i_2_n_0
    SLICE_X37Y24         LUT3 (Prop_lut3_I2_O)        0.124     4.201 r  u_fetch/m_axi_arlen[3]_i_2/O
                         net (fo=9, routed)           0.507     4.708    u_fetch/m_axi_arlen[3]_i_2_n_0
    SLICE_X34Y25         LUT5 (Prop_lut5_I1_O)        0.124     4.832 r  u_fetch/m_axi_arlen[3]_i_10/O
                         net (fo=1, routed)           0.000     4.832    u_fetch/m_axi_arlen[3]_i_10_n_0
    SLICE_X34Y25         CARRY4 (Prop_carry4_S[1]_CO[3])
                                                      0.533     5.365 r  u_fetch/m_axi_arlen_reg[3]_i_4/CO[3]
                         net (fo=1, routed)           0.000     5.365    u_fetch/m_axi_arlen_reg[3]_i_4_n_0
    SLICE_X34Y26         CARRY4 (Prop_carry4_CI_CO[0])
                                                      0.254     5.619 r  u_fetch/m_axi_arlen_reg[3]_i_3/CO[0]
                         net (fo=8, routed)           0.536     6.156    u_fetch/m_axi_arlen_reg[3]_i_3_n_3
    SLICE_X34Y27         LUT6 (Prop_lut6_I1_O)        0.367     6.523 f  u_fetch/len_q_reg_0_3_0_2_i_3/O
                         net (fo=10, routed)          0.605     7.127    u_fetch/burst_v[0]
    SLICE_X33Y26         LUT6 (Prop_lut6_I3_O)        0.124     7.251 r  u_fetch/m_axi_arvalid_i_13/O
                         net (fo=1, routed)           0.573     7.824    u_fetch/m_axi_arvalid_i_13_n_0
    SLICE_X33Y26         LUT6 (Prop_lut6_I1_O)        0.124     7.948 r  u_fetch/m_axi_arvalid_i_5/O
                         net (fo=2, routed)           0.748     8.696    u_fetch/m_axi_arvalid_i_5_n_0
    SLICE_X35Y22         LUT6 (Prop_lut6_I4_O)        0.124     8.820 r  u_fetch/m_axi_araddr[31]_i_2_comp/O
                         net (fo=141, routed)         0.722     9.542    u_fetch/can_issue
    SLICE_X38Y23         LUT4 (Prop_lut4_I2_O)        0.124     9.666 r  u_fetch/req_left[3]_i_8/O
                         net (fo=1, routed)           0.000     9.666    u_fetch/req_left[3]_i_8_n_0
    SLICE_X38Y23         CARRY4 (Prop_carry4_S[1]_CO[3])
                                                      0.533    10.199 r  u_fetch/req_left_reg[3]_i_1/CO[3]
                         net (fo=1, routed)           0.000    10.199    u_fetch/req_left_reg[3]_i_1_n_0
    SLICE_X38Y24         CARRY4 (Prop_carry4_CI_CO[3])
                                                      0.117    10.316 r  u_fetch/req_left_reg[7]_i_1/CO[3]
                         net (fo=1, routed)           0.009    10.325    u_fetch/req_left_reg[7]_i_1_n_0
    SLICE_X38Y25         CARRY4 (Prop_carry4_CI_CO[3])
                                                      0.117    10.442 r  u_fetch/req_left_reg[11]_i_1/CO[3]
                         net (fo=1, routed)           0.000    10.442    u_fetch/req_left_reg[11]_i_1_n_0
    SLICE_X38Y26         CARRY4 (Prop_carry4_CI_CO[3])
                                                      0.117    10.559 r  u_fetch/req_left_reg[15]_i_1/CO[3]
                         net (fo=1, routed)           0.000    10.559    u_fetch/req_left_reg[15]_i_1_n_0
    SLICE_X38Y27         CARRY4 (Prop_carry4_CI_CO[3])
                                                      0.117    10.676 r  u_fetch/req_left_reg[19]_i_1/CO[3]
                         net (fo=1, routed)           0.000    10.676    u_fetch/req_left_reg[19]_i_1_n_0
    SLICE_X38Y28         CARRY4 (Prop_carry4_CI_CO[3])
                                                      0.117    10.793 r  u_fetch/req_left_reg[23]_i_1/CO[3]
                         net (fo=1, routed)           0.000    10.793    u_fetch/req_left_reg[23]_i_1_n_0
    SLICE_X38Y29         CARRY4 (Prop_carry4_CI_CO[3])
                                                      0.117    10.910 r  u_fetch/req_left_reg[27]_i_1/CO[3]
                         net (fo=1, routed)           0.000    10.910    u_fetch/req_left_reg[27]_i_1_n_0
    SLICE_X38Y30         CARRY4 (Prop_carry4_CI_O[1])
                                                      0.323    11.233 r  u_fetch/req_left_reg[31]_i_2/O[1]
                         net (fo=1, routed)           0.000    11.233    u_fetch/req_left_reg[31]_i_2_n_6
    SLICE_X38Y30         FDCE                                         r  u_fetch/req_left_reg[29]/D
  -------------------------------------------------------------------    -------------------

                         (clock clk rise edge)       10.000    10.000 r  <hidden>
                                                      0.000    10.000 r  clk
                         net (fo=9807, unset)         1.484    11.484    u_fetch/clk
    SLICE_X38Y30         FDCE                                         r  u_fetch/req_left_reg[29]/C
                         clock pessimism              0.149    11.633    <hidden>
                         clock uncertainty           -0.035    11.598    <hidden>
    SLICE_X38Y30         FDCE (Setup_fdce_C_D)        0.109    11.707    u_fetch/req_left_reg[29]
  -------------------------------------------------------------------
                         required time                         11.707    <hidden>
                         arrival time                         -11.233    <hidden>
  -------------------------------------------------------------------
                         slack                                  0.473    <hidden>

Slack (MET) :             0.474ns  (required time - arrival time)
  Source:                 u_persp/pz2_reg[45]/C
                            (rising edge-triggered cell FDRE clocked by clk  {rise@0.000ns fall@5.000ns period=10.000ns})
  Destination:            u_persp/depth_v1_reg[29]/D
                            (rising edge-triggered cell FDRE clocked by clk  {rise@0.000ns fall@5.000ns period=10.000ns})
  Path Group:             clk
  Path Type:              Setup (Max at Slow Process Corner)
  Requirement:            10.000ns  (clk rise@10.000ns - clk rise@0.000ns)
  Data Path Delay:        9.539ns  (logic 4.978ns (52.185%)  route 4.561ns (47.815%))
  Logic Levels:           17  (CARRY4=11 LUT2=1 LUT3=2 LUT4=1 LUT5=1 LUT6=1)
  Clock Path Skew:        -0.061ns (DCD - SCD + CPR)
    Destination Clock Delay (DCD):    1.476ns = ( 11.476 - 10.000 ) 
    Source Clock Delay      (SCD):    1.652ns
    Clock Pessimism Removal (CPR):    0.115ns
  Clock Uncertainty:      0.035ns  ((TSJ^2 + TIJ^2)^1/2 + DJ) / 2 + PE
    Total System Jitter     (TSJ):    0.071ns
    Total Input Jitter      (TIJ):    0.000ns
    Discrete Jitter          (DJ):    0.000ns
    Phase Error              (PE):    0.000ns

    Location             Delay type                Incr(ns)  Path(ns)    Netlist Resource(s)
  -------------------------------------------------------------------    -------------------
                         (clock clk rise edge)        0.000     0.000 r  <hidden>
                                                      0.000     0.000 r  clk
                         net (fo=9807, unset)         1.652     1.652    u_persp/clk
    SLICE_X35Y56         FDRE                                         r  u_persp/pz2_reg[45]/C
  -------------------------------------------------------------------    -------------------
    SLICE_X35Y56         FDRE (Prop_fdre_C_Q)         0.456     2.108 r  u_persp/pz2_reg[45]/Q
                         net (fo=1, routed)           0.445     2.553    u_persp/nz[21]
    SLICE_X34Y58         CARRY4 (Prop_carry4_S[2]_CO[3])
                                                      0.504     3.057 r  u_persp/depth_v1_reg[20]_i_17/CO[3]
                         net (fo=1, routed)           0.000     3.057    u_persp/depth_v1_reg[20]_i_17_n_0
    SLICE_X34Y59         CARRY4 (Prop_carry4_CI_O[1])
                                                      0.323     3.380 r  u_persp/depth_v1_reg[20]_i_15/O[1]
                         net (fo=16, routed)          0.974     4.354    u_persp/depth_full1[24]
    SLICE_X37Y54         LUT2 (Prop_lut2_I1_O)        0.306     4.660 r  u_persp/depth_v1[12]_i_39/O
                         net (fo=1, routed)           0.000     4.660    u_persp/depth_v1[12]_i_39_n_0
    SLICE_X37Y54         CARRY4 (Prop_carry4_S[0]_CO[3])
                                                      0.532     5.192 r  u_persp/depth_v1_reg[12]_i_33/CO[3]
                         net (fo=1, routed)           0.000     5.192    u_persp/depth_v1_reg[12]_i_33_n_0
    SLICE_X37Y55         CARRY4 (Prop_carry4_CI_CO[3])
                                                      0.114     5.306 r  u_persp/depth_v1_reg[16]_i_33/CO[3]
                         net (fo=1, routed)           0.000     5.306    u_persp/depth_v1_reg[16]_i_33_n_0
    SLICE_X37Y56         CARRY4 (Prop_carry4_CI_CO[3])
                                                      0.114     5.420 r  u_persp/depth_v1_reg[20]_i_36/CO[3]
                         net (fo=1, routed)           0.000     5.420    u_persp/depth_v1_reg[20]_i_36_n_0
    SLICE_X37Y57         CARRY4 (Prop_carry4_CI_CO[3])
                                                      0.114     5.534 r  u_persp/depth_v1_reg[24]_i_35/CO[3]
                         net (fo=1, routed)           0.000     5.534    u_persp/depth_v1_reg[24]_i_35_n_0
    SLICE_X37Y58         CARRY4 (Prop_carry4_CI_O[0])
                                                      0.222     5.756 r  u_persp/depth_v1_reg[28]_i_35/O[0]
                         net (fo=2, routed)           0.839     6.595    u_persp/depth_v1_reg[28]_i_35_n_7
    SLICE_X32Y55         LUT3 (Prop_lut3_I1_O)        0.299     6.894 r  u_persp/depth_v1[28]_i_30/O
                         net (fo=2, routed)           0.737     7.631    u_persp/depth_v1[28]_i_30_n_0
    SLICE_X36Y57         LUT4 (Prop_lut4_I3_O)        0.124     7.755 r  u_persp/depth_v1[28]_i_34/O
                         net (fo=1, routed)           0.000     7.755    u_persp/depth_v1[28]_i_34_n_0
    SLICE_X36Y57         CARRY4 (Prop_carry4_S[0]_CO[3])
                                                      0.513     8.268 r  u_persp/depth_v1_reg[28]_i_13/CO[3]
                         net (fo=1, routed)           0.000     8.268    u_persp/depth_v1_reg[28]_i_13_n_0
    SLICE_X36Y58         CARRY4 (Prop_carry4_CI_O[0])
                                                      0.219     8.487 r  u_persp/depth_v1_reg[32]_i_13/O[0]
                         net (fo=3, routed)           0.785     9.272    u_persp/depth_v1_reg[32]_i_13_n_7
    SLICE_X49Y58         LUT3 (Prop_lut3_I1_O)        0.295     9.567 r  u_persp/depth_v1[28]_i_11/O
                         net (fo=2, routed)           0.321     9.888    u_persp/depth_v1[28]_i_11_n_0
    SLICE_X45Y58         LUT5 (Prop_lut5_I1_O)        0.124    10.012 r  u_persp/depth_v1[28]_i_2/O
                         net (fo=2, routed)           0.460    10.472    u_persp/depth_v1[28]_i_2_n_0
    SLICE_X42Y58         LUT6 (Prop_lut6_I0_O)        0.124    10.596 r  u_persp/depth_v1[28]_i_6/O
                         net (fo=1, routed)           0.000    10.596    u_persp/depth_v1[28]_i_6_n_0
    SLICE_X42Y58         CARRY4 (Prop_carry4_S[3]_CO[3])
                                                      0.376    10.972 r  u_persp/depth_v1_reg[28]_i_1/CO[3]
                         net (fo=1, routed)           0.000    10.972    u_persp/depth_v1_reg[28]_i_1_n_0
    SLICE_X42Y59         CARRY4 (Prop_carry4_CI_O[0])
                                                      0.219    11.191 r  u_persp/depth_v1_reg[32]_i_1/O[0]
                         net (fo=1, routed)           0.000    11.191    u_persp/depth_v1_reg[32]_i_1_n_7
    SLICE_X42Y59         FDRE                                         r  u_persp/depth_v1_reg[29]/D
  -------------------------------------------------------------------    -------------------

                         (clock clk rise edge)       10.000    10.000 r  <hidden>
                                                      0.000    10.000 r  clk
                         net (fo=9807, unset)         1.476    11.476    u_persp/clk
    SLICE_X42Y59         FDRE                                         r  u_persp/depth_v1_reg[29]/C
                         clock pessimism              0.115    11.591    <hidden>
                         clock uncertainty           -0.035    11.556    <hidden>
    SLICE_X42Y59         FDRE (Setup_fdre_C_D)        0.109    11.665    u_persp/depth_v1_reg[29]
  -------------------------------------------------------------------
                         required time                         11.665    <hidden>
                         arrival time                         -11.191    <hidden>
  -------------------------------------------------------------------
                         slack                                  0.474    <hidden>

Slack (MET) :             0.481ns  (required time - arrival time)
  Source:                 u_fetch/req_left_reg[28]/C
                            (rising edge-triggered cell FDCE clocked by clk  {rise@0.000ns fall@5.000ns period=10.000ns})
  Destination:            u_fetch/req_left_reg[31]/D
                            (rising edge-triggered cell FDCE clocked by clk  {rise@0.000ns fall@5.000ns period=10.000ns})
  Path Group:             clk
  Path Type:              Setup (Max at Slow Process Corner)
  Requirement:            10.000ns  (clk rise@10.000ns - clk rise@0.000ns)
  Data Path Delay:        9.569ns  (logic 4.214ns (44.036%)  route 5.355ns (55.964%))
  Logic Levels:           19  (CARRY4=10 LUT3=1 LUT4=1 LUT5=1 LUT6=6)
  Clock Path Skew:        -0.023ns (DCD - SCD + CPR)
    Destination Clock Delay (DCD):    1.484ns = ( 11.484 - 10.000 ) 
    Source Clock Delay      (SCD):    1.656ns
    Clock Pessimism Removal (CPR):    0.149ns
  Clock Uncertainty:      0.035ns  ((TSJ^2 + TIJ^2)^1/2 + DJ) / 2 + PE
    Total System Jitter     (TSJ):    0.071ns
    Total Input Jitter      (TIJ):    0.000ns
    Discrete Jitter          (DJ):    0.000ns
    Phase Error              (PE):    0.000ns

    Location             Delay type                Incr(ns)  Path(ns)    Netlist Resource(s)
  -------------------------------------------------------------------    -------------------
                         (clock clk rise edge)        0.000     0.000 r  <hidden>
                                                      0.000     0.000 r  clk
                         net (fo=9807, unset)         1.656     1.656    u_fetch/clk
    SLICE_X38Y30         FDCE                                         r  u_fetch/req_left_reg[28]/C
  -------------------------------------------------------------------    -------------------
    SLICE_X38Y30         FDCE (Prop_fdce_C_Q)         0.518     2.174 f  u_fetch/req_left_reg[28]/Q
                         net (fo=2, routed)           1.039     3.213    u_fetch/req_left_reg_n_0_[28]
    SLICE_X37Y26         LUT6 (Prop_lut6_I0_O)        0.124     3.337 f  u_fetch/m_axi_arlen[2]_i_5/O
                         net (fo=1, routed)           0.264     3.601    u_fetch/m_axi_arlen[2]_i_5_n_0
    SLICE_X37Y26         LUT6 (Prop_lut6_I0_O)        0.124     3.725 f  u_fetch/m_axi_arlen[2]_i_2/O
                         net (fo=6, routed)           0.352     4.077    u_fetch/m_axi_arlen[2]_i_2_n_0
    SLICE_X37Y24         LUT3 (Prop_lut3_I2_O)        0.124     4.201 r  u_fetch/m_axi_arlen[3]_i_2/O
                         net (fo=9, routed)           0.507     4.708    u_fetch/m_axi_arlen[3]_i_2_n_0
    SLICE_X34Y25         LUT5 (Prop_lut5_I1_O)        0.124     4.832 r  u_fetch/m_axi_arlen[3]_i_10/O
                         net (fo=1, routed)           0.000     4.832    u_fetch/m_axi_arlen[3]_i_10_n_0
    SLICE_X34Y25         CARRY4 (Prop_carry4_S[1]_CO[3])
                                                      0.533     5.365 r  u_fetch/m_axi_arlen_reg[3]_i_4/CO[3]
                         net (fo=1, routed)           0.000     5.365    u_fetch/m_axi_arlen_reg[3]_i_4_n_0
    SLICE_X34Y26         CARRY4 (Prop_carry4_CI_CO[0])
                                                      0.254     5.619 r  u_fetch/m_axi_arlen_reg[3]_i_3/CO[0]
                         net (fo=8, routed)           0.536     6.156    u_fetch/m_axi_arlen_reg[3]_i_3_n_3
    SLICE_X34Y27         LUT6 (Prop_lut6_I1_O)        0.367     6.523 f  u_fetch/len_q_reg_0_3_0_2_i_3/O
                         net (fo=10, routed)          0.605     7.127    u_fetch/burst_v[0]
    SLICE_X33Y26         LUT6 (Prop_lut6_I3_O)        0.124     7.251 r  u_fetch/m_axi_arvalid_i_13/O
                         net (fo=1, routed)           0.573     7.824    u_fetch/m_axi_arvalid_i_13_n_0
    SLICE_X33Y26         LUT6 (Prop_lut6_I1_O)        0.124     7.948 r  u_fetch/m_axi_arvalid_i_5/O
                         net (fo=2, routed)           0.748     8.696    u_fetch/m_axi_arvalid_i_5_n_0
    SLICE_X35Y22         LUT6 (Prop_lut6_I4_O)        0.124     8.820 r  u_fetch/m_axi_araddr[31]_i_2_comp/O
                         net (fo=141, routed)         0.722     9.542    u_fetch/can_issue
    SLICE_X38Y23         LUT4 (Prop_lut4_I2_O)        0.124     9.666 r  u_fetch/req_left[3]_i_8/O
                         net (fo=1, routed)           0.000     9.666    u_fetch/req_left[3]_i_8_n_0
    SLICE_X38Y23         CARRY4 (Prop_carry4_S[1]_CO[3])
                                                      0.533    10.199 r  u_fetch/req_left_reg[3]_i_1/CO[3]
                         net (fo=1, routed)           0.000    10.199    u_fetch/req_left_reg[3]_i_1_n_0
    SLICE_X38Y24         CARRY4 (Prop_carry4_CI_CO[3])
                                                      0.117    10.316 r  u_fetch/req_left_reg[7]_i_1/CO[3]
                         net (fo=1, routed)           0.009    10.325    u_fetch/req_left_reg[7]_i_1_n_0
    SLICE_X38Y25         CARRY4 (Prop_carry4_CI_CO[3])
                                                      0.117    10.442 r  u_fetch/req_left_reg[11]_i_1/CO[3]
                         net (fo=1, routed)           0.000    10.442    u_fetch/req_left_reg[11]_i_1_n_0
    SLICE_X38Y26         CARRY4 (Prop_carry4_CI_CO[3])
                                                      0.117    10.559 r  u_fetch/req_left_reg[15]_i_1/CO[3]
                         net (fo=1, routed)           0.000    10.559    u_fetch/req_left_reg[15]_i_1_n_0
    SLICE_X38Y27         CARRY4 (Prop_carry4_CI_CO[3])
                                                      0.117    10.676 r  u_fetch/req_left_reg[19]_i_1/CO[3]
                         net (fo=1, routed)           0.000    10.676    u_fetch/req_left_reg[19]_i_1_n_0
    SLICE_X38Y28         CARRY4 (Prop_carry4_CI_CO[3])
                                                      0.117    10.793 r  u_fetch/req_left_reg[23]_i_1/CO[3]
                         net (fo=1, routed)           0.000    10.793    u_fetch/req_left_reg[23]_i_1_n_0
    SLICE_X38Y29         CARRY4 (Prop_carry4_CI_CO[3])
                                                      0.117    10.910 r  u_fetch/req_left_reg[27]_i_1/CO[3]
                         net (fo=1, routed)           0.000    10.910    u_fetch/req_left_reg[27]_i_1_n_0
    SLICE_X38Y30         CARRY4 (Prop_carry4_CI_O[3])
                                                      0.315    11.225 r  u_fetch/req_left_reg[31]_i_2/O[3]
                         net (fo=1, routed)           0.000    11.225    u_fetch/req_left_reg[31]_i_2_n_4
    SLICE_X38Y30         FDCE                                         r  u_fetch/req_left_reg[31]/D
  -------------------------------------------------------------------    -------------------

                         (clock clk rise edge)       10.000    10.000 r  <hidden>
                                                      0.000    10.000 r  clk
                         net (fo=9807, unset)         1.484    11.484    u_fetch/clk
    SLICE_X38Y30         FDCE                                         r  u_fetch/req_left_reg[31]/C
                         clock pessimism              0.149    11.633    <hidden>
                         clock uncertainty           -0.035    11.598    <hidden>
    SLICE_X38Y30         FDCE (Setup_fdce_C_D)        0.109    11.707    u_fetch/req_left_reg[31]
  -------------------------------------------------------------------
                         required time                         11.707    <hidden>
                         arrival time                         -11.225    <hidden>
  -------------------------------------------------------------------
                         slack                                  0.481    <hidden>

Slack (MET) :             0.516ns  (required time - arrival time)
  Source:                 u_fetch/req_left_reg[28]/C
                            (rising edge-triggered cell FDCE clocked by clk  {rise@0.000ns fall@5.000ns period=10.000ns})
  Destination:            u_fetch/req_addr_reg[31]/D
                            (rising edge-triggered cell FDCE clocked by clk  {rise@0.000ns fall@5.000ns period=10.000ns})
  Path Group:             clk
  Path Type:              Setup (Max at Slow Process Corner)
  Requirement:            10.000ns  (clk rise@10.000ns - clk rise@0.000ns)
  Data Path Delay:        9.456ns  (logic 4.121ns (43.582%)  route 5.335ns (56.418%))
  Logic Levels:           19  (CARRY4=10 LUT3=1 LUT4=1 LUT5=1 LUT6=6)
  Clock Path Skew:        -0.055ns (DCD - SCD + CPR)
    Destination Clock Delay (DCD):    1.486ns = ( 11.486 - 10.000 ) 
    Source Clock Delay      (SCD):    1.656ns
    Clock Pessimism Removal (CPR):    0.115ns
  Clock Uncertainty:      0.035ns  ((TSJ^2 + TIJ^2)^1/2 + DJ) / 2 + PE
    Total System Jitter     (TSJ):    0.071ns
    Total Input Jitter      (TIJ):    0.000ns
    Discrete Jitter          (DJ):    0.000ns
    Phase Error              (PE):    0.000ns

    Location             Delay type                Incr(ns)  Path(ns)    Netlist Resource(s)
  -------------------------------------------------------------------    -------------------
                         (clock clk rise edge)        0.000     0.000 r  <hidden>
                                                      0.000     0.000 r  clk
                         net (fo=9807, unset)         1.656     1.656    u_fetch/clk
    SLICE_X38Y30         FDCE                                         r  u_fetch/req_left_reg[28]/C
  -------------------------------------------------------------------    -------------------
    SLICE_X38Y30         FDCE (Prop_fdce_C_Q)         0.518     2.174 f  u_fetch/req_left_reg[28]/Q
                         net (fo=2, routed)           1.039     3.213    u_fetch/req_left_reg_n_0_[28]
    SLICE_X37Y26         LUT6 (Prop_lut6_I0_O)        0.124     3.337 f  u_fetch/m_axi_arlen[2]_i_5/O
                         net (fo=1, routed)           0.264     3.601    u_fetch/m_axi_arlen[2]_i_5_n_0
    SLICE_X37Y26         LUT6 (Prop_lut6_I0_O)        0.124     3.725 f  u_fetch/m_axi_arlen[2]_i_2/O
                         net (fo=6, routed)           0.352     4.077    u_fetch/m_axi_arlen[2]_i_2_n_0
    SLICE_X37Y24         LUT3 (Prop_lut3_I2_O)        0.124     4.201 r  u_fetch/m_axi_arlen[3]_i_2/O
                         net (fo=9, routed)           0.507     4.708    u_fetch/m_axi_arlen[3]_i_2_n_0
    SLICE_X34Y25         LUT5 (Prop_lut5_I1_O)        0.124     4.832 r  u_fetch/m_axi_arlen[3]_i_10/O
                         net (fo=1, routed)           0.000     4.832    u_fetch/m_axi_arlen[3]_i_10_n_0
    SLICE_X34Y25         CARRY4 (Prop_carry4_S[1]_CO[3])
                                                      0.533     5.365 r  u_fetch/m_axi_arlen_reg[3]_i_4/CO[3]
                         net (fo=1, routed)           0.000     5.365    u_fetch/m_axi_arlen_reg[3]_i_4_n_0
    SLICE_X34Y26         CARRY4 (Prop_carry4_CI_CO[0])
                                                      0.254     5.619 r  u_fetch/m_axi_arlen_reg[3]_i_3/CO[0]
                         net (fo=8, routed)           0.536     6.156    u_fetch/m_axi_arlen_reg[3]_i_3_n_3
    SLICE_X34Y27         LUT6 (Prop_lut6_I1_O)        0.367     6.523 f  u_fetch/len_q_reg_0_3_0_2_i_3/O
                         net (fo=10, routed)          0.605     7.127    u_fetch/burst_v[0]
    SLICE_X33Y26         LUT6 (Prop_lut6_I3_O)        0.124     7.251 r  u_fetch/m_axi_arvalid_i_13/O
                         net (fo=1, routed)           0.573     7.824    u_fetch/m_axi_arvalid_i_13_n_0
    SLICE_X33Y26         LUT6 (Prop_lut6_I1_O)        0.124     7.948 r  u_fetch/m_axi_arvalid_i_5/O
                         net (fo=2, routed)           0.748     8.696    u_fetch/m_axi_arvalid_i_5_n_0
    SLICE_X35Y22         LUT6 (Prop_lut6_I4_O)        0.124     8.820 r  u_fetch/m_axi_araddr[31]_i_2_comp/O
                         net (fo=141, routed)         0.701     9.522    u_fetch/can_issue
    SLICE_X35Y24         LUT4 (Prop_lut4_I2_O)        0.124     9.646 r  u_fetch/req_addr[6]_i_7/O
                         net (fo=1, routed)           0.000     9.646    u_fetch/req_addr[6]_i_7_n_0
    SLICE_X35Y24         CARRY4 (Prop_carry4_S[1]_CO[3])
                                                      0.550    10.196 r  u_fetch/req_addr_reg[6]_i_1/CO[3]
                         net (fo=1, routed)           0.009    10.205    u_fetch/req_addr_reg[6]_i_1_n_0
    SLICE_X35Y25         CARRY4 (Prop_carry4_CI_CO[3])
                                                      0.114    10.319 r  u_fetch/req_addr_reg[10]_i_1/CO[3]
                         net (fo=1, routed)           0.000    10.319    u_fetch/req_addr_reg[10]_i_1_n_0
    SLICE_X35Y26         CARRY4 (Prop_carry4_CI_CO[3])
                                                      0.114    10.433 r  u_fetch/req_addr_reg[14]_i_1/CO[3]
                         net (fo=1, routed)           0.000    10.433    u_fetch/req_addr_reg[14]_i_1_n_0
    SLICE_X35Y27         CARRY4 (Prop_carry4_CI_CO[3])
                                                      0.114    10.547 r  u_fetch/req_addr_reg[18]_i_1/CO[3]
                         net (fo=1, routed)           0.000    10.547    u_fetch/req_addr_reg[18]_i_1_n_0
    SLICE_X35Y28         CARRY4 (Prop_carry4_CI_CO[3])
                                                      0.114    10.661 r  u_fetch/req_addr_reg[22]_i_1/CO[3]
                         net (fo=1, routed)           0.000    10.661    u_fetch/req_addr_reg[22]_i_1_n_0
    SLICE_X35Y29         CARRY4 (Prop_carry4_CI_CO[3])
                                                      0.114    10.775 r  u_fetch/req_addr_reg[26]_i_1/CO[3]
                         net (fo=1, routed)           0.000    10.775    u_fetch/req_addr_reg[26]_i_1_n_0
    SLICE_X35Y30         CARRY4 (Prop_carry4_CI_CO[3])
                                                      0.114    10.889 r  u_fetch/req_addr_reg[30]_i_1/CO[3]
                         net (fo=1, routed)           0.000    10.889    u_fetch/req_addr_reg[30]_i_1_n_0
    SLICE_X35Y31         CARRY4 (Prop_carry4_CI_O[0])
                                                      0.223    11.112 r  u_fetch/req_addr_reg[31]_i_1/O[0]
                         net (fo=1, routed)           0.000    11.112    u_fetch/req_addr_reg[31]_i_1_n_7
    SLICE_X35Y31         FDCE                                         r  u_fetch/req_addr_reg[31]/D
  -------------------------------------------------------------------    -------------------

                         (clock clk rise edge)       10.000    10.000 r  <hidden>
                                                      0.000    10.000 r  clk
                         net (fo=9807, unset)         1.486    11.486    u_fetch/clk
    SLICE_X35Y31         FDCE                                         r  u_fetch/req_addr_reg[31]/C
                         clock pessimism              0.115    11.601    <hidden>
                         clock uncertainty           -0.035    11.566    <hidden>
    SLICE_X35Y31         FDCE (Setup_fdce_C_D)        0.062    11.628    u_fetch/req_addr_reg[31]
  -------------------------------------------------------------------
                         required time                         11.628    <hidden>
                         arrival time                         -11.112    <hidden>
  -------------------------------------------------------------------
                         slack                                  0.516    <hidden>

Slack (MET) :             0.518ns  (required time - arrival time)
  Source:                 u_fetch/req_left_reg[28]/C
                            (rising edge-triggered cell FDCE clocked by clk  {rise@0.000ns fall@5.000ns period=10.000ns})
  Destination:            u_fetch/req_addr_reg[28]/D
                            (rising edge-triggered cell FDCE clocked by clk  {rise@0.000ns fall@5.000ns period=10.000ns})
  Path Group:             clk
  Path Type:              Setup (Max at Slow Process Corner)
  Requirement:            10.000ns  (clk rise@10.000ns - clk rise@0.000ns)
  Data Path Delay:        9.453ns  (logic 4.118ns (43.564%)  route 5.335ns (56.436%))
  Logic Levels:           18  (CARRY4=9 LUT3=1 LUT4=1 LUT5=1 LUT6=6)
  Clock Path Skew:        -0.056ns (DCD - SCD + CPR)
    Destination Clock Delay (DCD):    1.485ns = ( 11.485 - 10.000 ) 
    Source Clock Delay      (SCD):    1.656ns
    Clock Pessimism Removal (CPR):    0.115ns
  Clock Uncertainty:      0.035ns  ((TSJ^2 + TIJ^2)^1/2 + DJ) / 2 + PE
    Total System Jitter     (TSJ):    0.071ns
    Total Input Jitter      (TIJ):    0.000ns
    Discrete Jitter          (DJ):    0.000ns
    Phase Error              (PE):    0.000ns

    Location             Delay type                Incr(ns)  Path(ns)    Netlist Resource(s)
  -------------------------------------------------------------------    -------------------
                         (clock clk rise edge)        0.000     0.000 r  <hidden>
                                                      0.000     0.000 r  clk
                         net (fo=9807, unset)         1.656     1.656    u_fetch/clk
    SLICE_X38Y30         FDCE                                         r  u_fetch/req_left_reg[28]/C
  -------------------------------------------------------------------    -------------------
    SLICE_X38Y30         FDCE (Prop_fdce_C_Q)         0.518     2.174 f  u_fetch/req_left_reg[28]/Q
                         net (fo=2, routed)           1.039     3.213    u_fetch/req_left_reg_n_0_[28]
    SLICE_X37Y26         LUT6 (Prop_lut6_I0_O)        0.124     3.337 f  u_fetch/m_axi_arlen[2]_i_5/O
                         net (fo=1, routed)           0.264     3.601    u_fetch/m_axi_arlen[2]_i_5_n_0
    SLICE_X37Y26         LUT6 (Prop_lut6_I0_O)        0.124     3.725 f  u_fetch/m_axi_arlen[2]_i_2/O
                         net (fo=6, routed)           0.352     4.077    u_fetch/m_axi_arlen[2]_i_2_n_0
    SLICE_X37Y24         LUT3 (Prop_lut3_I2_O)        0.124     4.201 r  u_fetch/m_axi_arlen[3]_i_2/O
                         net (fo=9, routed)           0.507     4.708    u_fetch/m_axi_arlen[3]_i_2_n_0
    SLICE_X34Y25         LUT5 (Prop_lut5_I1_O)        0.124     4.832 r  u_fetch/m_axi_arlen[3]_i_10/O
                         net (fo=1, routed)           0.000     4.832    u_fetch/m_axi_arlen[3]_i_10_n_0
    SLICE_X34Y25         CARRY4 (Prop_carry4_S[1]_CO[3])
                                                      0.533     5.365 r  u_fetch/m_axi_arlen_reg[3]_i_4/CO[3]
                         net (fo=1, routed)           0.000     5.365    u_fetch/m_axi_arlen_reg[3]_i_4_n_0
    SLICE_X34Y26         CARRY4 (Prop_carry4_CI_CO[0])
                                                      0.254     5.619 r  u_fetch/m_axi_arlen_reg[3]_i_3/CO[0]
                         net (fo=8, routed)           0.536     6.156    u_fetch/m_axi_arlen_reg[3]_i_3_n_3
    SLICE_X34Y27         LUT6 (Prop_lut6_I1_O)        0.367     6.523 f  u_fetch/len_q_reg_0_3_0_2_i_3/O
                         net (fo=10, routed)          0.605     7.127    u_fetch/burst_v[0]
    SLICE_X33Y26         LUT6 (Prop_lut6_I3_O)        0.124     7.251 r  u_fetch/m_axi_arvalid_i_13/O
                         net (fo=1, routed)           0.573     7.824    u_fetch/m_axi_arvalid_i_13_n_0
    SLICE_X33Y26         LUT6 (Prop_lut6_I1_O)        0.124     7.948 r  u_fetch/m_axi_arvalid_i_5/O
                         net (fo=2, routed)           0.748     8.696    u_fetch/m_axi_arvalid_i_5_n_0
    SLICE_X35Y22         LUT6 (Prop_lut6_I4_O)        0.124     8.820 r  u_fetch/m_axi_araddr[31]_i_2_comp/O
                         net (fo=141, routed)         0.701     9.522    u_fetch/can_issue
    SLICE_X35Y24         LUT4 (Prop_lut4_I2_O)        0.124     9.646 r  u_fetch/req_addr[6]_i_7/O
                         net (fo=1, routed)           0.000     9.646    u_fetch/req_addr[6]_i_7_n_0
    SLICE_X35Y24         CARRY4 (Prop_carry4_S[1]_CO[3])
                                                      0.550    10.196 r  u_fetch/req_addr_reg[6]_i_1/CO[3]
                         net (fo=1, routed)           0.009    10.205    u_fetch/req_addr_reg[6]_i_1_n_0
    SLICE_X35Y25         CARRY4 (Prop_carry4_CI_CO[3])
                                                      0.114    10.319 r  u_fetch/req_addr_reg[10]_i_1/CO[3]
                         net (fo=1, routed)           0.000    10.319    u_fetch/req_addr_reg[10]_i_1_n_0
    SLICE_X35Y26         CARRY4 (Prop_carry4_CI_CO[3])
                                                      0.114    10.433 r  u_fetch/req_addr_reg[14]_i_1/CO[3]
                         net (fo=1, routed)           0.000    10.433    u_fetch/req_addr_reg[14]_i_1_n_0
    SLICE_X35Y27         CARRY4 (Prop_carry4_CI_CO[3])
                                                      0.114    10.547 r  u_fetch/req_addr_reg[18]_i_1/CO[3]
                         net (fo=1, routed)           0.000    10.547    u_fetch/req_addr_reg[18]_i_1_n_0
    SLICE_X35Y28         CARRY4 (Prop_carry4_CI_CO[3])
                                                      0.114    10.661 r  u_fetch/req_addr_reg[22]_i_1/CO[3]
                         net (fo=1, routed)           0.000    10.661    u_fetch/req_addr_reg[22]_i_1_n_0
    SLICE_X35Y29         CARRY4 (Prop_carry4_CI_CO[3])
                                                      0.114    10.775 r  u_fetch/req_addr_reg[26]_i_1/CO[3]
                         net (fo=1, routed)           0.000    10.775    u_fetch/req_addr_reg[26]_i_1_n_0
    SLICE_X35Y30         CARRY4 (Prop_carry4_CI_O[1])
                                                      0.334    11.109 r  u_fetch/req_addr_reg[30]_i_1/O[1]
                         net (fo=1, routed)           0.000    11.109    u_fetch/req_addr_reg[30]_i_1_n_6
    SLICE_X35Y30         FDCE                                         r  u_fetch/req_addr_reg[28]/D
  -------------------------------------------------------------------    -------------------

                         (clock clk rise edge)       10.000    10.000 r  <hidden>
                                                      0.000    10.000 r  clk
                         net (fo=9807, unset)         1.485    11.485    u_fetch/clk
    SLICE_X35Y30         FDCE                                         r  u_fetch/req_addr_reg[28]/C
                         clock pessimism              0.115    11.600    <hidden>
                         clock uncertainty           -0.035    11.565    <hidden>
    SLICE_X35Y30         FDCE (Setup_fdce_C_D)        0.062    11.627    u_fetch/req_addr_reg[28]
  -------------------------------------------------------------------
                         required time                         11.627    <hidden>
                         arrival time                         -11.109    <hidden>
  -------------------------------------------------------------------
                         slack                                  0.518    <hidden>

Slack (MET) :             0.539ns  (required time - arrival time)
  Source:                 u_fetch/req_left_reg[28]/C
                            (rising edge-triggered cell FDCE clocked by clk  {rise@0.000ns fall@5.000ns period=10.000ns})
  Destination:            u_fetch/req_addr_reg[30]/D
                            (rising edge-triggered cell FDCE clocked by clk  {rise@0.000ns fall@5.000ns period=10.000ns})
  Path Group:             clk
  Path Type:              Setup (Max at Slow Process Corner)
  Requirement:            10.000ns  (clk rise@10.000ns - clk rise@0.000ns)
  Data Path Delay:        9.432ns  (logic 4.097ns (43.439%)  route 5.335ns (56.561%))
  Logic Levels:           18  (CARRY4=9 LUT3=1 LUT4=1 LUT5=1 LUT6=6)
  Clock Path Skew:        -0.056ns (DCD - SCD + CPR)
    Destination Clock Delay (DCD):    1.485ns = ( 11.485 - 10.000 ) 
    Source Clock Delay      (SCD):    1.656ns
    Clock Pessimism Removal (CPR):    0.115ns
  Clock Uncertainty:      0.035ns  ((TSJ^2 + TIJ^2)^1/2 + DJ) / 2 + PE
    Total System Jitter     (TSJ):    0.071ns
    Total Input Jitter      (TIJ):    0.000ns
    Discrete Jitter          (DJ):    0.000ns
    Phase Error              (PE):    0.000ns

    Location             Delay type                Incr(ns)  Path(ns)    Netlist Resource(s)
  -------------------------------------------------------------------    -------------------
                         (clock clk rise edge)        0.000     0.000 r  <hidden>
                                                      0.000     0.000 r  clk
                         net (fo=9807, unset)         1.656     1.656    u_fetch/clk
    SLICE_X38Y30         FDCE                                         r  u_fetch/req_left_reg[28]/C
  -------------------------------------------------------------------    -------------------
    SLICE_X38Y30         FDCE (Prop_fdce_C_Q)         0.518     2.174 f  u_fetch/req_left_reg[28]/Q
                         net (fo=2, routed)           1.039     3.213    u_fetch/req_left_reg_n_0_[28]
    SLICE_X37Y26         LUT6 (Prop_lut6_I0_O)        0.124     3.337 f  u_fetch/m_axi_arlen[2]_i_5/O
                         net (fo=1, routed)           0.264     3.601    u_fetch/m_axi_arlen[2]_i_5_n_0
    SLICE_X37Y26         LUT6 (Prop_lut6_I0_O)        0.124     3.725 f  u_fetch/m_axi_arlen[2]_i_2/O
                         net (fo=6, routed)           0.352     4.077    u_fetch/m_axi_arlen[2]_i_2_n_0
    SLICE_X37Y24         LUT3 (Prop_lut3_I2_O)        0.124     4.201 r  u_fetch/m_axi_arlen[3]_i_2/O
                         net (fo=9, routed)           0.507     4.708    u_fetch/m_axi_arlen[3]_i_2_n_0
    SLICE_X34Y25         LUT5 (Prop_lut5_I1_O)        0.124     4.832 r  u_fetch/m_axi_arlen[3]_i_10/O
                         net (fo=1, routed)           0.000     4.832    u_fetch/m_axi_arlen[3]_i_10_n_0
    SLICE_X34Y25         CARRY4 (Prop_carry4_S[1]_CO[3])
                                                      0.533     5.365 r  u_fetch/m_axi_arlen_reg[3]_i_4/CO[3]
                         net (fo=1, routed)           0.000     5.365    u_fetch/m_axi_arlen_reg[3]_i_4_n_0
    SLICE_X34Y26         CARRY4 (Prop_carry4_CI_CO[0])
                                                      0.254     5.619 r  u_fetch/m_axi_arlen_reg[3]_i_3/CO[0]
                         net (fo=8, routed)           0.536     6.156    u_fetch/m_axi_arlen_reg[3]_i_3_n_3
    SLICE_X34Y27         LUT6 (Prop_lut6_I1_O)        0.367     6.523 f  u_fetch/len_q_reg_0_3_0_2_i_3/O
                         net (fo=10, routed)          0.605     7.127    u_fetch/burst_v[0]
    SLICE_X33Y26         LUT6 (Prop_lut6_I3_O)        0.124     7.251 r  u_fetch/m_axi_arvalid_i_13/O
                         net (fo=1, routed)           0.573     7.824    u_fetch/m_axi_arvalid_i_13_n_0
    SLICE_X33Y26         LUT6 (Prop_lut6_I1_O)        0.124     7.948 r  u_fetch/m_axi_arvalid_i_5/O
                         net (fo=2, routed)           0.748     8.696    u_fetch/m_axi_arvalid_i_5_n_0
    SLICE_X35Y22         LUT6 (Prop_lut6_I4_O)        0.124     8.820 r  u_fetch/m_axi_araddr[31]_i_2_comp/O
                         net (fo=141, routed)         0.701     9.522    u_fetch/can_issue
    SLICE_X35Y24         LUT4 (Prop_lut4_I2_O)        0.124     9.646 r  u_fetch/req_addr[6]_i_7/O
                         net (fo=1, routed)           0.000     9.646    u_fetch/req_addr[6]_i_7_n_0
    SLICE_X35Y24         CARRY4 (Prop_carry4_S[1]_CO[3])
                                                      0.550    10.196 r  u_fetch/req_addr_reg[6]_i_1/CO[3]
                         net (fo=1, routed)           0.009    10.205    u_fetch/req_addr_reg[6]_i_1_n_0
    SLICE_X35Y25         CARRY4 (Prop_carry4_CI_CO[3])
                                                      0.114    10.319 r  u_fetch/req_addr_reg[10]_i_1/CO[3]
                         net (fo=1, routed)           0.000    10.319    u_fetch/req_addr_reg[10]_i_1_n_0
    SLICE_X35Y26         CARRY4 (Prop_carry4_CI_CO[3])
                                                      0.114    10.433 r  u_fetch/req_addr_reg[14]_i_1/CO[3]
                         net (fo=1, routed)           0.000    10.433    u_fetch/req_addr_reg[14]_i_1_n_0
    SLICE_X35Y27         CARRY4 (Prop_carry4_CI_CO[3])
                                                      0.114    10.547 r  u_fetch/req_addr_reg[18]_i_1/CO[3]
                         net (fo=1, routed)           0.000    10.547    u_fetch/req_addr_reg[18]_i_1_n_0
    SLICE_X35Y28         CARRY4 (Prop_carry4_CI_CO[3])
                                                      0.114    10.661 r  u_fetch/req_addr_reg[22]_i_1/CO[3]
                         net (fo=1, routed)           0.000    10.661    u_fetch/req_addr_reg[22]_i_1_n_0
    SLICE_X35Y29         CARRY4 (Prop_carry4_CI_CO[3])
                                                      0.114    10.775 r  u_fetch/req_addr_reg[26]_i_1/CO[3]
                         net (fo=1, routed)           0.000    10.775    u_fetch/req_addr_reg[26]_i_1_n_0
    SLICE_X35Y30         CARRY4 (Prop_carry4_CI_O[3])
                                                      0.313    11.088 r  u_fetch/req_addr_reg[30]_i_1/O[3]
                         net (fo=1, routed)           0.000    11.088    u_fetch/req_addr_reg[30]_i_1_n_4
    SLICE_X35Y30         FDCE                                         r  u_fetch/req_addr_reg[30]/D
  -------------------------------------------------------------------    -------------------

                         (clock clk rise edge)       10.000    10.000 r  <hidden>
                                                      0.000    10.000 r  clk
                         net (fo=9807, unset)         1.485    11.485    u_fetch/clk
    SLICE_X35Y30         FDCE                                         r  u_fetch/req_addr_reg[30]/C
                         clock pessimism              0.115    11.600    <hidden>
                         clock uncertainty           -0.035    11.565    <hidden>
    SLICE_X35Y30         FDCE (Setup_fdce_C_D)        0.062    11.627    u_fetch/req_addr_reg[30]
  -------------------------------------------------------------------
                         required time                         11.627    <hidden>
                         arrival time                         -11.088    <hidden>
  -------------------------------------------------------------------
                         slack                                  0.539    <hidden>

Slack (MET) :             0.557ns  (required time - arrival time)
  Source:                 u_fetch/req_left_reg[28]/C
                            (rising edge-triggered cell FDCE clocked by clk  {rise@0.000ns fall@5.000ns period=10.000ns})
  Destination:            u_fetch/req_left_reg[30]/D
                            (rising edge-triggered cell FDCE clocked by clk  {rise@0.000ns fall@5.000ns period=10.000ns})
  Path Group:             clk
  Path Type:              Setup (Max at Slow Process Corner)
  Requirement:            10.000ns  (clk rise@10.000ns - clk rise@0.000ns)
  Data Path Delay:        9.493ns  (logic 4.138ns (43.588%)  route 5.355ns (56.412%))
  Logic Levels:           19  (CARRY4=10 LUT3=1 LUT4=1 LUT5=1 LUT6=6)
  Clock Path Skew:        -0.023ns (DCD - SCD + CPR)
    Destination Clock Delay (DCD):    1.484ns = ( 11.484 - 10.000 ) 
    Source Clock Delay      (SCD):    1.656ns
    Clock Pessimism Removal (CPR):    0.149ns
  Clock Uncertainty:      0.035ns  ((TSJ^2 + TIJ^2)^1/2 + DJ) / 2 + PE
    Total System Jitter     (TSJ):    0.071ns
    Total Input Jitter      (TIJ):    0.000ns
    Discrete Jitter          (DJ):    0.000ns
    Phase Error              (PE):    0.000ns

    Location             Delay type                Incr(ns)  Path(ns)    Netlist Resource(s)
  -------------------------------------------------------------------    -------------------
                         (clock clk rise edge)        0.000     0.000 r  <hidden>
                                                      0.000     0.000 r  clk
                         net (fo=9807, unset)         1.656     1.656    u_fetch/clk
    SLICE_X38Y30         FDCE                                         r  u_fetch/req_left_reg[28]/C
  -------------------------------------------------------------------    -------------------
    SLICE_X38Y30         FDCE (Prop_fdce_C_Q)         0.518     2.174 f  u_fetch/req_left_reg[28]/Q
                         net (fo=2, routed)           1.039     3.213    u_fetch/req_left_reg_n_0_[28]
    SLICE_X37Y26         LUT6 (Prop_lut6_I0_O)        0.124     3.337 f  u_fetch/m_axi_arlen[2]_i_5/O
                         net (fo=1, routed)           0.264     3.601    u_fetch/m_axi_arlen[2]_i_5_n_0
    SLICE_X37Y26         LUT6 (Prop_lut6_I0_O)        0.124     3.725 f  u_fetch/m_axi_arlen[2]_i_2/O
                         net (fo=6, routed)           0.352     4.077    u_fetch/m_axi_arlen[2]_i_2_n_0
    SLICE_X37Y24         LUT3 (Prop_lut3_I2_O)        0.124     4.201 r  u_fetch/m_axi_arlen[3]_i_2/O
                         net (fo=9, routed)           0.507     4.708    u_fetch/m_axi_arlen[3]_i_2_n_0
    SLICE_X34Y25         LUT5 (Prop_lut5_I1_O)        0.124     4.832 r  u_fetch/m_axi_arlen[3]_i_10/O
                         net (fo=1, routed)           0.000     4.832    u_fetch/m_axi_arlen[3]_i_10_n_0
    SLICE_X34Y25         CARRY4 (Prop_carry4_S[1]_CO[3])
                                                      0.533     5.365 r  u_fetch/m_axi_arlen_reg[3]_i_4/CO[3]
                         net (fo=1, routed)           0.000     5.365    u_fetch/m_axi_arlen_reg[3]_i_4_n_0
    SLICE_X34Y26         CARRY4 (Prop_carry4_CI_CO[0])
                                                      0.254     5.619 r  u_fetch/m_axi_arlen_reg[3]_i_3/CO[0]
                         net (fo=8, routed)           0.536     6.156    u_fetch/m_axi_arlen_reg[3]_i_3_n_3
    SLICE_X34Y27         LUT6 (Prop_lut6_I1_O)        0.367     6.523 f  u_fetch/len_q_reg_0_3_0_2_i_3/O
                         net (fo=10, routed)          0.605     7.127    u_fetch/burst_v[0]
    SLICE_X33Y26         LUT6 (Prop_lut6_I3_O)        0.124     7.251 r  u_fetch/m_axi_arvalid_i_13/O
                         net (fo=1, routed)           0.573     7.824    u_fetch/m_axi_arvalid_i_13_n_0
    SLICE_X33Y26         LUT6 (Prop_lut6_I1_O)        0.124     7.948 r  u_fetch/m_axi_arvalid_i_5/O
                         net (fo=2, routed)           0.748     8.696    u_fetch/m_axi_arvalid_i_5_n_0
    SLICE_X35Y22         LUT6 (Prop_lut6_I4_O)        0.124     8.820 r  u_fetch/m_axi_araddr[31]_i_2_comp/O
                         net (fo=141, routed)         0.722     9.542    u_fetch/can_issue
    SLICE_X38Y23         LUT4 (Prop_lut4_I2_O)        0.124     9.666 r  u_fetch/req_left[3]_i_8/O
                         net (fo=1, routed)           0.000     9.666    u_fetch/req_left[3]_i_8_n_0
    SLICE_X38Y23         CARRY4 (Prop_carry4_S[1]_CO[3])
                                                      0.533    10.199 r  u_fetch/req_left_reg[3]_i_1/CO[3]
                         net (fo=1, routed)           0.000    10.199    u_fetch/req_left_reg[3]_i_1_n_0
    SLICE_X38Y24         CARRY4 (Prop_carry4_CI_CO[3])
                                                      0.117    10.316 r  u_fetch/req_left_reg[7]_i_1/CO[3]
                         net (fo=1, routed)           0.009    10.325    u_fetch/req_left_reg[7]_i_1_n_0
    SLICE_X38Y25         CARRY4 (Prop_carry4_CI_CO[3])
                                                      0.117    10.442 r  u_fetch/req_left_reg[11]_i_1/CO[3]
                         net (fo=1, routed)           0.000    10.442    u_fetch/req_left_reg[11]_i_1_n_0
    SLICE_X38Y26         CARRY4 (Prop_carry4_CI_CO[3])
                                                      0.117    10.559 r  u_fetch/req_left_reg[15]_i_1/CO[3]
                         net (fo=1, routed)           0.000    10.559    u_fetch/req_left_reg[15]_i_1_n_0
    SLICE_X38Y27         CARRY4 (Prop_carry4_CI_CO[3])
                                                      0.117    10.676 r  u_fetch/req_left_reg[19]_i_1/CO[3]
                         net (fo=1, routed)           0.000    10.676    u_fetch/req_left_reg[19]_i_1_n_0
    SLICE_X38Y28         CARRY4 (Prop_carry4_CI_CO[3])
                                                      0.117    10.793 r  u_fetch/req_left_reg[23]_i_1/CO[3]
                         net (fo=1, routed)           0.000    10.793    u_fetch/req_left_reg[23]_i_1_n_0
    SLICE_X38Y29         CARRY4 (Prop_carry4_CI_CO[3])
                                                      0.117    10.910 r  u_fetch/req_left_reg[27]_i_1/CO[3]
                         net (fo=1, routed)           0.000    10.910    u_fetch/req_left_reg[27]_i_1_n_0
    SLICE_X38Y30         CARRY4 (Prop_carry4_CI_O[2])
                                                      0.239    11.149 r  u_fetch/req_left_reg[31]_i_2/O[2]
                         net (fo=1, routed)           0.000    11.149    u_fetch/req_left_reg[31]_i_2_n_5
    SLICE_X38Y30         FDCE                                         r  u_fetch/req_left_reg[30]/D
  -------------------------------------------------------------------    -------------------

                         (clock clk rise edge)       10.000    10.000 r  <hidden>
                                                      0.000    10.000 r  clk
                         net (fo=9807, unset)         1.484    11.484    u_fetch/clk
    SLICE_X38Y30         FDCE                                         r  u_fetch/req_left_reg[30]/C
                         clock pessimism              0.149    11.633    <hidden>
                         clock uncertainty           -0.035    11.598    <hidden>
    SLICE_X38Y30         FDCE (Setup_fdce_C_D)        0.109    11.707    u_fetch/req_left_reg[30]
  -------------------------------------------------------------------
                         required time                         11.707    <hidden>
                         arrival time                         -11.149    <hidden>
  -------------------------------------------------------------------
                         slack                                  0.557    <hidden>

Slack (MET) :             0.571ns  (required time - arrival time)
  Source:                 u_rast/s_mask_reg[2]/C
                            (rising edge-triggered cell FDRE clocked by clk  {rise@0.000ns fall@5.000ns period=10.000ns})
  Destination:            u_rast/frag_z_reg[0]/D
                            (rising edge-triggered cell FDRE clocked by clk  {rise@0.000ns fall@5.000ns period=10.000ns})
  Path Group:             clk
  Path Type:              Setup (Max at Slow Process Corner)
  Requirement:            10.000ns  (clk rise@10.000ns - clk rise@0.000ns)
  Data Path Delay:        9.282ns  (logic 3.751ns (40.411%)  route 5.531ns (59.589%))
  Logic Levels:           14  (CARRY4=9 LUT2=1 LUT4=2 LUT5=1 LUT6=1)
  Clock Path Skew:        -0.140ns (DCD - SCD + CPR)
    Destination Clock Delay (DCD):    1.478ns = ( 11.478 - 10.000 ) 
    Source Clock Delay      (SCD):    1.733ns
    Clock Pessimism Removal (CPR):    0.115ns
  Clock Uncertainty:      0.035ns  ((TSJ^2 + TIJ^2)^1/2 + DJ) / 2 + PE
    Total System Jitter     (TSJ):    0.071ns
    Total Input Jitter      (TIJ):    0.000ns
    Discrete Jitter          (DJ):    0.000ns
    Phase Error              (PE):    0.000ns

    Location             Delay type                Incr(ns)  Path(ns)    Netlist Resource(s)
  -------------------------------------------------------------------    -------------------
                         (clock clk rise edge)        0.000     0.000 r  <hidden>
                                                      0.000     0.000 r  clk
                         net (fo=9807, unset)         1.733     1.733    u_rast/clk
    SLICE_X78Y39         FDRE                                         r  u_rast/s_mask_reg[2]/C
  -------------------------------------------------------------------    -------------------
    SLICE_X78Y39         FDRE (Prop_fdre_C_Q)         0.456     2.189 f  u_rast/s_mask_reg[2]/Q
                         net (fo=11, routed)          1.547     3.736    u_rast/s_mask_reg_n_0_[2]
    SLICE_X53Y37         LUT4 (Prop_lut4_I1_O)        0.124     3.860 f  u_rast/frag_z[3]_i_22/O
                         net (fo=136, routed)         1.276     5.136    u_rast/frag_z[3]_i_22_n_0
    SLICE_X65Y38         LUT6 (Prop_lut6_I0_O)        0.124     5.260 r  u_rast/frag_z[3]_i_51/O
                         net (fo=1, routed)           0.564     5.824    u_rast/axk[5]
    SLICE_X66Y37         LUT2 (Prop_lut2_I1_O)        0.124     5.948 r  u_rast/frag_z[3]_i_43/O
                         net (fo=1, routed)           0.000     5.948    u_rast/frag_z[3]_i_43_n_0
    SLICE_X66Y37         CARRY4 (Prop_carry4_S[1]_CO[3])
                                                      0.533     6.481 r  u_rast/frag_z_reg[3]_i_32/CO[3]
                         net (fo=1, routed)           0.000     6.481    u_rast/frag_z_reg[3]_i_32_n_0
    SLICE_X66Y38         CARRY4 (Prop_carry4_CI_CO[3])
                                                      0.117     6.598 r  u_rast/frag_z_reg[3]_i_24/CO[3]
                         net (fo=1, routed)           0.000     6.598    u_rast/frag_z_reg[3]_i_24_n_0
    SLICE_X66Y39         CARRY4 (Prop_carry4_CI_CO[3])
                                                      0.117     6.715 r  u_rast/frag_z_reg[3]_i_12/CO[3]
                         net (fo=1, routed)           0.000     6.715    u_rast/frag_z_reg[3]_i_12_n_0
    SLICE_X66Y40         CARRY4 (Prop_carry4_CI_CO[3])
                                                      0.117     6.832 r  u_rast/frag_z_reg[3]_i_3/CO[3]
                         net (fo=1, routed)           0.000     6.832    u_rast/frag_z_reg[3]_i_3_n_0
    SLICE_X66Y41         CARRY4 (Prop_carry4_CI_CO[3])
                                                      0.117     6.949 r  u_rast/frag_z_reg[3]_i_2/CO[3]
                         net (fo=1, routed)           0.000     6.949    u_rast/frag_z_reg[3]_i_2_n_0
    SLICE_X66Y42         CARRY4 (Prop_carry4_CI_CO[3])
                                                      0.117     7.066 r  u_rast/frag_z_reg[7]_i_2/CO[3]
                         net (fo=1, routed)           0.000     7.066    u_rast/frag_z_reg[7]_i_2_n_0
    SLICE_X66Y43         CARRY4 (Prop_carry4_CI_O[1])
                                                      0.323     7.389 r  u_rast/frag_z_reg[11]_i_2/O[1]
                         net (fo=5, routed)           1.202     8.591    u_rast/p_3_in[9]
    SLICE_X53Y39         LUT4 (Prop_lut4_I1_O)        0.306     8.897 r  u_rast/frag_z[15]_i_28/O
                         net (fo=1, routed)           0.000     8.897    u_rast/frag_z[15]_i_28_n_0
    SLICE_X53Y39         CARRY4 (Prop_carry4_S[0]_CO[3])
                                                      0.532     9.429 r  u_rast/frag_z_reg[15]_i_6/CO[3]
                         net (fo=1, routed)           0.000     9.429    u_rast/frag_z_reg[15]_i_6_n_0
    SLICE_X53Y40         CARRY4 (Prop_carry4_CI_CO[0])
                                                      0.271     9.700 r  u_rast/frag_z_reg[15]_i_3/CO[0]
                         net (fo=16, routed)          0.942    10.642    u_rast/finish_attr10_in
    SLICE_X52Y37         LUT5 (Prop_lut5_I1_O)        0.373    11.015 r  u_rast/frag_z[0]_i_1/O
                         net (fo=1, routed)           0.000    11.015    u_rast/finish_attr[0]
    SLICE_X52Y37         FDRE                                         r  u_rast/frag_z_reg[0]/D
  -------------------------------------------------------------------    -------------------

                         (clock clk rise edge)       10.000    10.000 r  <hidden>
                                                      0.000    10.000 r  clk
                         net (fo=9807, unset)         1.478    11.478    u_rast/clk
    SLICE_X52Y37         FDRE                                         r  u_rast/frag_z_reg[0]/C
                         clock pessimism              0.115    11.593    <hidden>
                         clock uncertainty           -0.035    11.558    <hidden>
    SLICE_X52Y37         FDRE (Setup_fdre_C_D)        0.029    11.587    u_rast/frag_z_reg[0]
  -------------------------------------------------------------------
                         required time                         11.587    <hidden>
                         arrival time                         -11.015    <hidden>
  -------------------------------------------------------------------
                         slack                                  0.571    <hidden>

Slack (MET) :             0.577ns  (required time - arrival time)
  Source:                 u_fetch/req_left_reg[28]/C
                            (rising edge-triggered cell FDCE clocked by clk  {rise@0.000ns fall@5.000ns period=10.000ns})
  Destination:            u_fetch/req_left_reg[28]/D
                            (rising edge-triggered cell FDCE clocked by clk  {rise@0.000ns fall@5.000ns period=10.000ns})
  Path Group:             clk
  Path Type:              Setup (Max at Slow Process Corner)
  Requirement:            10.000ns  (clk rise@10.000ns - clk rise@0.000ns)
  Data Path Delay:        9.473ns  (logic 4.118ns (43.469%)  route 5.355ns (56.531%))
  Logic Levels:           19  (CARRY4=10 LUT3=1 LUT4=1 LUT5=1 LUT6=6)
  Clock Path Skew:        -0.023ns (DCD - SCD + CPR)
    Destination Clock Delay (DCD):    1.484ns = ( 11.484 - 10.000 ) 
    Source Clock Delay      (SCD):    1.656ns
    Clock Pessimism Removal (CPR):    0.149ns
  Clock Uncertainty:      0.035ns  ((TSJ^2 + TIJ^2)^1/2 + DJ) / 2 + PE
    Total System Jitter     (TSJ):    0.071ns
    Total Input Jitter      (TIJ):    0.000ns
    Discrete Jitter          (DJ):    0.000ns
    Phase Error              (PE):    0.000ns

    Location             Delay type                Incr(ns)  Path(ns)    Netlist Resource(s)
  -------------------------------------------------------------------    -------------------
                         (clock clk rise edge)        0.000     0.000 r  <hidden>
                                                      0.000     0.000 r  clk
                         net (fo=9807, unset)         1.656     1.656    u_fetch/clk
    SLICE_X38Y30         FDCE                                         r  u_fetch/req_left_reg[28]/C
  -------------------------------------------------------------------    -------------------
    SLICE_X38Y30         FDCE (Prop_fdce_C_Q)         0.518     2.174 f  u_fetch/req_left_reg[28]/Q
                         net (fo=2, routed)           1.039     3.213    u_fetch/req_left_reg_n_0_[28]
    SLICE_X37Y26         LUT6 (Prop_lut6_I0_O)        0.124     3.337 f  u_fetch/m_axi_arlen[2]_i_5/O
                         net (fo=1, routed)           0.264     3.601    u_fetch/m_axi_arlen[2]_i_5_n_0
    SLICE_X37Y26         LUT6 (Prop_lut6_I0_O)        0.124     3.725 f  u_fetch/m_axi_arlen[2]_i_2/O
                         net (fo=6, routed)           0.352     4.077    u_fetch/m_axi_arlen[2]_i_2_n_0
    SLICE_X37Y24         LUT3 (Prop_lut3_I2_O)        0.124     4.201 r  u_fetch/m_axi_arlen[3]_i_2/O
                         net (fo=9, routed)           0.507     4.708    u_fetch/m_axi_arlen[3]_i_2_n_0
    SLICE_X34Y25         LUT5 (Prop_lut5_I1_O)        0.124     4.832 r  u_fetch/m_axi_arlen[3]_i_10/O
                         net (fo=1, routed)           0.000     4.832    u_fetch/m_axi_arlen[3]_i_10_n_0
    SLICE_X34Y25         CARRY4 (Prop_carry4_S[1]_CO[3])
                                                      0.533     5.365 r  u_fetch/m_axi_arlen_reg[3]_i_4/CO[3]
                         net (fo=1, routed)           0.000     5.365    u_fetch/m_axi_arlen_reg[3]_i_4_n_0
    SLICE_X34Y26         CARRY4 (Prop_carry4_CI_CO[0])
                                                      0.254     5.619 r  u_fetch/m_axi_arlen_reg[3]_i_3/CO[0]
                         net (fo=8, routed)           0.536     6.156    u_fetch/m_axi_arlen_reg[3]_i_3_n_3
    SLICE_X34Y27         LUT6 (Prop_lut6_I1_O)        0.367     6.523 f  u_fetch/len_q_reg_0_3_0_2_i_3/O
                         net (fo=10, routed)          0.605     7.127    u_fetch/burst_v[0]
    SLICE_X33Y26         LUT6 (Prop_lut6_I3_O)        0.124     7.251 r  u_fetch/m_axi_arvalid_i_13/O
                         net (fo=1, routed)           0.573     7.824    u_fetch/m_axi_arvalid_i_13_n_0
    SLICE_X33Y26         LUT6 (Prop_lut6_I1_O)        0.124     7.948 r  u_fetch/m_axi_arvalid_i_5/O
                         net (fo=2, routed)           0.748     8.696    u_fetch/m_axi_arvalid_i_5_n_0
    SLICE_X35Y22         LUT6 (Prop_lut6_I4_O)        0.124     8.820 r  u_fetch/m_axi_araddr[31]_i_2_comp/O
                         net (fo=141, routed)         0.722     9.542    u_fetch/can_issue
    SLICE_X38Y23         LUT4 (Prop_lut4_I2_O)        0.124     9.666 r  u_fetch/req_left[3]_i_8/O
                         net (fo=1, routed)           0.000     9.666    u_fetch/req_left[3]_i_8_n_0
    SLICE_X38Y23         CARRY4 (Prop_carry4_S[1]_CO[3])
                                                      0.533    10.199 r  u_fetch/req_left_reg[3]_i_1/CO[3]
                         net (fo=1, routed)           0.000    10.199    u_fetch/req_left_reg[3]_i_1_n_0
    SLICE_X38Y24         CARRY4 (Prop_carry4_CI_CO[3])
                                                      0.117    10.316 r  u_fetch/req_left_reg[7]_i_1/CO[3]
                         net (fo=1, routed)           0.009    10.325    u_fetch/req_left_reg[7]_i_1_n_0
    SLICE_X38Y25         CARRY4 (Prop_carry4_CI_CO[3])
                                                      0.117    10.442 r  u_fetch/req_left_reg[11]_i_1/CO[3]
                         net (fo=1, routed)           0.000    10.442    u_fetch/req_left_reg[11]_i_1_n_0
    SLICE_X38Y26         CARRY4 (Prop_carry4_CI_CO[3])
                                                      0.117    10.559 r  u_fetch/req_left_reg[15]_i_1/CO[3]
                         net (fo=1, routed)           0.000    10.559    u_fetch/req_left_reg[15]_i_1_n_0
    SLICE_X38Y27         CARRY4 (Prop_carry4_CI_CO[3])
                                                      0.117    10.676 r  u_fetch/req_left_reg[19]_i_1/CO[3]
                         net (fo=1, routed)           0.000    10.676    u_fetch/req_left_reg[19]_i_1_n_0
    SLICE_X38Y28         CARRY4 (Prop_carry4_CI_CO[3])
                                                      0.117    10.793 r  u_fetch/req_left_reg[23]_i_1/CO[3]
                         net (fo=1, routed)           0.000    10.793    u_fetch/req_left_reg[23]_i_1_n_0
    SLICE_X38Y29         CARRY4 (Prop_carry4_CI_CO[3])
                                                      0.117    10.910 r  u_fetch/req_left_reg[27]_i_1/CO[3]
                         net (fo=1, routed)           0.000    10.910    u_fetch/req_left_reg[27]_i_1_n_0
    SLICE_X38Y30         CARRY4 (Prop_carry4_CI_O[0])
                                                      0.219    11.129 r  u_fetch/req_left_reg[31]_i_2/O[0]
                         net (fo=1, routed)           0.000    11.129    u_fetch/req_left_reg[31]_i_2_n_7
    SLICE_X38Y30         FDCE                                         r  u_fetch/req_left_reg[28]/D
  -------------------------------------------------------------------    -------------------

                         (clock clk rise edge)       10.000    10.000 r  <hidden>
                                                      0.000    10.000 r  clk
                         net (fo=9807, unset)         1.484    11.484    u_fetch/clk
    SLICE_X38Y30         FDCE                                         r  u_fetch/req_left_reg[28]/C
                         clock pessimism              0.149    11.633    <hidden>
                         clock uncertainty           -0.035    11.598    <hidden>
    SLICE_X38Y30         FDCE (Setup_fdce_C_D)        0.109    11.707    u_fetch/req_left_reg[28]
  -------------------------------------------------------------------
                         required time                         11.707    <hidden>
                         arrival time                         -11.129    <hidden>
  -------------------------------------------------------------------
                         slack                                  0.577    <hidden>

Slack (MET) :             0.590ns  (required time - arrival time)
  Source:                 u_fetch/req_left_reg[28]/C
                            (rising edge-triggered cell FDCE clocked by clk  {rise@0.000ns fall@5.000ns period=10.000ns})
  Destination:            u_fetch/req_left_reg[25]/D
                            (rising edge-triggered cell FDCE clocked by clk  {rise@0.000ns fall@5.000ns period=10.000ns})
  Path Group:             clk
  Path Type:              Setup (Max at Slow Process Corner)
  Requirement:            10.000ns  (clk rise@10.000ns - clk rise@0.000ns)
  Data Path Delay:        9.460ns  (logic 4.105ns (43.391%)  route 5.355ns (56.609%))
  Logic Levels:           18  (CARRY4=9 LUT3=1 LUT4=1 LUT5=1 LUT6=6)
  Clock Path Skew:        -0.023ns (DCD - SCD + CPR)
    Destination Clock Delay (DCD):    1.484ns = ( 11.484 - 10.000 ) 
    Source Clock Delay      (SCD):    1.656ns
    Clock Pessimism Removal (CPR):    0.149ns
  Clock Uncertainty:      0.035ns  ((TSJ^2 + TIJ^2)^1/2 + DJ) / 2 + PE
    Total System Jitter     (TSJ):    0.071ns
    Total Input Jitter      (TIJ):    0.000ns
    Discrete Jitter          (DJ):    0.000ns
    Phase Error              (PE):    0.000ns

    Location             Delay type                Incr(ns)  Path(ns)    Netlist Resource(s)
  -------------------------------------------------------------------    -------------------
                         (clock clk rise edge)        0.000     0.000 r  <hidden>
                                                      0.000     0.000 r  clk
                         net (fo=9807, unset)         1.656     1.656    u_fetch/clk
    SLICE_X38Y30         FDCE                                         r  u_fetch/req_left_reg[28]/C
  -------------------------------------------------------------------    -------------------
    SLICE_X38Y30         FDCE (Prop_fdce_C_Q)         0.518     2.174 f  u_fetch/req_left_reg[28]/Q
                         net (fo=2, routed)           1.039     3.213    u_fetch/req_left_reg_n_0_[28]
    SLICE_X37Y26         LUT6 (Prop_lut6_I0_O)        0.124     3.337 f  u_fetch/m_axi_arlen[2]_i_5/O
                         net (fo=1, routed)           0.264     3.601    u_fetch/m_axi_arlen[2]_i_5_n_0
    SLICE_X37Y26         LUT6 (Prop_lut6_I0_O)        0.124     3.725 f  u_fetch/m_axi_arlen[2]_i_2/O
                         net (fo=6, routed)           0.352     4.077    u_fetch/m_axi_arlen[2]_i_2_n_0
    SLICE_X37Y24         LUT3 (Prop_lut3_I2_O)        0.124     4.201 r  u_fetch/m_axi_arlen[3]_i_2/O
                         net (fo=9, routed)           0.507     4.708    u_fetch/m_axi_arlen[3]_i_2_n_0
    SLICE_X34Y25         LUT5 (Prop_lut5_I1_O)        0.124     4.832 r  u_fetch/m_axi_arlen[3]_i_10/O
                         net (fo=1, routed)           0.000     4.832    u_fetch/m_axi_arlen[3]_i_10_n_0
    SLICE_X34Y25         CARRY4 (Prop_carry4_S[1]_CO[3])
                                                      0.533     5.365 r  u_fetch/m_axi_arlen_reg[3]_i_4/CO[3]
                         net (fo=1, routed)           0.000     5.365    u_fetch/m_axi_arlen_reg[3]_i_4_n_0
    SLICE_X34Y26         CARRY4 (Prop_carry4_CI_CO[0])
                                                      0.254     5.619 r  u_fetch/m_axi_arlen_reg[3]_i_3/CO[0]
                         net (fo=8, routed)           0.536     6.156    u_fetch/m_axi_arlen_reg[3]_i_3_n_3
    SLICE_X34Y27         LUT6 (Prop_lut6_I1_O)        0.367     6.523 f  u_fetch/len_q_reg_0_3_0_2_i_3/O
                         net (fo=10, routed)          0.605     7.127    u_fetch/burst_v[0]
    SLICE_X33Y26         LUT6 (Prop_lut6_I3_O)        0.124     7.251 r  u_fetch/m_axi_arvalid_i_13/O
                         net (fo=1, routed)           0.573     7.824    u_fetch/m_axi_arvalid_i_13_n_0
    SLICE_X33Y26         LUT6 (Prop_lut6_I1_O)        0.124     7.948 r  u_fetch/m_axi_arvalid_i_5/O
                         net (fo=2, routed)           0.748     8.696    u_fetch/m_axi_arvalid_i_5_n_0
    SLICE_X35Y22         LUT6 (Prop_lut6_I4_O)        0.124     8.820 r  u_fetch/m_axi_araddr[31]_i_2_comp/O
                         net (fo=141, routed)         0.722     9.542    u_fetch/can_issue
    SLICE_X38Y23         LUT4 (Prop_lut4_I2_O)        0.124     9.666 r  u_fetch/req_left[3]_i_8/O
                         net (fo=1, routed)           0.000     9.666    u_fetch/req_left[3]_i_8_n_0
    SLICE_X38Y23         CARRY4 (Prop_carry4_S[1]_CO[3])
                                                      0.533    10.199 r  u_fetch/req_left_reg[3]_i_1/CO[3]
                         net (fo=1, routed)           0.000    10.199    u_fetch/req_left_reg[3]_i_1_n_0
    SLICE_X38Y24         CARRY4 (Prop_carry4_CI_CO[3])
                                                      0.117    10.316 r  u_fetch/req_left_reg[7]_i_1/CO[3]
                         net (fo=1, routed)           0.009    10.325    u_fetch/req_left_reg[7]_i_1_n_0
    SLICE_X38Y25         CARRY4 (Prop_carry4_CI_CO[3])
                                                      0.117    10.442 r  u_fetch/req_left_reg[11]_i_1/CO[3]
                         net (fo=1, routed)           0.000    10.442    u_fetch/req_left_reg[11]_i_1_n_0
    SLICE_X38Y26         CARRY4 (Prop_carry4_CI_CO[3])
                                                      0.117    10.559 r  u_fetch/req_left_reg[15]_i_1/CO[3]
                         net (fo=1, routed)           0.000    10.559    u_fetch/req_left_reg[15]_i_1_n_0
    SLICE_X38Y27         CARRY4 (Prop_carry4_CI_CO[3])
                                                      0.117    10.676 r  u_fetch/req_left_reg[19]_i_1/CO[3]
                         net (fo=1, routed)           0.000    10.676    u_fetch/req_left_reg[19]_i_1_n_0
    SLICE_X38Y28         CARRY4 (Prop_carry4_CI_CO[3])
                                                      0.117    10.793 r  u_fetch/req_left_reg[23]_i_1/CO[3]
                         net (fo=1, routed)           0.000    10.793    u_fetch/req_left_reg[23]_i_1_n_0
    SLICE_X38Y29         CARRY4 (Prop_carry4_CI_O[1])
                                                      0.323    11.116 r  u_fetch/req_left_reg[27]_i_1/O[1]
                         net (fo=1, routed)           0.000    11.116    u_fetch/req_left_reg[27]_i_1_n_6
    SLICE_X38Y29         FDCE                                         r  u_fetch/req_left_reg[25]/D
  -------------------------------------------------------------------    -------------------

                         (clock clk rise edge)       10.000    10.000 r  <hidden>
                                                      0.000    10.000 r  clk
                         net (fo=9807, unset)         1.484    11.484    u_fetch/clk
    SLICE_X38Y29         FDCE                                         r  u_fetch/req_left_reg[25]/C
                         clock pessimism              0.149    11.633    <hidden>
                         clock uncertainty           -0.035    11.598    <hidden>
    SLICE_X38Y29         FDCE (Setup_fdce_C_D)        0.109    11.707    u_fetch/req_left_reg[25]
  -------------------------------------------------------------------
                         required time                         11.707    <hidden>
                         arrival time                         -11.116    <hidden>
  -------------------------------------------------------------------
                         slack                                  0.590    <hidden>

Slack (MET) :             0.598ns  (required time - arrival time)
  Source:                 u_fetch/req_left_reg[28]/C
                            (rising edge-triggered cell FDCE clocked by clk  {rise@0.000ns fall@5.000ns period=10.000ns})
  Destination:            u_fetch/req_left_reg[27]/D
                            (rising edge-triggered cell FDCE clocked by clk  {rise@0.000ns fall@5.000ns period=10.000ns})
  Path Group:             clk
  Path Type:              Setup (Max at Slow Process Corner)
  Requirement:            10.000ns  (clk rise@10.000ns - clk rise@0.000ns)
  Data Path Delay:        9.452ns  (logic 4.097ns (43.343%)  route 5.355ns (56.657%))
  Logic Levels:           18  (CARRY4=9 LUT3=1 LUT4=1 LUT5=1 LUT6=6)
  Clock Path Skew:        -0.023ns (DCD - SCD + CPR)
    Destination Clock Delay (DCD):    1.484ns = ( 11.484 - 10.000 ) 
    Source Clock Delay      (SCD):    1.656ns
    Clock Pessimism Removal (CPR):    0.149ns
  Clock Uncertainty:      0.035ns  ((TSJ^2 + TIJ^2)^1/2 + DJ) / 2 + PE
    Total System Jitter     (TSJ):    0.071ns
    Total Input Jitter      (TIJ):    0.000ns
    Discrete Jitter          (DJ):    0.000ns
    Phase Error              (PE):    0.000ns

    Location             Delay type                Incr(ns)  Path(ns)    Netlist Resource(s)
  -------------------------------------------------------------------    -------------------
                         (clock clk rise edge)        0.000     0.000 r  <hidden>
                                                      0.000     0.000 r  clk
                         net (fo=9807, unset)         1.656     1.656    u_fetch/clk
    SLICE_X38Y30         FDCE                                         r  u_fetch/req_left_reg[28]/C
  -------------------------------------------------------------------    -------------------
    SLICE_X38Y30         FDCE (Prop_fdce_C_Q)         0.518     2.174 f  u_fetch/req_left_reg[28]/Q
                         net (fo=2, routed)           1.039     3.213    u_fetch/req_left_reg_n_0_[28]
    SLICE_X37Y26         LUT6 (Prop_lut6_I0_O)        0.124     3.337 f  u_fetch/m_axi_arlen[2]_i_5/O
                         net (fo=1, routed)           0.264     3.601    u_fetch/m_axi_arlen[2]_i_5_n_0
    SLICE_X37Y26         LUT6 (Prop_lut6_I0_O)        0.124     3.725 f  u_fetch/m_axi_arlen[2]_i_2/O
                         net (fo=6, routed)           0.352     4.077    u_fetch/m_axi_arlen[2]_i_2_n_0
    SLICE_X37Y24         LUT3 (Prop_lut3_I2_O)        0.124     4.201 r  u_fetch/m_axi_arlen[3]_i_2/O
                         net (fo=9, routed)           0.507     4.708    u_fetch/m_axi_arlen[3]_i_2_n_0
    SLICE_X34Y25         LUT5 (Prop_lut5_I1_O)        0.124     4.832 r  u_fetch/m_axi_arlen[3]_i_10/O
                         net (fo=1, routed)           0.000     4.832    u_fetch/m_axi_arlen[3]_i_10_n_0
    SLICE_X34Y25         CARRY4 (Prop_carry4_S[1]_CO[3])
                                                      0.533     5.365 r  u_fetch/m_axi_arlen_reg[3]_i_4/CO[3]
                         net (fo=1, routed)           0.000     5.365    u_fetch/m_axi_arlen_reg[3]_i_4_n_0
    SLICE_X34Y26         CARRY4 (Prop_carry4_CI_CO[0])
                                                      0.254     5.619 r  u_fetch/m_axi_arlen_reg[3]_i_3/CO[0]
                         net (fo=8, routed)           0.536     6.156    u_fetch/m_axi_arlen_reg[3]_i_3_n_3
    SLICE_X34Y27         LUT6 (Prop_lut6_I1_O)        0.367     6.523 f  u_fetch/len_q_reg_0_3_0_2_i_3/O
                         net (fo=10, routed)          0.605     7.127    u_fetch/burst_v[0]
    SLICE_X33Y26         LUT6 (Prop_lut6_I3_O)        0.124     7.251 r  u_fetch/m_axi_arvalid_i_13/O
                         net (fo=1, routed)           0.573     7.824    u_fetch/m_axi_arvalid_i_13_n_0
    SLICE_X33Y26         LUT6 (Prop_lut6_I1_O)        0.124     7.948 r  u_fetch/m_axi_arvalid_i_5/O
                         net (fo=2, routed)           0.748     8.696    u_fetch/m_axi_arvalid_i_5_n_0
    SLICE_X35Y22         LUT6 (Prop_lut6_I4_O)        0.124     8.820 r  u_fetch/m_axi_araddr[31]_i_2_comp/O
                         net (fo=141, routed)         0.722     9.542    u_fetch/can_issue
    SLICE_X38Y23         LUT4 (Prop_lut4_I2_O)        0.124     9.666 r  u_fetch/req_left[3]_i_8/O
                         net (fo=1, routed)           0.000     9.666    u_fetch/req_left[3]_i_8_n_0
    SLICE_X38Y23         CARRY4 (Prop_carry4_S[1]_CO[3])
                                                      0.533    10.199 r  u_fetch/req_left_reg[3]_i_1/CO[3]
                         net (fo=1, routed)           0.000    10.199    u_fetch/req_left_reg[3]_i_1_n_0
    SLICE_X38Y24         CARRY4 (Prop_carry4_CI_CO[3])
                                                      0.117    10.316 r  u_fetch/req_left_reg[7]_i_1/CO[3]
                         net (fo=1, routed)           0.009    10.325    u_fetch/req_left_reg[7]_i_1_n_0
    SLICE_X38Y25         CARRY4 (Prop_carry4_CI_CO[3])
                                                      0.117    10.442 r  u_fetch/req_left_reg[11]_i_1/CO[3]
                         net (fo=1, routed)           0.000    10.442    u_fetch/req_left_reg[11]_i_1_n_0
    SLICE_X38Y26         CARRY4 (Prop_carry4_CI_CO[3])
                                                      0.117    10.559 r  u_fetch/req_left_reg[15]_i_1/CO[3]
                         net (fo=1, routed)           0.000    10.559    u_fetch/req_left_reg[15]_i_1_n_0
    SLICE_X38Y27         CARRY4 (Prop_carry4_CI_CO[3])
                                                      0.117    10.676 r  u_fetch/req_left_reg[19]_i_1/CO[3]
                         net (fo=1, routed)           0.000    10.676    u_fetch/req_left_reg[19]_i_1_n_0
    SLICE_X38Y28         CARRY4 (Prop_carry4_CI_CO[3])
                                                      0.117    10.793 r  u_fetch/req_left_reg[23]_i_1/CO[3]
                         net (fo=1, routed)           0.000    10.793    u_fetch/req_left_reg[23]_i_1_n_0
    SLICE_X38Y29         CARRY4 (Prop_carry4_CI_O[3])
                                                      0.315    11.108 r  u_fetch/req_left_reg[27]_i_1/O[3]
                         net (fo=1, routed)           0.000    11.108    u_fetch/req_left_reg[27]_i_1_n_4
    SLICE_X38Y29         FDCE                                         r  u_fetch/req_left_reg[27]/D
  -------------------------------------------------------------------    -------------------

                         (clock clk rise edge)       10.000    10.000 r  <hidden>
                                                      0.000    10.000 r  clk
                         net (fo=9807, unset)         1.484    11.484    u_fetch/clk
    SLICE_X38Y29         FDCE                                         r  u_fetch/req_left_reg[27]/C
                         clock pessimism              0.149    11.633    <hidden>
                         clock uncertainty           -0.035    11.598    <hidden>
    SLICE_X38Y29         FDCE (Setup_fdce_C_D)        0.109    11.707    u_fetch/req_left_reg[27]
  -------------------------------------------------------------------
                         required time                         11.707    <hidden>
                         arrival time                         -11.108    <hidden>
  -------------------------------------------------------------------
                         slack                                  0.598    <hidden>

Slack (MET) :             0.613ns  (required time - arrival time)
  Source:                 u_fetch/req_left_reg[28]/C
                            (rising edge-triggered cell FDCE clocked by clk  {rise@0.000ns fall@5.000ns period=10.000ns})
  Destination:            u_fetch/req_addr_reg[29]/D
                            (rising edge-triggered cell FDCE clocked by clk  {rise@0.000ns fall@5.000ns period=10.000ns})
  Path Group:             clk
  Path Type:              Setup (Max at Slow Process Corner)
  Requirement:            10.000ns  (clk rise@10.000ns - clk rise@0.000ns)
  Data Path Delay:        9.358ns  (logic 4.023ns (42.991%)  route 5.335ns (57.009%))
  Logic Levels:           18  (CARRY4=9 LUT3=1 LUT4=1 LUT5=1 LUT6=6)
  Clock Path Skew:        -0.056ns (DCD - SCD + CPR)
    Destination Clock Delay (DCD):    1.485ns = ( 11.485 - 10.000 ) 
    Source Clock Delay      (SCD):    1.656ns
    Clock Pessimism Removal (CPR):    0.115ns
  Clock Uncertainty:      0.035ns  ((TSJ^2 + TIJ^2)^1/2 + DJ) / 2 + PE
    Total System Jitter     (TSJ):    0.071ns
    Total Input Jitter      (TIJ):    0.000ns
    Discrete Jitter          (DJ):    0.000ns
    Phase Error              (PE):    0.000ns

    Location             Delay type                Incr(ns)  Path(ns)    Netlist Resource(s)
  -------------------------------------------------------------------    -------------------
                         (clock clk rise edge)        0.000     0.000 r  <hidden>
                                                      0.000     0.000 r  clk
                         net (fo=9807, unset)         1.656     1.656    u_fetch/clk
    SLICE_X38Y30         FDCE                                         r  u_fetch/req_left_reg[28]/C
  -------------------------------------------------------------------    -------------------
    SLICE_X38Y30         FDCE (Prop_fdce_C_Q)         0.518     2.174 f  u_fetch/req_left_reg[28]/Q
                         net (fo=2, routed)           1.039     3.213    u_fetch/req_left_reg_n_0_[28]
    SLICE_X37Y26         LUT6 (Prop_lut6_I0_O)        0.124     3.337 f  u_fetch/m_axi_arlen[2]_i_5/O
                         net (fo=1, routed)           0.264     3.601    u_fetch/m_axi_arlen[2]_i_5_n_0
    SLICE_X37Y26         LUT6 (Prop_lut6_I0_O)        0.124     3.725 f  u_fetch/m_axi_arlen[2]_i_2/O
                         net (fo=6, routed)           0.352     4.077    u_fetch/m_axi_arlen[2]_i_2_n_0
    SLICE_X37Y24         LUT3 (Prop_lut3_I2_O)        0.124     4.201 r  u_fetch/m_axi_arlen[3]_i_2/O
                         net (fo=9, routed)           0.507     4.708    u_fetch/m_axi_arlen[3]_i_2_n_0
    SLICE_X34Y25         LUT5 (Prop_lut5_I1_O)        0.124     4.832 r  u_fetch/m_axi_arlen[3]_i_10/O
                         net (fo=1, routed)           0.000     4.832    u_fetch/m_axi_arlen[3]_i_10_n_0
    SLICE_X34Y25         CARRY4 (Prop_carry4_S[1]_CO[3])
                                                      0.533     5.365 r  u_fetch/m_axi_arlen_reg[3]_i_4/CO[3]
                         net (fo=1, routed)           0.000     5.365    u_fetch/m_axi_arlen_reg[3]_i_4_n_0
    SLICE_X34Y26         CARRY4 (Prop_carry4_CI_CO[0])
                                                      0.254     5.619 r  u_fetch/m_axi_arlen_reg[3]_i_3/CO[0]
                         net (fo=8, routed)           0.536     6.156    u_fetch/m_axi_arlen_reg[3]_i_3_n_3
    SLICE_X34Y27         LUT6 (Prop_lut6_I1_O)        0.367     6.523 f  u_fetch/len_q_reg_0_3_0_2_i_3/O
                         net (fo=10, routed)          0.605     7.127    u_fetch/burst_v[0]
    SLICE_X33Y26         LUT6 (Prop_lut6_I3_O)        0.124     7.251 r  u_fetch/m_axi_arvalid_i_13/O
                         net (fo=1, routed)           0.573     7.824    u_fetch/m_axi_arvalid_i_13_n_0
    SLICE_X33Y26         LUT6 (Prop_lut6_I1_O)        0.124     7.948 r  u_fetch/m_axi_arvalid_i_5/O
                         net (fo=2, routed)           0.748     8.696    u_fetch/m_axi_arvalid_i_5_n_0
    SLICE_X35Y22         LUT6 (Prop_lut6_I4_O)        0.124     8.820 r  u_fetch/m_axi_araddr[31]_i_2_comp/O
                         net (fo=141, routed)         0.701     9.522    u_fetch/can_issue
    SLICE_X35Y24         LUT4 (Prop_lut4_I2_O)        0.124     9.646 r  u_fetch/req_addr[6]_i_7/O
                         net (fo=1, routed)           0.000     9.646    u_fetch/req_addr[6]_i_7_n_0
    SLICE_X35Y24         CARRY4 (Prop_carry4_S[1]_CO[3])
                                                      0.550    10.196 r  u_fetch/req_addr_reg[6]_i_1/CO[3]
                         net (fo=1, routed)           0.009    10.205    u_fetch/req_addr_reg[6]_i_1_n_0
    SLICE_X35Y25         CARRY4 (Prop_carry4_CI_CO[3])
                                                      0.114    10.319 r  u_fetch/req_addr_reg[10]_i_1/CO[3]
                         net (fo=1, routed)           0.000    10.319    u_fetch/req_addr_reg[10]_i_1_n_0
    SLICE_X35Y26         CARRY4 (Prop_carry4_CI_CO[3])
                                                      0.114    10.433 r  u_fetch/req_addr_reg[14]_i_1/CO[3]
                         net (fo=1, routed)           0.000    10.433    u_fetch/req_addr_reg[14]_i_1_n_0
    SLICE_X35Y27         CARRY4 (Prop_carry4_CI_CO[3])
                                                      0.114    10.547 r  u_fetch/req_addr_reg[18]_i_1/CO[3]
                         net (fo=1, routed)           0.000    10.547    u_fetch/req_addr_reg[18]_i_1_n_0
    SLICE_X35Y28         CARRY4 (Prop_carry4_CI_CO[3])
                                                      0.114    10.661 r  u_fetch/req_addr_reg[22]_i_1/CO[3]
                         net (fo=1, routed)           0.000    10.661    u_fetch/req_addr_reg[22]_i_1_n_0
    SLICE_X35Y29         CARRY4 (Prop_carry4_CI_CO[3])
                                                      0.114    10.775 r  u_fetch/req_addr_reg[26]_i_1/CO[3]
                         net (fo=1, routed)           0.000    10.775    u_fetch/req_addr_reg[26]_i_1_n_0
    SLICE_X35Y30         CARRY4 (Prop_carry4_CI_O[2])
                                                      0.239    11.014 r  u_fetch/req_addr_reg[30]_i_1/O[2]
                         net (fo=1, routed)           0.000    11.014    u_fetch/req_addr_reg[30]_i_1_n_5
    SLICE_X35Y30         FDCE                                         r  u_fetch/req_addr_reg[29]/D
  -------------------------------------------------------------------    -------------------

                         (clock clk rise edge)       10.000    10.000 r  <hidden>
                                                      0.000    10.000 r  clk
                         net (fo=9807, unset)         1.485    11.485    u_fetch/clk
    SLICE_X35Y30         FDCE                                         r  u_fetch/req_addr_reg[29]/C
                         clock pessimism              0.115    11.600    <hidden>
                         clock uncertainty           -0.035    11.565    <hidden>
    SLICE_X35Y30         FDCE (Setup_fdce_C_D)        0.062    11.627    u_fetch/req_addr_reg[29]
  -------------------------------------------------------------------
                         required time                         11.627    <hidden>
                         arrival time                         -11.014    <hidden>
  -------------------------------------------------------------------
                         slack                                  0.613    <hidden>

Slack (MET) :             0.629ns  (required time - arrival time)
  Source:                 u_fetch/req_left_reg[28]/C
                            (rising edge-triggered cell FDCE clocked by clk  {rise@0.000ns fall@5.000ns period=10.000ns})
  Destination:            u_fetch/req_addr_reg[27]/D
                            (rising edge-triggered cell FDCE clocked by clk  {rise@0.000ns fall@5.000ns period=10.000ns})
  Path Group:             clk
  Path Type:              Setup (Max at Slow Process Corner)
  Requirement:            10.000ns  (clk rise@10.000ns - clk rise@0.000ns)
  Data Path Delay:        9.342ns  (logic 4.007ns (42.894%)  route 5.335ns (57.106%))
  Logic Levels:           18  (CARRY4=9 LUT3=1 LUT4=1 LUT5=1 LUT6=6)
  Clock Path Skew:        -0.056ns (DCD - SCD + CPR)
    Destination Clock Delay (DCD):    1.485ns = ( 11.485 - 10.000 ) 
    Source Clock Delay      (SCD):    1.656ns
    Clock Pessimism Removal (CPR):    0.115ns
  Clock Uncertainty:      0.035ns  ((TSJ^2 + TIJ^2)^1/2 + DJ) / 2 + PE
    Total System Jitter     (TSJ):    0.071ns
    Total Input Jitter      (TIJ):    0.000ns
    Discrete Jitter          (DJ):    0.000ns
    Phase Error              (PE):    0.000ns

    Location             Delay type                Incr(ns)  Path(ns)    Netlist Resource(s)
  -------------------------------------------------------------------    -------------------
                         (clock clk rise edge)        0.000     0.000 r  <hidden>
                                                      0.000     0.000 r  clk
                         net (fo=9807, unset)         1.656     1.656    u_fetch/clk
    SLICE_X38Y30         FDCE                                         r  u_fetch/req_left_reg[28]/C
  -------------------------------------------------------------------    -------------------
    SLICE_X38Y30         FDCE (Prop_fdce_C_Q)         0.518     2.174 f  u_fetch/req_left_reg[28]/Q
                         net (fo=2, routed)           1.039     3.213    u_fetch/req_left_reg_n_0_[28]
    SLICE_X37Y26         LUT6 (Prop_lut6_I0_O)        0.124     3.337 f  u_fetch/m_axi_arlen[2]_i_5/O
                         net (fo=1, routed)           0.264     3.601    u_fetch/m_axi_arlen[2]_i_5_n_0
    SLICE_X37Y26         LUT6 (Prop_lut6_I0_O)        0.124     3.725 f  u_fetch/m_axi_arlen[2]_i_2/O
                         net (fo=6, routed)           0.352     4.077    u_fetch/m_axi_arlen[2]_i_2_n_0
    SLICE_X37Y24         LUT3 (Prop_lut3_I2_O)        0.124     4.201 r  u_fetch/m_axi_arlen[3]_i_2/O
                         net (fo=9, routed)           0.507     4.708    u_fetch/m_axi_arlen[3]_i_2_n_0
    SLICE_X34Y25         LUT5 (Prop_lut5_I1_O)        0.124     4.832 r  u_fetch/m_axi_arlen[3]_i_10/O
                         net (fo=1, routed)           0.000     4.832    u_fetch/m_axi_arlen[3]_i_10_n_0
    SLICE_X34Y25         CARRY4 (Prop_carry4_S[1]_CO[3])
                                                      0.533     5.365 r  u_fetch/m_axi_arlen_reg[3]_i_4/CO[3]
                         net (fo=1, routed)           0.000     5.365    u_fetch/m_axi_arlen_reg[3]_i_4_n_0
    SLICE_X34Y26         CARRY4 (Prop_carry4_CI_CO[0])
                                                      0.254     5.619 r  u_fetch/m_axi_arlen_reg[3]_i_3/CO[0]
                         net (fo=8, routed)           0.536     6.156    u_fetch/m_axi_arlen_reg[3]_i_3_n_3
    SLICE_X34Y27         LUT6 (Prop_lut6_I1_O)        0.367     6.523 f  u_fetch/len_q_reg_0_3_0_2_i_3/O
                         net (fo=10, routed)          0.605     7.127    u_fetch/burst_v[0]
    SLICE_X33Y26         LUT6 (Prop_lut6_I3_O)        0.124     7.251 r  u_fetch/m_axi_arvalid_i_13/O
                         net (fo=1, routed)           0.573     7.824    u_fetch/m_axi_arvalid_i_13_n_0
    SLICE_X33Y26         LUT6 (Prop_lut6_I1_O)        0.124     7.948 r  u_fetch/m_axi_arvalid_i_5/O
                         net (fo=2, routed)           0.748     8.696    u_fetch/m_axi_arvalid_i_5_n_0
    SLICE_X35Y22         LUT6 (Prop_lut6_I4_O)        0.124     8.820 r  u_fetch/m_axi_araddr[31]_i_2_comp/O
                         net (fo=141, routed)         0.701     9.522    u_fetch/can_issue
    SLICE_X35Y24         LUT4 (Prop_lut4_I2_O)        0.124     9.646 r  u_fetch/req_addr[6]_i_7/O
                         net (fo=1, routed)           0.000     9.646    u_fetch/req_addr[6]_i_7_n_0
    SLICE_X35Y24         CARRY4 (Prop_carry4_S[1]_CO[3])
                                                      0.550    10.196 r  u_fetch/req_addr_reg[6]_i_1/CO[3]
                         net (fo=1, routed)           0.009    10.205    u_fetch/req_addr_reg[6]_i_1_n_0
    SLICE_X35Y25         CARRY4 (Prop_carry4_CI_CO[3])
                                                      0.114    10.319 r  u_fetch/req_addr_reg[10]_i_1/CO[3]
                         net (fo=1, routed)           0.000    10.319    u_fetch/req_addr_reg[10]_i_1_n_0
    SLICE_X35Y26         CARRY4 (Prop_carry4_CI_CO[3])
                                                      0.114    10.433 r  u_fetch/req_addr_reg[14]_i_1/CO[3]
                         net (fo=1, routed)           0.000    10.433    u_fetch/req_addr_reg[14]_i_1_n_0
    SLICE_X35Y27         CARRY4 (Prop_carry4_CI_CO[3])
                                                      0.114    10.547 r  u_fetch/req_addr_reg[18]_i_1/CO[3]
                         net (fo=1, routed)           0.000    10.547    u_fetch/req_addr_reg[18]_i_1_n_0
    SLICE_X35Y28         CARRY4 (Prop_carry4_CI_CO[3])
                                                      0.114    10.661 r  u_fetch/req_addr_reg[22]_i_1/CO[3]
                         net (fo=1, routed)           0.000    10.661    u_fetch/req_addr_reg[22]_i_1_n_0
    SLICE_X35Y29         CARRY4 (Prop_carry4_CI_CO[3])
                                                      0.114    10.775 r  u_fetch/req_addr_reg[26]_i_1/CO[3]
                         net (fo=1, routed)           0.000    10.775    u_fetch/req_addr_reg[26]_i_1_n_0
    SLICE_X35Y30         CARRY4 (Prop_carry4_CI_O[0])
                                                      0.223    10.998 r  u_fetch/req_addr_reg[30]_i_1/O[0]
                         net (fo=1, routed)           0.000    10.998    u_fetch/req_addr_reg[30]_i_1_n_7
    SLICE_X35Y30         FDCE                                         r  u_fetch/req_addr_reg[27]/D
  -------------------------------------------------------------------    -------------------

                         (clock clk rise edge)       10.000    10.000 r  <hidden>
                                                      0.000    10.000 r  clk
                         net (fo=9807, unset)         1.485    11.485    u_fetch/clk
    SLICE_X35Y30         FDCE                                         r  u_fetch/req_addr_reg[27]/C
                         clock pessimism              0.115    11.600    <hidden>
                         clock uncertainty           -0.035    11.565    <hidden>
    SLICE_X35Y30         FDCE (Setup_fdce_C_D)        0.062    11.627    u_fetch/req_addr_reg[27]
  -------------------------------------------------------------------
                         required time                         11.627    <hidden>
                         arrival time                         -10.998    <hidden>
  -------------------------------------------------------------------
                         slack                                  0.629    <hidden>





Min Delay Paths
--------------------------------------------------------------------------------------
Slack (MET) :             0.019ns  (arrival time - required time)
  Source:                 u_prim/h_z_reg[0][14]/C
                            (rising edge-triggered cell FDRE clocked by clk  {rise@0.000ns fall@5.000ns period=10.000ns})
  Destination:            u_prim/out_z_reg[0][14]/D
                            (rising edge-triggered cell FDRE clocked by clk  {rise@0.000ns fall@5.000ns period=10.000ns})
  Path Group:             clk
  Path Type:              Hold (Min at Fast Process Corner)
  Requirement:            0.000ns  (clk rise@0.000ns - clk rise@0.000ns)
  Data Path Delay:        0.355ns  (logic 0.141ns (39.704%)  route 0.214ns (60.296%))
  Logic Levels:           0  
  Clock Path Skew:        0.273ns (DCD - SCD - CPR)
    Destination Clock Delay (DCD):    0.829ns
    Source Clock Delay      (SCD):    0.556ns
    Clock Pessimism Removal (CPR):    -0.000ns

    Location             Delay type                Incr(ns)  Path(ns)    Netlist Resource(s)
  -------------------------------------------------------------------    -------------------
                         (clock clk rise edge)        0.000     0.000 r  <hidden>
                                                      0.000     0.000 r  clk
                         net (fo=9807, unset)         0.556     0.556    u_prim/clk
    SLICE_X43Y50         FDRE                                         r  u_prim/h_z_reg[0][14]/C
  -------------------------------------------------------------------    -------------------
    SLICE_X43Y50         FDRE (Prop_fdre_C_Q)         0.141     0.697 r  u_prim/h_z_reg[0][14]/Q
                         net (fo=1, routed)           0.214     0.911    u_prim/h_z_reg[0][14]
    SLICE_X46Y48         FDRE                                         r  u_prim/out_z_reg[0][14]/D
  -------------------------------------------------------------------    -------------------

                         (clock clk rise edge)        0.000     0.000 r  <hidden>
                                                      0.000     0.000 r  clk
                         net (fo=9807, unset)         0.829     0.829    u_prim/clk
    SLICE_X46Y48         FDRE                                         r  u_prim/out_z_reg[0][14]/C
                         clock pessimism              0.000     0.829    <hidden>
    SLICE_X46Y48         FDRE (Hold_fdre_C_D)         0.063     0.892    u_prim/out_z_reg[0][14]
  -------------------------------------------------------------------
                         required time                         -0.892    <hidden>
                         arrival time                           0.911    <hidden>
  -------------------------------------------------------------------
                         slack                                  0.019    <hidden>

Slack (MET) :             0.020ns  (arrival time - required time)
  Source:                 u_prim/h_z_reg[0][15]/C
                            (rising edge-triggered cell FDRE clocked by clk  {rise@0.000ns fall@5.000ns period=10.000ns})
  Destination:            u_prim/out_z_reg[0][15]/D
                            (rising edge-triggered cell FDRE clocked by clk  {rise@0.000ns fall@5.000ns period=10.000ns})
  Path Group:             clk
  Path Type:              Hold (Min at Fast Process Corner)
  Requirement:            0.000ns  (clk rise@0.000ns - clk rise@0.000ns)
  Data Path Delay:        0.356ns  (logic 0.141ns (39.592%)  route 0.215ns (60.408%))
  Logic Levels:           0  
  Clock Path Skew:        0.273ns (DCD - SCD - CPR)
    Destination Clock Delay (DCD):    0.829ns
    Source Clock Delay      (SCD):    0.556ns
    Clock Pessimism Removal (CPR):    -0.000ns

    Location             Delay type                Incr(ns)  Path(ns)    Netlist Resource(s)
  -------------------------------------------------------------------    -------------------
                         (clock clk rise edge)        0.000     0.000 r  <hidden>
                                                      0.000     0.000 r  clk
                         net (fo=9807, unset)         0.556     0.556    u_prim/clk
    SLICE_X43Y50         FDRE                                         r  u_prim/h_z_reg[0][15]/C
  -------------------------------------------------------------------    -------------------
    SLICE_X43Y50         FDRE (Prop_fdre_C_Q)         0.141     0.697 r  u_prim/h_z_reg[0][15]/Q
                         net (fo=1, routed)           0.215     0.912    u_prim/h_z_reg[0][15]
    SLICE_X46Y48         FDRE                                         r  u_prim/out_z_reg[0][15]/D
  -------------------------------------------------------------------    -------------------

                         (clock clk rise edge)        0.000     0.000 r  <hidden>
                                                      0.000     0.000 r  clk
                         net (fo=9807, unset)         0.829     0.829    u_prim/clk
    SLICE_X46Y48         FDRE                                         r  u_prim/out_z_reg[0][15]/C
                         clock pessimism              0.000     0.829    <hidden>
    SLICE_X46Y48         FDRE (Hold_fdre_C_D)         0.063     0.892    u_prim/out_z_reg[0][15]
  -------------------------------------------------------------------
                         required time                         -0.892    <hidden>
                         arrival time                           0.912    <hidden>
  -------------------------------------------------------------------
                         slack                                  0.020    <hidden>

Slack (MET) :             0.025ns  (arrival time - required time)
  Source:                 u_persp/u_recip/g_stage[8].div_reg[9][3]/C
                            (rising edge-triggered cell FDRE clocked by clk  {rise@0.000ns fall@5.000ns period=10.000ns})
  Destination:            u_persp/u_recip/g_stage[9].div_reg[10][3]/D
                            (rising edge-triggered cell FDRE clocked by clk  {rise@0.000ns fall@5.000ns period=10.000ns})
  Path Group:             clk
  Path Type:              Hold (Min at Fast Process Corner)
  Requirement:            0.000ns  (clk rise@0.000ns - clk rise@0.000ns)
  Data Path Delay:        0.359ns  (logic 0.141ns (39.236%)  route 0.218ns (60.764%))
  Logic Levels:           0  
  Clock Path Skew:        0.264ns (DCD - SCD - CPR)
    Destination Clock Delay (DCD):    0.814ns
    Source Clock Delay      (SCD):    0.545ns
    Clock Pessimism Removal (CPR):    0.005ns

    Location             Delay type                Incr(ns)  Path(ns)    Netlist Resource(s)
  -------------------------------------------------------------------    -------------------
                         (clock clk rise edge)        0.000     0.000 r  <hidden>
                                                      0.000     0.000 r  clk
                         net (fo=9807, unset)         0.545     0.545    u_persp/u_recip/clk
    SLICE_X51Y67         FDRE                                         r  u_persp/u_recip/g_stage[8].div_reg[9][3]/C
  -------------------------------------------------------------------    -------------------
    SLICE_X51Y67         FDRE (Prop_fdre_C_Q)         0.141     0.686 r  u_persp/u_recip/g_stage[8].div_reg[9][3]/Q
                         net (fo=4, routed)           0.218     0.904    u_persp/u_recip/g_stage[8].div_reg[9]_10[3]
    SLICE_X49Y68         FDRE                                         r  u_persp/u_recip/g_stage[9].div_reg[10][3]/D
  -------------------------------------------------------------------    -------------------

                         (clock clk rise edge)        0.000     0.000 r  <hidden>
                                                      0.000     0.000 r  clk
                         net (fo=9807, unset)         0.814     0.814    u_persp/u_recip/clk
    SLICE_X49Y68         FDRE                                         r  u_persp/u_recip/g_stage[9].div_reg[10][3]/C
                         clock pessimism             -0.005     0.809    <hidden>
    SLICE_X49Y68         FDRE (Hold_fdre_C_D)         0.070     0.879    u_persp/u_recip/g_stage[9].div_reg[10][3]
  -------------------------------------------------------------------
                         required time                         -0.879    <hidden>
                         arrival time                           0.904    <hidden>
  -------------------------------------------------------------------
                         slack                                  0.025    <hidden>

Slack (MET) :             0.031ns  (arrival time - required time)
  Source:                 u_persp/u_recip/g_stage[8].div_reg[9][1]/C
                            (rising edge-triggered cell FDRE clocked by clk  {rise@0.000ns fall@5.000ns period=10.000ns})
  Destination:            u_persp/u_recip/g_stage[9].div_reg[10][1]/D
                            (rising edge-triggered cell FDRE clocked by clk  {rise@0.000ns fall@5.000ns period=10.000ns})
  Path Group:             clk
  Path Type:              Hold (Min at Fast Process Corner)
  Requirement:            0.000ns  (clk rise@0.000ns - clk rise@0.000ns)
  Data Path Delay:        0.365ns  (logic 0.141ns (38.597%)  route 0.224ns (61.403%))
  Logic Levels:           0  
  Clock Path Skew:        0.264ns (DCD - SCD - CPR)
    Destination Clock Delay (DCD):    0.814ns
    Source Clock Delay      (SCD):    0.545ns
    Clock Pessimism Removal (CPR):    0.005ns

    Location             Delay type                Incr(ns)  Path(ns)    Netlist Resource(s)
  -------------------------------------------------------------------    -------------------
                         (clock clk rise edge)        0.000     0.000 r  <hidden>
                                                      0.000     0.000 r  clk
                         net (fo=9807, unset)         0.545     0.545    u_persp/u_recip/clk
    SLICE_X52Y67         FDRE                                         r  u_persp/u_recip/g_stage[8].div_reg[9][1]/C
  -------------------------------------------------------------------    -------------------
    SLICE_X52Y67         FDRE (Prop_fdre_C_Q)         0.141     0.686 r  u_persp/u_recip/g_stage[8].div_reg[9][1]/Q
                         net (fo=4, routed)           0.224     0.910    u_persp/u_recip/g_stage[8].div_reg[9]_10[1]
    SLICE_X48Y68         FDRE                                         r  u_persp/u_recip/g_stage[9].div_reg[10][1]/D
  -------------------------------------------------------------------    -------------------

                         (clock clk rise edge)        0.000     0.000 r  <hidden>
                                                      0.000     0.000 r  clk
                         net (fo=9807, unset)         0.814     0.814    u_persp/u_recip/clk
    SLICE_X48Y68         FDRE                                         r  u_persp/u_recip/g_stage[9].div_reg[10][1]/C
                         clock pessimism             -0.005     0.809    <hidden>
    SLICE_X48Y68         FDRE (Hold_fdre_C_D)         0.070     0.879    u_persp/u_recip/g_stage[9].div_reg[10][1]
  -------------------------------------------------------------------
                         required time                         -0.879    <hidden>
                         arrival time                           0.910    <hidden>
  -------------------------------------------------------------------
                         slack                                  0.031    <hidden>

Slack (MET) :             0.032ns  (arrival time - required time)
  Source:                 u_prim/h_z_reg[1][15]/C
                            (rising edge-triggered cell FDRE clocked by clk  {rise@0.000ns fall@5.000ns period=10.000ns})
  Destination:            u_prim/out_z_reg[1][15]/D
                            (rising edge-triggered cell FDRE clocked by clk  {rise@0.000ns fall@5.000ns period=10.000ns})
  Path Group:             clk
  Path Type:              Hold (Min at Fast Process Corner)
  Requirement:            0.000ns  (clk rise@0.000ns - clk rise@0.000ns)
  Data Path Delay:        0.375ns  (logic 0.141ns (37.606%)  route 0.234ns (62.394%))
  Logic Levels:           0  
  Clock Path Skew:        0.273ns (DCD - SCD - CPR)
    Destination Clock Delay (DCD):    0.829ns
    Source Clock Delay      (SCD):    0.556ns
    Clock Pessimism Removal (CPR):    -0.000ns

    Location             Delay type                Incr(ns)  Path(ns)    Netlist Resource(s)
  -------------------------------------------------------------------    -------------------
                         (clock clk rise edge)        0.000     0.000 r  <hidden>
                                                      0.000     0.000 r  clk
                         net (fo=9807, unset)         0.556     0.556    u_prim/clk
    SLICE_X41Y50         FDRE                                         r  u_prim/h_z_reg[1][15]/C
  -------------------------------------------------------------------    -------------------
    SLICE_X41Y50         FDRE (Prop_fdre_C_Q)         0.141     0.697 r  u_prim/h_z_reg[1][15]/Q
                         net (fo=1, routed)           0.234     0.931    u_prim/h_z_reg[1][15]
    SLICE_X41Y49         FDRE                                         r  u_prim/out_z_reg[1][15]/D
  -------------------------------------------------------------------    -------------------

                         (clock clk rise edge)        0.000     0.000 r  <hidden>
                                                      0.000     0.000 r  clk
                         net (fo=9807, unset)         0.829     0.829    u_prim/clk
    SLICE_X41Y49         FDRE                                         r  u_prim/out_z_reg[1][15]/C
                         clock pessimism              0.000     0.829    <hidden>
    SLICE_X41Y49         FDRE (Hold_fdre_C_D)         0.070     0.899    u_prim/out_z_reg[1][15]
  -------------------------------------------------------------------
                         required time                         -0.899    <hidden>
                         arrival time                           0.931    <hidden>
  -------------------------------------------------------------------
                         slack                                  0.032    <hidden>

Slack (MET) :             0.036ns  (arrival time - required time)
  Source:                 u_prim/out_color_reg[0][23]/C
                            (rising edge-triggered cell FDRE clocked by clk  {rise@0.000ns fall@5.000ns period=10.000ns})
  Destination:            u_setup/va_reg[0][1][7]/D
                            (rising edge-triggered cell FDRE clocked by clk  {rise@0.000ns fall@5.000ns period=10.000ns})
  Path Group:             clk
  Path Type:              Hold (Min at Fast Process Corner)
  Requirement:            0.000ns  (clk rise@0.000ns - clk rise@0.000ns)
  Data Path Delay:        0.360ns  (logic 0.141ns (39.219%)  route 0.219ns (60.781%))
  Logic Levels:           0  
  Clock Path Skew:        0.261ns (DCD - SCD - CPR)
    Destination Clock Delay (DCD):    0.825ns
    Source Clock Delay      (SCD):    0.559ns
    Clock Pessimism Removal (CPR):    0.005ns

    Location             Delay type                Incr(ns)  Path(ns)    Netlist Resource(s)
  -------------------------------------------------------------------    -------------------
                         (clock clk rise edge)        0.000     0.000 r  <hidden>
                                                      0.000     0.000 r  clk
                         net (fo=9807, unset)         0.559     0.559    u_prim/clk
    SLICE_X48Y42         FDRE                                         r  u_prim/out_color_reg[0][23]/C
  -------------------------------------------------------------------    -------------------
    SLICE_X48Y42         FDRE (Prop_fdre_C_Q)         0.141     0.700 r  u_prim/out_color_reg[0][23]/Q
                         net (fo=1, routed)           0.219     0.919    u_setup/va_reg[0][1][7]_0[23]
    SLICE_X50Y45         FDRE                                         r  u_setup/va_reg[0][1][7]/D
  -------------------------------------------------------------------    -------------------

                         (clock clk rise edge)        0.000     0.000 r  <hidden>
                                                      0.000     0.000 r  clk
                         net (fo=9807, unset)         0.825     0.825    u_setup/clk
    SLICE_X50Y45         FDRE                                         r  u_setup/va_reg[0][1][7]/C
                         clock pessimism             -0.005     0.820    <hidden>
    SLICE_X50Y45         FDRE (Hold_fdre_C_D)         0.063     0.883    u_setup/va_reg[0][1][7]
  -------------------------------------------------------------------
                         required time                         -0.883    <hidden>
                         arrival time                           0.919    <hidden>
  -------------------------------------------------------------------
                         slack                                  0.036    <hidden>

Slack (MET) :             0.036ns  (arrival time - required time)
  Source:                 u_fetch/asm_words_reg[16]/C
                            (rising edge-triggered cell FDRE clocked by clk  {rise@0.000ns fall@5.000ns period=10.000ns})
  Destination:            u_fetch/fifo_mem_reg_0/DIADI[16]
                            (rising edge-triggered cell RAMB36E1 clocked by clk  {rise@0.000ns fall@5.000ns period=10.000ns})
  Path Group:             clk
  Path Type:              Hold (Min at Fast Process Corner)
  Requirement:            0.000ns  (clk rise@0.000ns - clk rise@0.000ns)
  Data Path Delay:        0.249ns  (logic 0.141ns (56.669%)  route 0.108ns (43.331%))
  Logic Levels:           0  
  Clock Path Skew:        0.057ns (DCD - SCD - CPR)
    Destination Clock Delay (DCD):    0.892ns
    Source Clock Delay      (SCD):    0.582ns
    Clock Pessimism Removal (CPR):    0.253ns

    Location             Delay type                Incr(ns)  Path(ns)    Netlist Resource(s)
  -------------------------------------------------------------------    -------------------
                         (clock clk rise edge)        0.000     0.000 r  <hidden>
                                                      0.000     0.000 r  clk
                         net (fo=9807, unset)         0.582     0.582    u_fetch/clk
    SLICE_X9Y25          FDRE                                         r  u_fetch/asm_words_reg[16]/C
  -------------------------------------------------------------------    -------------------
    SLICE_X9Y25          FDRE (Prop_fdre_C_Q)         0.141     0.723 r  u_fetch/asm_words_reg[16]/Q
                         net (fo=1, routed)           0.108     0.831    u_fetch/asm_words_reg_n_0_[16]
    RAMB36_X0Y5          RAMB36E1                                     r  u_fetch/fifo_mem_reg_0/DIADI[16]
  -------------------------------------------------------------------    -------------------

                         (clock clk rise edge)        0.000     0.000 r  <hidden>
                                                      0.000     0.000 r  clk
                         net (fo=9807, unset)         0.892     0.892    u_fetch/clk
    RAMB36_X0Y5          RAMB36E1                                     r  u_fetch/fifo_mem_reg_0/CLKBWRCLK
                         clock pessimism             -0.253     0.639    <hidden>
    RAMB36_X0Y5          RAMB36E1 (Hold_ramb36e1_CLKBWRCLK_DIADI[16])
                                                      0.155     0.794    u_fetch/fifo_mem_reg_0
  -------------------------------------------------------------------
                         required time                         -0.794    <hidden>
                         arrival time                           0.831    <hidden>
  -------------------------------------------------------------------
                         slack                                  0.036    <hidden>

Slack (MET) :             0.036ns  (arrival time - required time)
  Source:                 u_fetch/asm_words_reg[20]/C
                            (rising edge-triggered cell FDRE clocked by clk  {rise@0.000ns fall@5.000ns period=10.000ns})
  Destination:            u_fetch/fifo_mem_reg_0/DIADI[20]
                            (rising edge-triggered cell RAMB36E1 clocked by clk  {rise@0.000ns fall@5.000ns period=10.000ns})
  Path Group:             clk
  Path Type:              Hold (Min at Fast Process Corner)
  Requirement:            0.000ns  (clk rise@0.000ns - clk rise@0.000ns)
  Data Path Delay:        0.249ns  (logic 0.141ns (56.669%)  route 0.108ns (43.331%))
  Logic Levels:           0  
  Clock Path Skew:        0.057ns (DCD - SCD - CPR)
    Destination Clock Delay (DCD):    0.892ns
    Source Clock Delay      (SCD):    0.582ns
    Clock Pessimism Removal (CPR):    0.253ns

    Location             Delay type                Incr(ns)  Path(ns)    Netlist Resource(s)
  -------------------------------------------------------------------    -------------------
                         (clock clk rise edge)        0.000     0.000 r  <hidden>
                                                      0.000     0.000 r  clk
                         net (fo=9807, unset)         0.582     0.582    u_fetch/clk
    SLICE_X9Y25          FDRE                                         r  u_fetch/asm_words_reg[20]/C
  -------------------------------------------------------------------    -------------------
    SLICE_X9Y25          FDRE (Prop_fdre_C_Q)         0.141     0.723 r  u_fetch/asm_words_reg[20]/Q
                         net (fo=1, routed)           0.108     0.831    u_fetch/asm_words_reg_n_0_[20]
    RAMB36_X0Y5          RAMB36E1                                     r  u_fetch/fifo_mem_reg_0/DIADI[20]
  -------------------------------------------------------------------    -------------------

                         (clock clk rise edge)        0.000     0.000 r  <hidden>
                                                      0.000     0.000 r  clk
                         net (fo=9807, unset)         0.892     0.892    u_fetch/clk
    RAMB36_X0Y5          RAMB36E1                                     r  u_fetch/fifo_mem_reg_0/CLKBWRCLK
                         clock pessimism             -0.253     0.639    <hidden>
    RAMB36_X0Y5          RAMB36E1 (Hold_ramb36e1_CLKBWRCLK_DIADI[20])
                                                      0.155     0.794    u_fetch/fifo_mem_reg_0
  -------------------------------------------------------------------
                         required time                         -0.794    <hidden>
                         arrival time                           0.831    <hidden>
  -------------------------------------------------------------------
                         slack                                  0.036    <hidden>

Slack (MET) :             0.036ns  (arrival time - required time)
  Source:                 u_fetch/asm_words_reg[22]/C
                            (rising edge-triggered cell FDRE clocked by clk  {rise@0.000ns fall@5.000ns period=10.000ns})
  Destination:            u_fetch/fifo_mem_reg_0/DIADI[22]
                            (rising edge-triggered cell RAMB36E1 clocked by clk  {rise@0.000ns fall@5.000ns period=10.000ns})
  Path Group:             clk
  Path Type:              Hold (Min at Fast Process Corner)
  Requirement:            0.000ns  (clk rise@0.000ns - clk rise@0.000ns)
  Data Path Delay:        0.249ns  (logic 0.141ns (56.669%)  route 0.108ns (43.331%))
  Logic Levels:           0  
  Clock Path Skew:        0.057ns (DCD - SCD - CPR)
    Destination Clock Delay (DCD):    0.892ns
    Source Clock Delay      (SCD):    0.582ns
    Clock Pessimism Removal (CPR):    0.253ns

    Location             Delay type                Incr(ns)  Path(ns)    Netlist Resource(s)
  -------------------------------------------------------------------    -------------------
                         (clock clk rise edge)        0.000     0.000 r  <hidden>
                                                      0.000     0.000 r  clk
                         net (fo=9807, unset)         0.582     0.582    u_fetch/clk
    SLICE_X9Y25          FDRE                                         r  u_fetch/asm_words_reg[22]/C
  -------------------------------------------------------------------    -------------------
    SLICE_X9Y25          FDRE (Prop_fdre_C_Q)         0.141     0.723 r  u_fetch/asm_words_reg[22]/Q
                         net (fo=1, routed)           0.108     0.831    u_fetch/asm_words_reg_n_0_[22]
    RAMB36_X0Y5          RAMB36E1                                     r  u_fetch/fifo_mem_reg_0/DIADI[22]
  -------------------------------------------------------------------    -------------------

                         (clock clk rise edge)        0.000     0.000 r  <hidden>
                                                      0.000     0.000 r  clk
                         net (fo=9807, unset)         0.892     0.892    u_fetch/clk
    RAMB36_X0Y5          RAMB36E1                                     r  u_fetch/fifo_mem_reg_0/CLKBWRCLK
                         clock pessimism             -0.253     0.639    <hidden>
    RAMB36_X0Y5          RAMB36E1 (Hold_ramb36e1_CLKBWRCLK_DIADI[22])
                                                      0.155     0.794    u_fetch/fifo_mem_reg_0
  -------------------------------------------------------------------
                         required time                         -0.794    <hidden>
                         arrival time                           0.831    <hidden>
  -------------------------------------------------------------------
                         slack                                  0.036    <hidden>

Slack (MET) :             0.037ns  (arrival time - required time)
  Source:                 u_fetch/asm_words_reg[10]/C
                            (rising edge-triggered cell FDRE clocked by clk  {rise@0.000ns fall@5.000ns period=10.000ns})
  Destination:            u_fetch/fifo_mem_reg_0/DIADI[10]
                            (rising edge-triggered cell RAMB36E1 clocked by clk  {rise@0.000ns fall@5.000ns period=10.000ns})
  Path Group:             clk
  Path Type:              Hold (Min at Fast Process Corner)
  Requirement:            0.000ns  (clk rise@0.000ns - clk rise@0.000ns)
  Data Path Delay:        0.249ns  (logic 0.141ns (56.669%)  route 0.108ns (43.331%))
  Logic Levels:           0  
  Clock Path Skew:        0.056ns (DCD - SCD - CPR)
    Destination Clock Delay (DCD):    0.892ns
    Source Clock Delay      (SCD):    0.583ns
    Clock Pessimism Removal (CPR):    0.253ns

    Location             Delay type                Incr(ns)  Path(ns)    Netlist Resource(s)
  -------------------------------------------------------------------    -------------------
                         (clock clk rise edge)        0.000     0.000 r  <hidden>
                                                      0.000     0.000 r  clk
                         net (fo=9807, unset)         0.583     0.583    u_fetch/clk
    SLICE_X9Y26          FDRE                                         r  u_fetch/asm_words_reg[10]/C
  -------------------------------------------------------------------    -------------------
    SLICE_X9Y26          FDRE (Prop_fdre_C_Q)         0.141     0.724 r  u_fetch/asm_words_reg[10]/Q
                         net (fo=1, routed)           0.108     0.832    u_fetch/asm_words_reg_n_0_[10]
    RAMB36_X0Y5          RAMB36E1                                     r  u_fetch/fifo_mem_reg_0/DIADI[10]
  -------------------------------------------------------------------    -------------------

                         (clock clk rise edge)        0.000     0.000 r  <hidden>
                                                      0.000     0.000 r  clk
                         net (fo=9807, unset)         0.892     0.892    u_fetch/clk
    RAMB36_X0Y5          RAMB36E1                                     r  u_fetch/fifo_mem_reg_0/CLKBWRCLK
                         clock pessimism             -0.253     0.639    <hidden>
    RAMB36_X0Y5          RAMB36E1 (Hold_ramb36e1_CLKBWRCLK_DIADI[10])
                                                      0.155     0.794    u_fetch/fifo_mem_reg_0
  -------------------------------------------------------------------
                         required time                         -0.794    <hidden>
                         arrival time                           0.832    <hidden>
  -------------------------------------------------------------------
                         slack                                  0.037    <hidden>

Slack (MET) :             0.038ns  (arrival time - required time)
  Source:                 u_persp/u_recip/g_stage[8].div_reg[9][5]/C
                            (rising edge-triggered cell FDRE clocked by clk  {rise@0.000ns fall@5.000ns period=10.000ns})
  Destination:            u_persp/u_recip/g_stage[9].div_reg[10][5]/D
                            (rising edge-triggered cell FDRE clocked by clk  {rise@0.000ns fall@5.000ns period=10.000ns})
  Path Group:             clk
  Path Type:              Hold (Min at Fast Process Corner)
  Requirement:            0.000ns  (clk rise@0.000ns - clk rise@0.000ns)
  Data Path Delay:        0.367ns  (logic 0.141ns (38.439%)  route 0.226ns (61.561%))
  Logic Levels:           0  
  Clock Path Skew:        0.263ns (DCD - SCD - CPR)
    Destination Clock Delay (DCD):    0.813ns
    Source Clock Delay      (SCD):    0.545ns
    Clock Pessimism Removal (CPR):    0.005ns

    Location             Delay type                Incr(ns)  Path(ns)    Netlist Resource(s)
  -------------------------------------------------------------------    -------------------
                         (clock clk rise edge)        0.000     0.000 r  <hidden>
                                                      0.000     0.000 r  clk
                         net (fo=9807, unset)         0.545     0.545    u_persp/u_recip/clk
    SLICE_X51Y67         FDRE                                         r  u_persp/u_recip/g_stage[8].div_reg[9][5]/C
  -------------------------------------------------------------------    -------------------
    SLICE_X51Y67         FDRE (Prop_fdre_C_Q)         0.141     0.686 r  u_persp/u_recip/g_stage[8].div_reg[9][5]/Q
                         net (fo=4, routed)           0.226     0.912    u_persp/u_recip/g_stage[8].div_reg[9]_10[5]
    SLICE_X49Y69         FDRE                                         r  u_persp/u_recip/g_stage[9].div_reg[10][5]/D
  -------------------------------------------------------------------    -------------------

                         (clock clk rise edge)        0.000     0.000 r  <hidden>
                                                      0.000     0.000 r  clk
                         net (fo=9807, unset)         0.813     0.813    u_persp/u_recip/clk
    SLICE_X49Y69         FDRE                                         r  u_persp/u_recip/g_stage[9].div_reg[10][5]/C
                         clock pessimism             -0.005     0.808    <hidden>
    SLICE_X49Y69         FDRE (Hold_fdre_C_D)         0.066     0.874    u_persp/u_recip/g_stage[9].div_reg[10][5]
  -------------------------------------------------------------------
                         required time                         -0.874    <hidden>
                         arrival time                           0.912    <hidden>
  -------------------------------------------------------------------
                         slack                                  0.038    <hidden>

Slack (MET) :             0.039ns  (arrival time - required time)
  Source:                 u_setup/out_amax_reg[2][0]/C
                            (rising edge-triggered cell FDRE clocked by clk  {rise@0.000ns fall@5.000ns period=10.000ns})
  Destination:            u_rast/amax_reg[2][0]/D
                            (rising edge-triggered cell FDRE clocked by clk  {rise@0.000ns fall@5.000ns period=10.000ns})
  Path Group:             clk
  Path Type:              Hold (Min at Fast Process Corner)
  Requirement:            0.000ns  (clk rise@0.000ns - clk rise@0.000ns)
  Data Path Delay:        0.356ns  (logic 0.141ns (39.602%)  route 0.215ns (60.398%))
  Logic Levels:           0  
  Clock Path Skew:        0.258ns (DCD - SCD - CPR)
    Destination Clock Delay (DCD):    0.825ns
    Source Clock Delay      (SCD):    0.562ns
    Clock Pessimism Removal (CPR):    0.005ns

    Location             Delay type                Incr(ns)  Path(ns)    Netlist Resource(s)
  -------------------------------------------------------------------    -------------------
                         (clock clk rise edge)        0.000     0.000 r  <hidden>
                                                      0.000     0.000 r  clk
                         net (fo=9807, unset)         0.562     0.562    u_setup/clk
    SLICE_X45Y49         FDRE                                         r  u_setup/out_amax_reg[2][0]/C
  -------------------------------------------------------------------    -------------------
    SLICE_X45Y49         FDRE (Prop_fdre_C_Q)         0.141     0.703 r  u_setup/out_amax_reg[2][0]/Q
                         net (fo=1, routed)           0.215     0.918    u_rast/amax_reg[2][15]_0[0]
    SLICE_X50Y48         FDRE                                         r  u_rast/amax_reg[2][0]/D
  -------------------------------------------------------------------    -------------------

                         (clock clk rise edge)        0.000     0.000 r  <hidden>
                                                      0.000     0.000 r  clk
                         net (fo=9807, unset)         0.825     0.825    u_rast/clk
    SLICE_X50Y48         FDRE                                         r  u_rast/amax_reg[2][0]/C
                         clock pessimism             -0.005     0.820    <hidden>
    SLICE_X50Y48         FDRE (Hold_fdre_C_D)         0.059     0.879    u_rast/amax_reg[2][0]
  -------------------------------------------------------------------
                         required time                         -0.879    <hidden>
                         arrival time                           0.918    <hidden>
  -------------------------------------------------------------------
                         slack                                  0.039    <hidden>

Slack (MET) :             0.039ns  (arrival time - required time)
  Source:                 u_fetch/asm_words_reg[19]/C
                            (rising edge-triggered cell FDRE clocked by clk  {rise@0.000ns fall@5.000ns period=10.000ns})
  Destination:            u_fetch/fifo_mem_reg_0/DIADI[19]
                            (rising edge-triggered cell RAMB36E1 clocked by clk  {rise@0.000ns fall@5.000ns period=10.000ns})
  Path Group:             clk
  Path Type:              Hold (Min at Fast Process Corner)
  Requirement:            0.000ns  (clk rise@0.000ns - clk rise@0.000ns)
  Data Path Delay:        0.249ns  (logic 0.141ns (56.669%)  route 0.108ns (43.331%))
  Logic Levels:           0  
  Clock Path Skew:        0.054ns (DCD - SCD - CPR)
    Destination Clock Delay (DCD):    0.892ns
    Source Clock Delay      (SCD):    0.585ns
    Clock Pessimism Removal (CPR):    0.253ns

    Location             Delay type                Incr(ns)  Path(ns)    Netlist Resource(s)
  -------------------------------------------------------------------    -------------------
                         (clock clk rise edge)        0.000     0.000 r  <hidden>
                                                      0.000     0.000 r  clk
                         net (fo=9807, unset)         0.585     0.585    u_fetch/clk
    SLICE_X9Y28          FDRE                                         r  u_fetch/asm_words_reg[19]/C
  -------------------------------------------------------------------    -------------------
    SLICE_X9Y28          FDRE (Prop_fdre_C_Q)         0.141     0.726 r  u_fetch/asm_words_reg[19]/Q
                         net (fo=1, routed)           0.108     0.834    u_fetch/asm_words_reg_n_0_[19]
    RAMB36_X0Y5          RAMB36E1                                     r  u_fetch/fifo_mem_reg_0/DIADI[19]
  -------------------------------------------------------------------    -------------------

                         (clock clk rise edge)        0.000     0.000 r  <hidden>
                                                      0.000     0.000 r  clk
                         net (fo=9807, unset)         0.892     0.892    u_fetch/clk
    RAMB36_X0Y5          RAMB36E1                                     r  u_fetch/fifo_mem_reg_0/CLKBWRCLK
                         clock pessimism             -0.253     0.639    <hidden>
    RAMB36_X0Y5          RAMB36E1 (Hold_ramb36e1_CLKBWRCLK_DIADI[19])
                                                      0.155     0.794    u_fetch/fifo_mem_reg_0
  -------------------------------------------------------------------
                         required time                         -0.794    <hidden>
                         arrival time                           0.834    <hidden>
  -------------------------------------------------------------------
                         slack                                  0.039    <hidden>

Slack (MET) :             0.039ns  (arrival time - required time)
  Source:                 u_fetch/asm_words_reg[21]/C
                            (rising edge-triggered cell FDRE clocked by clk  {rise@0.000ns fall@5.000ns period=10.000ns})
  Destination:            u_fetch/fifo_mem_reg_0/DIADI[21]
                            (rising edge-triggered cell RAMB36E1 clocked by clk  {rise@0.000ns fall@5.000ns period=10.000ns})
  Path Group:             clk
  Path Type:              Hold (Min at Fast Process Corner)
  Requirement:            0.000ns  (clk rise@0.000ns - clk rise@0.000ns)
  Data Path Delay:        0.249ns  (logic 0.141ns (56.669%)  route 0.108ns (43.331%))
  Logic Levels:           0  
  Clock Path Skew:        0.054ns (DCD - SCD - CPR)
    Destination Clock Delay (DCD):    0.892ns
    Source Clock Delay      (SCD):    0.585ns
    Clock Pessimism Removal (CPR):    0.253ns

    Location             Delay type                Incr(ns)  Path(ns)    Netlist Resource(s)
  -------------------------------------------------------------------    -------------------
                         (clock clk rise edge)        0.000     0.000 r  <hidden>
                                                      0.000     0.000 r  clk
                         net (fo=9807, unset)         0.585     0.585    u_fetch/clk
    SLICE_X9Y28          FDRE                                         r  u_fetch/asm_words_reg[21]/C
  -------------------------------------------------------------------    -------------------
    SLICE_X9Y28          FDRE (Prop_fdre_C_Q)         0.141     0.726 r  u_fetch/asm_words_reg[21]/Q
                         net (fo=1, routed)           0.108     0.834    u_fetch/asm_words_reg_n_0_[21]
    RAMB36_X0Y5          RAMB36E1                                     r  u_fetch/fifo_mem_reg_0/DIADI[21]
  -------------------------------------------------------------------    -------------------

                         (clock clk rise edge)        0.000     0.000 r  <hidden>
                                                      0.000     0.000 r  clk
                         net (fo=9807, unset)         0.892     0.892    u_fetch/clk
    RAMB36_X0Y5          RAMB36E1                                     r  u_fetch/fifo_mem_reg_0/CLKBWRCLK
                         clock pessimism             -0.253     0.639    <hidden>
    RAMB36_X0Y5          RAMB36E1 (Hold_ramb36e1_CLKBWRCLK_DIADI[21])
                                                      0.155     0.794    u_fetch/fifo_mem_reg_0
  -------------------------------------------------------------------
                         required time                         -0.794    <hidden>
                         arrival time                           0.834    <hidden>
  -------------------------------------------------------------------
                         slack                                  0.039    <hidden>

Slack (MET) :             0.039ns  (arrival time - required time)
  Source:                 u_fetch/asm_words_reg[23]/C
                            (rising edge-triggered cell FDRE clocked by clk  {rise@0.000ns fall@5.000ns period=10.000ns})
  Destination:            u_fetch/fifo_mem_reg_0/DIADI[23]
                            (rising edge-triggered cell RAMB36E1 clocked by clk  {rise@0.000ns fall@5.000ns period=10.000ns})
  Path Group:             clk
  Path Type:              Hold (Min at Fast Process Corner)
  Requirement:            0.000ns  (clk rise@0.000ns - clk rise@0.000ns)
  Data Path Delay:        0.249ns  (logic 0.141ns (56.669%)  route 0.108ns (43.331%))
  Logic Levels:           0  
  Clock Path Skew:        0.054ns (DCD - SCD - CPR)
    Destination Clock Delay (DCD):    0.892ns
    Source Clock Delay      (SCD):    0.585ns
    Clock Pessimism Removal (CPR):    0.253ns

    Location             Delay type                Incr(ns)  Path(ns)    Netlist Resource(s)
  -------------------------------------------------------------------    -------------------
                         (clock clk rise edge)        0.000     0.000 r  <hidden>
                                                      0.000     0.000 r  clk
                         net (fo=9807, unset)         0.585     0.585    u_fetch/clk
    SLICE_X9Y28          FDRE                                         r  u_fetch/asm_words_reg[23]/C
  -------------------------------------------------------------------    -------------------
    SLICE_X9Y28          FDRE (Prop_fdre_C_Q)         0.141     0.726 r  u_fetch/asm_words_reg[23]/Q
                         net (fo=1, routed)           0.108     0.834    u_fetch/asm_words_reg_n_0_[23]
    RAMB36_X0Y5          RAMB36E1                                     r  u_fetch/fifo_mem_reg_0/DIADI[23]
  -------------------------------------------------------------------    -------------------

                         (clock clk rise edge)        0.000     0.000 r  <hidden>
                                                      0.000     0.000 r  clk
                         net (fo=9807, unset)         0.892     0.892    u_fetch/clk
    RAMB36_X0Y5          RAMB36E1                                     r  u_fetch/fifo_mem_reg_0/CLKBWRCLK
                         clock pessimism             -0.253     0.639    <hidden>
    RAMB36_X0Y5          RAMB36E1 (Hold_ramb36e1_CLKBWRCLK_DIADI[23])
                                                      0.155     0.794    u_fetch/fifo_mem_reg_0
  -------------------------------------------------------------------
                         required time                         -0.794    <hidden>
                         arrival time                           0.834    <hidden>
  -------------------------------------------------------------------
                         slack                                  0.039    <hidden>

Slack (MET) :             0.040ns  (arrival time - required time)
  Source:                 u_fetch/asm_words_reg[11]/C
                            (rising edge-triggered cell FDRE clocked by clk  {rise@0.000ns fall@5.000ns period=10.000ns})
  Destination:            u_fetch/fifo_mem_reg_0/DIADI[11]
                            (rising edge-triggered cell RAMB36E1 clocked by clk  {rise@0.000ns fall@5.000ns period=10.000ns})
  Path Group:             clk
  Path Type:              Hold (Min at Fast Process Corner)
  Requirement:            0.000ns  (clk rise@0.000ns - clk rise@0.000ns)
  Data Path Delay:        0.249ns  (logic 0.141ns (56.669%)  route 0.108ns (43.331%))
  Logic Levels:           0  
  Clock Path Skew:        0.053ns (DCD - SCD - CPR)
    Destination Clock Delay (DCD):    0.892ns
    Source Clock Delay      (SCD):    0.586ns
    Clock Pessimism Removal (CPR):    0.253ns

    Location             Delay type                Incr(ns)  Path(ns)    Netlist Resource(s)
  -------------------------------------------------------------------    -------------------
                         (clock clk rise edge)        0.000     0.000 r  <hidden>
                                                      0.000     0.000 r  clk
                         net (fo=9807, unset)         0.586     0.586    u_fetch/clk
    SLICE_X9Y29          FDRE                                         r  u_fetch/asm_words_reg[11]/C
  -------------------------------------------------------------------    -------------------
    SLICE_X9Y29          FDRE (Prop_fdre_C_Q)         0.141     0.727 r  u_fetch/asm_words_reg[11]/Q
                         net (fo=1, routed)           0.108     0.835    u_fetch/asm_words_reg_n_0_[11]
    RAMB36_X0Y5          RAMB36E1                                     r  u_fetch/fifo_mem_reg_0/DIADI[11]
  -------------------------------------------------------------------    -------------------

                         (clock clk rise edge)        0.000     0.000 r  <hidden>
                                                      0.000     0.000 r  clk
                         net (fo=9807, unset)         0.892     0.892    u_fetch/clk
    RAMB36_X0Y5          RAMB36E1                                     r  u_fetch/fifo_mem_reg_0/CLKBWRCLK
                         clock pessimism             -0.253     0.639    <hidden>
    RAMB36_X0Y5          RAMB36E1 (Hold_ramb36e1_CLKBWRCLK_DIADI[11])
                                                      0.155     0.794    u_fetch/fifo_mem_reg_0
  -------------------------------------------------------------------
                         required time                         -0.794    <hidden>
                         arrival time                           0.835    <hidden>
  -------------------------------------------------------------------
                         slack                                  0.040    <hidden>

Slack (MET) :             0.040ns  (arrival time - required time)
  Source:                 u_fetch/asm_words_reg[13]/C
                            (rising edge-triggered cell FDRE clocked by clk  {rise@0.000ns fall@5.000ns period=10.000ns})
  Destination:            u_fetch/fifo_mem_reg_0/DIADI[13]
                            (rising edge-triggered cell RAMB36E1 clocked by clk  {rise@0.000ns fall@5.000ns period=10.000ns})
  Path Group:             clk
  Path Type:              Hold (Min at Fast Process Corner)
  Requirement:            0.000ns  (clk rise@0.000ns - clk rise@0.000ns)
  Data Path Delay:        0.249ns  (logic 0.141ns (56.669%)  route 0.108ns (43.331%))
  Logic Levels:           0  
  Clock Path Skew:        0.053ns (DCD - SCD - CPR)
    Destination Clock Delay (DCD):    0.892ns
    Source Clock Delay      (SCD):    0.586ns
    Clock Pessimism Removal (CPR):    0.253ns

    Location             Delay type                Incr(ns)  Path(ns)    Netlist Resource(s)
  -------------------------------------------------------------------    -------------------
                         (clock clk rise edge)        0.000     0.000 r  <hidden>
                                                      0.000     0.000 r  clk
                         net (fo=9807, unset)         0.586     0.586    u_fetch/clk
    SLICE_X9Y29          FDRE                                         r  u_fetch/asm_words_reg[13]/C
  -------------------------------------------------------------------    -------------------
    SLICE_X9Y29          FDRE (Prop_fdre_C_Q)         0.141     0.727 r  u_fetch/asm_words_reg[13]/Q
                         net (fo=1, routed)           0.108     0.835    u_fetch/asm_words_reg_n_0_[13]
    RAMB36_X0Y5          RAMB36E1                                     r  u_fetch/fifo_mem_reg_0/DIADI[13]
  -------------------------------------------------------------------    -------------------

                         (clock clk rise edge)        0.000     0.000 r  <hidden>
                                                      0.000     0.000 r  clk
                         net (fo=9807, unset)         0.892     0.892    u_fetch/clk
    RAMB36_X0Y5          RAMB36E1                                     r  u_fetch/fifo_mem_reg_0/CLKBWRCLK
                         clock pessimism             -0.253     0.639    <hidden>
    RAMB36_X0Y5          RAMB36E1 (Hold_ramb36e1_CLKBWRCLK_DIADI[13])
                                                      0.155     0.794    u_fetch/fifo_mem_reg_0
  -------------------------------------------------------------------
                         required time                         -0.794    <hidden>
                         arrival time                           0.835    <hidden>
  -------------------------------------------------------------------
                         slack                                  0.040    <hidden>

Slack (MET) :             0.040ns  (arrival time - required time)
  Source:                 u_fetch/asm_words_reg[15]/C
                            (rising edge-triggered cell FDRE clocked by clk  {rise@0.000ns fall@5.000ns period=10.000ns})
  Destination:            u_fetch/fifo_mem_reg_0/DIADI[15]
                            (rising edge-triggered cell RAMB36E1 clocked by clk  {rise@0.000ns fall@5.000ns period=10.000ns})
  Path Group:             clk
  Path Type:              Hold (Min at Fast Process Corner)
  Requirement:            0.000ns  (clk rise@0.000ns - clk rise@0.000ns)
  Data Path Delay:        0.249ns  (logic 0.141ns (56.669%)  route 0.108ns (43.331%))
  Logic Levels:           0  
  Clock Path Skew:        0.053ns (DCD - SCD - CPR)
    Destination Clock Delay (DCD):    0.892ns
    Source Clock Delay      (SCD):    0.586ns
    Clock Pessimism Removal (CPR):    0.253ns

    Location             Delay type                Incr(ns)  Path(ns)    Netlist Resource(s)
  -------------------------------------------------------------------    -------------------
                         (clock clk rise edge)        0.000     0.000 r  <hidden>
                                                      0.000     0.000 r  clk
                         net (fo=9807, unset)         0.586     0.586    u_fetch/clk
    SLICE_X9Y29          FDRE                                         r  u_fetch/asm_words_reg[15]/C
  -------------------------------------------------------------------    -------------------
    SLICE_X9Y29          FDRE (Prop_fdre_C_Q)         0.141     0.727 r  u_fetch/asm_words_reg[15]/Q
                         net (fo=1, routed)           0.108     0.835    u_fetch/asm_words_reg_n_0_[15]
    RAMB36_X0Y5          RAMB36E1                                     r  u_fetch/fifo_mem_reg_0/DIADI[15]
  -------------------------------------------------------------------    -------------------

                         (clock clk rise edge)        0.000     0.000 r  <hidden>
                                                      0.000     0.000 r  clk
                         net (fo=9807, unset)         0.892     0.892    u_fetch/clk
    RAMB36_X0Y5          RAMB36E1                                     r  u_fetch/fifo_mem_reg_0/CLKBWRCLK
                         clock pessimism             -0.253     0.639    <hidden>
    RAMB36_X0Y5          RAMB36E1 (Hold_ramb36e1_CLKBWRCLK_DIADI[15])
                                                      0.155     0.794    u_fetch/fifo_mem_reg_0
  -------------------------------------------------------------------
                         required time                         -0.794    <hidden>
                         arrival time                           0.835    <hidden>
  -------------------------------------------------------------------
                         slack                                  0.040    <hidden>

Slack (MET) :             0.042ns  (arrival time - required time)
  Source:                 u_setup/out_amin_reg[2][3]/C
                            (rising edge-triggered cell FDRE clocked by clk  {rise@0.000ns fall@5.000ns period=10.000ns})
  Destination:            u_rast/amin_reg[2][3]/D
                            (rising edge-triggered cell FDRE clocked by clk  {rise@0.000ns fall@5.000ns period=10.000ns})
  Path Group:             clk
  Path Type:              Hold (Min at Fast Process Corner)
  Requirement:            0.000ns  (clk rise@0.000ns - clk rise@0.000ns)
  Data Path Delay:        0.374ns  (logic 0.141ns (37.742%)  route 0.233ns (62.258%))
  Logic Levels:           0  
  Clock Path Skew:        0.262ns (DCD - SCD - CPR)
    Destination Clock Delay (DCD):    0.824ns
    Source Clock Delay      (SCD):    0.562ns
    Clock Pessimism Removal (CPR):    -0.000ns

    Location             Delay type                Incr(ns)  Path(ns)    Netlist Resource(s)
  -------------------------------------------------------------------    -------------------
                         (clock clk rise edge)        0.000     0.000 r  <hidden>
                                                      0.000     0.000 r  clk
                         net (fo=9807, unset)         0.562     0.562    u_setup/clk
    SLICE_X45Y49         FDRE                                         r  u_setup/out_amin_reg[2][3]/C
  -------------------------------------------------------------------    -------------------
    SLICE_X45Y49         FDRE (Prop_fdre_C_Q)         0.141     0.703 r  u_setup/out_amin_reg[2][3]/Q
                         net (fo=1, routed)           0.233     0.936    u_rast/amin_reg[2][15]_0[3]
    SLICE_X43Y51         FDRE                                         r  u_rast/amin_reg[2][3]/D
  -------------------------------------------------------------------    -------------------

                         (clock clk rise edge)        0.000     0.000 r  <hidden>
                                                      0.000     0.000 r  clk
                         net (fo=9807, unset)         0.824     0.824    u_rast/clk
    SLICE_X43Y51         FDRE                                         r  u_rast/amin_reg[2][3]/C
                         clock pessimism              0.000     0.824    <hidden>
    SLICE_X43Y51         FDRE (Hold_fdre_C_D)         0.070     0.894    u_rast/amin_reg[2][3]
  -------------------------------------------------------------------
                         required time                         -0.894    <hidden>
                         arrival time                           0.936    <hidden>
  -------------------------------------------------------------------
                         slack                                  0.042    <hidden>

Slack (MET) :             0.044ns  (arrival time - required time)
  Source:                 u_setup/amax_reg[2][5]/C
                            (rising edge-triggered cell FDRE clocked by clk  {rise@0.000ns fall@5.000ns period=10.000ns})
  Destination:            u_setup/out_amax_reg[2][5]/D
                            (rising edge-triggered cell FDRE clocked by clk  {rise@0.000ns fall@5.000ns period=10.000ns})
  Path Group:             clk
  Path Type:              Hold (Min at Fast Process Corner)
  Requirement:            0.000ns  (clk rise@0.000ns - clk rise@0.000ns)
  Data Path Delay:        0.383ns  (logic 0.164ns (42.765%)  route 0.219ns (57.235%))
  Logic Levels:           0  
  Clock Path Skew:        0.273ns (DCD - SCD - CPR)
    Destination Clock Delay (DCD):    0.829ns
    Source Clock Delay      (SCD):    0.556ns
    Clock Pessimism Removal (CPR):    -0.000ns

    Location             Delay type                Incr(ns)  Path(ns)    Netlist Resource(s)
  -------------------------------------------------------------------    -------------------
                         (clock clk rise edge)        0.000     0.000 r  <hidden>
                                                      0.000     0.000 r  clk
                         net (fo=9807, unset)         0.556     0.556    u_setup/clk
    SLICE_X46Y52         FDRE                                         r  u_setup/amax_reg[2][5]/C
  -------------------------------------------------------------------    -------------------
    SLICE_X46Y52         FDRE (Prop_fdre_C_Q)         0.164     0.720 r  u_setup/amax_reg[2][5]/Q
                         net (fo=1, routed)           0.219     0.939    u_setup/amax_reg[2]_63[5]
    SLICE_X45Y48         FDRE                                         r  u_setup/out_amax_reg[2][5]/D
  -------------------------------------------------------------------    -------------------

                         (clock clk rise edge)        0.000     0.000 r  <hidden>
                                                      0.000     0.000 r  clk
                         net (fo=9807, unset)         0.829     0.829    u_setup/clk
    SLICE_X45Y48         FDRE                                         r  u_setup/out_amax_reg[2][5]/C
                         clock pessimism              0.000     0.829    <hidden>
    SLICE_X45Y48         FDRE (Hold_fdre_C_D)         0.066     0.895    u_setup/out_amax_reg[2][5]
  -------------------------------------------------------------------
                         required time                         -0.895    <hidden>
                         arrival time                           0.939    <hidden>
  -------------------------------------------------------------------
                         slack                                  0.044    <hidden>





Pulse Width Checks
--------------------------------------------------------------------------------------
Clock Name:         clk
Waveform(ns):       { 0.000 5.000 }
Period(ns):         10.000
Sources:            { clk }

Check Type        Corner  Lib Pin             Reference Pin  Required(ns)  Actual(ns)  Slack(ns)  Location      Pin
Min Period        n/a     DSP48E1/CLK         n/a            3.884         10.000      6.116      DSP48_X0Y11   u_geom/p1_reg[0]/CLK
Min Period        n/a     DSP48E1/CLK         n/a            3.884         10.000      6.116      DSP48_X0Y13   u_geom/p1_reg[1]/CLK
Min Period        n/a     DSP48E1/CLK         n/a            3.884         10.000      6.116      DSP48_X2Y15   u_geom/p1_reg[2]/CLK
Min Period        n/a     DSP48E1/CLK         n/a            3.884         10.000      6.116      DSP48_X1Y13   u_geom/p1_reg[3]/CLK
Min Period        n/a     DSP48E1/CLK         n/a            3.884         10.000      6.116      DSP48_X0Y18   u_persp/px1_reg/CLK
Min Period        n/a     DSP48E1/CLK         n/a            3.884         10.000      6.116      DSP48_X0Y16   u_persp/px1_reg__0/CLK
Min Period        n/a     DSP48E1/CLK         n/a            3.884         10.000      6.116      DSP48_X1Y17   u_persp/py1_reg/CLK
Min Period        n/a     DSP48E1/CLK         n/a            3.884         10.000      6.116      DSP48_X1Y15   u_persp/py1_reg__0/CLK
Min Period        n/a     DSP48E1/CLK         n/a            3.884         10.000      6.116      DSP48_X2Y23   u_persp/pz1_reg/CLK
Min Period        n/a     DSP48E1/CLK         n/a            3.884         10.000      6.116      DSP48_X2Y21   u_persp/pz1_reg__0/CLK
Min Period        n/a     DSP48E1/CLK         n/a            3.884         10.000      6.116      DSP48_X3Y10   u_rop/a1_reg/CLK
Min Period        n/a     DSP48E1/CLK         n/a            3.884         10.000      6.116      DSP48_X3Y14   u_setup/prod_a_reg/CLK
Min Period        n/a     DSP48E1/CLK         n/a            3.884         10.000      6.116      DSP48_X3Y16   u_setup/prod_b_reg/CLK
Min Period        n/a     DSP48E1/CLK         n/a            3.687         10.000      6.313      DSP48_X0Y9    u_geom/p1_reg[0]__0/CLK
Min Period        n/a     DSP48E1/CLK         n/a            3.687         10.000      6.313      DSP48_X1Y11   u_geom/p1_reg[1]__0/CLK
Min Period        n/a     DSP48E1/CLK         n/a            3.687         10.000      6.313      DSP48_X2Y13   u_geom/p1_reg[2]__0/CLK
Min Period        n/a     RAMB36E1/CLKARDCLK  n/a            3.363         10.000      6.637      RAMB36_X4Y0   u_rop/u_cbuf/mem_reg_0_0/CLKARDCLK
Min Period        n/a     RAMB36E1/CLKARDCLK  n/a            3.363         10.000      6.637      RAMB36_X2Y9   u_rop/u_cbuf/mem_reg_0_1/CLKARDCLK
Min Period        n/a     RAMB36E1/CLKARDCLK  n/a            3.363         10.000      6.637      RAMB36_X3Y4   u_rop/u_cbuf/mem_reg_0_10/CLKARDCLK
Min Period        n/a     RAMB36E1/CLKARDCLK  n/a            3.363         10.000      6.637      RAMB36_X2Y0   u_rop/u_cbuf/mem_reg_0_11/CLKARDCLK
Low Pulse Width   Slow    RAMD32/CLK          n/a            1.250         5.000       3.750      SLICE_X36Y26  u_fetch/len_q_reg_0_3_0_2/RAMA/CLK
Low Pulse Width   Fast    RAMD32/CLK          n/a            1.250         5.000       3.750      SLICE_X36Y26  u_fetch/len_q_reg_0_3_0_2/RAMA/CLK
Low Pulse Width   Slow    RAMD32/CLK          n/a            1.250         5.000       3.750      SLICE_X36Y26  u_fetch/len_q_reg_0_3_0_2/RAMA_D1/CLK
Low Pulse Width   Fast    RAMD32/CLK          n/a            1.250         5.000       3.750      SLICE_X36Y26  u_fetch/len_q_reg_0_3_0_2/RAMA_D1/CLK
Low Pulse Width   Slow    RAMD32/CLK          n/a            1.250         5.000       3.750      SLICE_X36Y26  u_fetch/len_q_reg_0_3_0_2/RAMB/CLK
Low Pulse Width   Fast    RAMD32/CLK          n/a            1.250         5.000       3.750      SLICE_X36Y26  u_fetch/len_q_reg_0_3_0_2/RAMB/CLK
Low Pulse Width   Slow    RAMD32/CLK          n/a            1.250         5.000       3.750      SLICE_X36Y26  u_fetch/len_q_reg_0_3_0_2/RAMB_D1/CLK
Low Pulse Width   Fast    RAMD32/CLK          n/a            1.250         5.000       3.750      SLICE_X36Y26  u_fetch/len_q_reg_0_3_0_2/RAMB_D1/CLK
Low Pulse Width   Slow    RAMD32/CLK          n/a            1.250         5.000       3.750      SLICE_X36Y26  u_fetch/len_q_reg_0_3_0_2/RAMC/CLK
Low Pulse Width   Fast    RAMD32/CLK          n/a            1.250         5.000       3.750      SLICE_X36Y26  u_fetch/len_q_reg_0_3_0_2/RAMC/CLK
Low Pulse Width   Slow    RAMD32/CLK          n/a            1.250         5.000       3.750      SLICE_X36Y26  u_fetch/len_q_reg_0_3_0_2/RAMC_D1/CLK
Low Pulse Width   Fast    RAMD32/CLK          n/a            1.250         5.000       3.750      SLICE_X36Y26  u_fetch/len_q_reg_0_3_0_2/RAMC_D1/CLK
Low Pulse Width   Slow    RAMS32/CLK          n/a            1.250         5.000       3.750      SLICE_X36Y26  u_fetch/len_q_reg_0_3_0_2/RAMD/CLK
Low Pulse Width   Fast    RAMS32/CLK          n/a            1.250         5.000       3.750      SLICE_X36Y26  u_fetch/len_q_reg_0_3_0_2/RAMD/CLK
Low Pulse Width   Slow    RAMS32/CLK          n/a            1.250         5.000       3.750      SLICE_X36Y26  u_fetch/len_q_reg_0_3_0_2/RAMD_D1/CLK
Low Pulse Width   Fast    RAMS32/CLK          n/a            1.250         5.000       3.750      SLICE_X36Y26  u_fetch/len_q_reg_0_3_0_2/RAMD_D1/CLK
Low Pulse Width   Slow    SRL16E/CLK          n/a            0.980         5.000       4.020      SLICE_X36Y37  u_geom/col_s_reg[0]_srl4/CLK
Low Pulse Width   Fast    SRL16E/CLK          n/a            0.980         5.000       4.020      SLICE_X36Y37  u_geom/col_s_reg[0]_srl4/CLK
Low Pulse Width   Slow    SRL16E/CLK          n/a            0.980         5.000       4.020      SLICE_X36Y35  u_geom/col_s_reg[10]_srl4/CLK
Low Pulse Width   Fast    SRL16E/CLK          n/a            0.980         5.000       4.020      SLICE_X36Y35  u_geom/col_s_reg[10]_srl4/CLK
High Pulse Width  Slow    RAMD32/CLK          n/a            1.250         5.000       3.750      SLICE_X36Y26  u_fetch/len_q_reg_0_3_0_2/RAMA/CLK
High Pulse Width  Fast    RAMD32/CLK          n/a            1.250         5.000       3.750      SLICE_X36Y26  u_fetch/len_q_reg_0_3_0_2/RAMA/CLK
High Pulse Width  Slow    RAMD32/CLK          n/a            1.250         5.000       3.750      SLICE_X36Y26  u_fetch/len_q_reg_0_3_0_2/RAMA_D1/CLK
High Pulse Width  Fast    RAMD32/CLK          n/a            1.250         5.000       3.750      SLICE_X36Y26  u_fetch/len_q_reg_0_3_0_2/RAMA_D1/CLK
High Pulse Width  Slow    RAMD32/CLK          n/a            1.250         5.000       3.750      SLICE_X36Y26  u_fetch/len_q_reg_0_3_0_2/RAMB/CLK
High Pulse Width  Fast    RAMD32/CLK          n/a            1.250         5.000       3.750      SLICE_X36Y26  u_fetch/len_q_reg_0_3_0_2/RAMB/CLK
High Pulse Width  Slow    RAMD32/CLK          n/a            1.250         5.000       3.750      SLICE_X36Y26  u_fetch/len_q_reg_0_3_0_2/RAMB_D1/CLK
High Pulse Width  Fast    RAMD32/CLK          n/a            1.250         5.000       3.750      SLICE_X36Y26  u_fetch/len_q_reg_0_3_0_2/RAMB_D1/CLK
High Pulse Width  Slow    RAMD32/CLK          n/a            1.250         5.000       3.750      SLICE_X36Y26  u_fetch/len_q_reg_0_3_0_2/RAMC/CLK
High Pulse Width  Fast    RAMD32/CLK          n/a            1.250         5.000       3.750      SLICE_X36Y26  u_fetch/len_q_reg_0_3_0_2/RAMC/CLK
High Pulse Width  Slow    RAMD32/CLK          n/a            1.250         5.000       3.750      SLICE_X36Y26  u_fetch/len_q_reg_0_3_0_2/RAMC_D1/CLK
High Pulse Width  Fast    RAMD32/CLK          n/a            1.250         5.000       3.750      SLICE_X36Y26  u_fetch/len_q_reg_0_3_0_2/RAMC_D1/CLK
High Pulse Width  Slow    RAMS32/CLK          n/a            1.250         5.000       3.750      SLICE_X36Y26  u_fetch/len_q_reg_0_3_0_2/RAMD/CLK
High Pulse Width  Fast    RAMS32/CLK          n/a            1.250         5.000       3.750      SLICE_X36Y26  u_fetch/len_q_reg_0_3_0_2/RAMD/CLK
High Pulse Width  Slow    RAMS32/CLK          n/a            1.250         5.000       3.750      SLICE_X36Y26  u_fetch/len_q_reg_0_3_0_2/RAMD_D1/CLK
High Pulse Width  Fast    RAMS32/CLK          n/a            1.250         5.000       3.750      SLICE_X36Y26  u_fetch/len_q_reg_0_3_0_2/RAMD_D1/CLK
High Pulse Width  Slow    SRL16E/CLK          n/a            0.980         5.000       4.020      SLICE_X36Y37  u_geom/col_s_reg[0]_srl4/CLK
High Pulse Width  Fast    SRL16E/CLK          n/a            0.980         5.000       4.020      SLICE_X36Y37  u_geom/col_s_reg[0]_srl4/CLK
High Pulse Width  Slow    SRL16E/CLK          n/a            0.980         5.000       4.020      SLICE_X36Y35  u_geom/col_s_reg[10]_srl4/CLK
High Pulse Width  Fast    SRL16E/CLK          n/a            0.980         5.000       4.020      SLICE_X36Y35  u_geom/col_s_reg[10]_srl4/CLK



