Copyright 1986-2022 Xilinx, Inc. All Rights Reserved. Copyright 2022-2026 Advanced Micro Devices, Inc. All Rights Reserved.
---------------------------------------------------------------------------------------------------------------------------------------------
| Tool Version : Vivado v.2026.1 (win64) Build 6511674 Tue Jun 16 11:02:23 MDT 2026
| Date         : Thu Sep 24 13:52:32 2026
| Host         : AdiLap running 64-bit major release  (build 9200)
| Command      : report_timing_summary -max_paths 20 -file fpga/reports/period_9ns/timing.rpt
| Design       : gpu_top
| Device       : 7z020-clg400
| Speed File   : -1  PRODUCTION 1.12 2019-11-22
| Design State : Routed
---------------------------------------------------------------------------------------------------------------------------------------------

Timing Summary Report

------------------------------------------------------------------------------------------------
| Timer Settings
| --------------
------------------------------------------------------------------------------------------------

  Enable Multi Corner Analysis               :  Yes
  Enable Pessimism Removal                   :  Yes
  Pessimism Removal Resolution               :  Nearest Common Node
  Enable Input Delay Default Clock           :  No
  Enable Preset / Clear Arcs                 :  No
  Disable Flight Delays                      :  No
  Ignore I/O Paths                           :  No
  Timing Early Launch at Borrowing Latches   :  No
  Borrow Time for Max Delay Exceptions       :  Yes
  Merge Timing Exceptions                    :  Yes
  Inter-SLR Compensation                     :  Conservative

  Corner  Analyze    Analyze    
  Name    Max Paths  Min Paths  
  ------  ---------  ---------  
  Slow    Yes        Yes        
  Fast    Yes        Yes        


------------------------------------------------------------------------------------------------
| Report Methodology
| ------------------
------------------------------------------------------------------------------------------------

No report available as report_methodology has not been run prior. Run report_methodology on the current design for the summary of methodology violations.



check_timing report

Table of Contents
-----------------
1. checking no_clock (0)
2. checking constant_clock (0)
3. checking pulse_width_clock (0)
4. checking unconstrained_internal_endpoints (0)
5. checking no_input_delay (109)
6. checking no_output_delay (93)
7. checking multiple_clock (0)
8. checking generated_clocks (0)
9. checking loops (0)
10. checking partial_input_delay (0)
11. checking partial_output_delay (0)
12. checking latch_loops (0)

1. checking no_clock (0)
------------------------
 There are 0 register/latch pins with no clock.


2. checking constant_clock (0)
------------------------------
 There are 0 register/latch pins with constant_clock.


3. checking pulse_width_clock (0)
---------------------------------
 There are 0 register/latch pins which need pulse_width check


4. checking unconstrained_internal_endpoints (0)
------------------------------------------------
 There are 0 pins that are not constrained for maximum delay.

 There are 0 pins that are not constrained for maximum delay due to constant clock.


5. checking no_input_delay (109)
--------------------------------
 There are 109 input ports with no input delay specified. (HIGH)

 There are 0 input ports with no input delay but user has a false path constraint.


6. checking no_output_delay (93)
--------------------------------
 There are 93 ports with no output delay specified. (HIGH)

 There are 0 ports with no output delay but user has a false path constraint

 There are 0 ports with no output delay but with a timing clock defined on it or propagating through it


7. checking multiple_clock (0)
------------------------------
 There are 0 register/latch pins with multiple clocks.


8. checking generated_clocks (0)
--------------------------------
 There are 0 generated clocks that are not connected to a clock source.


9. checking loops (0)
---------------------
 There are 0 combinational loops in the design.


10. checking partial_input_delay (0)
------------------------------------
 There are 0 input ports with partial input delay specified.


11. checking partial_output_delay (0)
-------------------------------------
 There are 0 ports with partial output delay specified.


12. checking latch_loops (0)
----------------------------
 There are 0 combinational latch loops in the design through latch input



------------------------------------------------------------------------------------------------
| Design Timing Summary
| ---------------------
------------------------------------------------------------------------------------------------

    WNS(ns)      TNS(ns)  TNS Failing Endpoints  TNS Total Endpoints      WHS(ns)      THS(ns)  THS Failing Endpoints  THS Total Endpoints     WPWS(ns)     TPWS(ns)  TPWS Failing Endpoints  TPWS Total Endpoints  
    -------      -------  ---------------------  -------------------      -------      -------  ---------------------  -------------------     --------     --------  ----------------------  --------------------  
     -0.863      -26.514                     84                23484        0.051        0.000                      0                23484        3.250        0.000                       0                  9804  


Timing constraints are not met.


------------------------------------------------------------------------------------------------
| Clock Summary
| -------------
------------------------------------------------------------------------------------------------

Clock  Waveform(ns)         Period(ns)      Frequency(MHz)
-----  ------------         ----------      --------------
clk    {0.000 4.500}        9.000           111.111         


------------------------------------------------------------------------------------------------
| Intra Clock Table
| -----------------
------------------------------------------------------------------------------------------------

Clock             WNS(ns)      TNS(ns)  TNS Failing Endpoints  TNS Total Endpoints      WHS(ns)      THS(ns)  THS Failing Endpoints  THS Total Endpoints     WPWS(ns)     TPWS(ns)  TPWS Failing Endpoints  TPWS Total Endpoints  
-----             -------      -------  ---------------------  -------------------      -------      -------  ---------------------  -------------------     --------     --------  ----------------------  --------------------  
clk                -0.863      -26.514                     84                23484        0.051        0.000                      0                23484        3.250        0.000                       0                  9804  


------------------------------------------------------------------------------------------------
| Inter Clock Table
| -----------------
------------------------------------------------------------------------------------------------

From Clock    To Clock          WNS(ns)      TNS(ns)  TNS Failing Endpoints  TNS Total Endpoints      WHS(ns)      THS(ns)  THS Failing Endpoints  THS Total Endpoints  
----------    --------          -------      -------  ---------------------  -------------------      -------      -------  ---------------------  -------------------  


------------------------------------------------------------------------------------------------
| Other Path Groups Table
| -----------------------
------------------------------------------------------------------------------------------------

Path Group    From Clock    To Clock          WNS(ns)      TNS(ns)  TNS Failing Endpoints  TNS Total Endpoints      WHS(ns)      THS(ns)  THS Failing Endpoints  THS Total Endpoints  
----------    ----------    --------          -------      -------  ---------------------  -------------------      -------      -------  ---------------------  -------------------  


------------------------------------------------------------------------------------------------
| Timing Details
| --------------
------------------------------------------------------------------------------------------------


---------------------------------------------------------------------------------------------------
From Clock:  clk
  To Clock:  clk

Setup :           84  Failing Endpoints,  Worst Slack       -0.863ns,  Total Violation      -26.514ns
Hold  :            0  Failing Endpoints,  Worst Slack        0.051ns,  Total Violation        0.000ns
PW    :            0  Failing Endpoints,  Worst Slack        3.250ns,  Total Violation        0.000ns
---------------------------------------------------------------------------------------------------


Max Delay Paths
--------------------------------------------------------------------------------------
Slack (VIOLATED) :        -0.863ns  (required time - arrival time)
  Source:                 u_fetch/req_left_reg[5]/C
                            (rising edge-triggered cell FDCE clocked by clk  {rise@0.000ns fall@4.500ns period=9.000ns})
  Destination:            u_fetch/req_left_reg[29]/D
                            (rising edge-triggered cell FDCE clocked by clk  {rise@0.000ns fall@4.500ns period=9.000ns})
  Path Group:             clk
  Path Type:              Setup (Max at Slow Process Corner)
  Requirement:            9.000ns  (clk rise@9.000ns - clk rise@0.000ns)
  Data Path Delay:        9.884ns  (logic 4.386ns (44.373%)  route 5.498ns (55.627%))
  Logic Levels:           20  (CARRY4=10 LUT3=1 LUT4=2 LUT5=2 LUT6=5)
  Clock Path Skew:        -0.052ns (DCD - SCD + CPR)
    Destination Clock Delay (DCD):    1.484ns = ( 10.484 - 9.000 ) 
    Source Clock Delay      (SCD):    1.651ns
    Clock Pessimism Removal (CPR):    0.115ns
  Clock Uncertainty:      0.035ns  ((TSJ^2 + TIJ^2)^1/2 + DJ) / 2 + PE
    Total System Jitter     (TSJ):    0.071ns
    Total Input Jitter      (TIJ):    0.000ns
    Discrete Jitter          (DJ):    0.000ns
    Phase Error              (PE):    0.000ns

    Location             Delay type                Incr(ns)  Path(ns)    Netlist Resource(s)
  -------------------------------------------------------------------    -------------------
                         (clock clk rise edge)        0.000     0.000 r  <hidden>
                                                      0.000     0.000 r  clk
                         net (fo=9807, unset)         1.651     1.651    u_fetch/clk
    SLICE_X32Y23         FDCE                                         r  u_fetch/req_left_reg[5]/C
  -------------------------------------------------------------------    -------------------
    SLICE_X32Y23         FDCE (Prop_fdce_C_Q)         0.518     2.169 f  u_fetch/req_left_reg[5]/Q
                         net (fo=2, routed)           0.803     2.972    u_fetch/req_left_reg_n_0_[5]
    SLICE_X31Y23         LUT4 (Prop_lut4_I1_O)        0.124     3.096 f  u_fetch/m_axi_arlen[2]_i_8/O
                         net (fo=2, routed)           0.487     3.583    u_fetch/m_axi_arlen[2]_i_8_n_0
    SLICE_X30Y23         LUT5 (Prop_lut5_I4_O)        0.124     3.707 f  u_fetch/m_axi_arlen[2]_i_4/O
                         net (fo=9, routed)           0.443     4.150    u_fetch/m_axi_arlen[2]_i_4_n_0
    SLICE_X28Y23         LUT6 (Prop_lut6_I3_O)        0.124     4.274 r  u_fetch/m_axi_arlen[3]_i_2_replica_comp_1/O
                         net (fo=4, routed)           0.416     4.690    u_fetch/m_axi_arlen[3]_i_2_n_0_repN
    SLICE_X29Y23         LUT5 (Prop_lut5_I1_O)        0.124     4.814 r  u_fetch/m_axi_arlen[3]_i_10/O
                         net (fo=1, routed)           0.000     4.814    u_fetch/m_axi_arlen[3]_i_10_n_0
    SLICE_X29Y23         CARRY4 (Prop_carry4_S[1]_CO[3])
                                                      0.550     5.364 r  u_fetch/m_axi_arlen_reg[3]_i_4/CO[3]
                         net (fo=1, routed)           0.000     5.364    u_fetch/m_axi_arlen_reg[3]_i_4_n_0
    SLICE_X29Y24         CARRY4 (Prop_carry4_CI_CO[0])
                                                      0.271     5.635 r  u_fetch/m_axi_arlen_reg[3]_i_3/CO[0]
                         net (fo=11, routed)          0.437     6.072    u_fetch/m_axi_arlen_reg[3]_i_3_n_3
    SLICE_X30Y25         LUT6 (Prop_lut6_I1_O)        0.373     6.445 r  u_fetch/m_axi_arlen[2]_i_1/O
                         net (fo=2, routed)           0.702     7.146    u_fetch/m_axi_arlen0[2]
    SLICE_X30Y25         LUT6 (Prop_lut6_I1_O)        0.124     7.270 r  u_fetch/m_axi_arvalid_i_13/O
                         net (fo=1, routed)           0.495     7.765    u_fetch/m_axi_arvalid_i_13_n_0
    SLICE_X31Y25         LUT6 (Prop_lut6_I1_O)        0.124     7.889 r  u_fetch/m_axi_arvalid_i_5/O
                         net (fo=1, routed)           0.430     8.320    u_fetch/m_axi_arvalid_i_5_n_0
    SLICE_X31Y24         LUT6 (Prop_lut6_I4_O)        0.124     8.444 f  u_fetch/m_axi_arvalid_i_2/O
                         net (fo=4, routed)           0.299     8.743    u_fetch/m_axi_arvalid_i_2_n_0
    SLICE_X31Y24         LUT3 (Prop_lut3_I0_O)        0.124     8.867 r  u_fetch/m_axi_araddr[31]_i_2/O
                         net (fo=141, routed)         0.978     9.844    u_fetch/can_issue
    SLICE_X32Y22         LUT4 (Prop_lut4_I2_O)        0.124     9.968 r  u_fetch/req_left[3]_i_8/O
                         net (fo=1, routed)           0.000     9.968    u_fetch/req_left[3]_i_8_n_0
    SLICE_X32Y22         CARRY4 (Prop_carry4_S[1]_CO[3])
                                                      0.533    10.501 r  u_fetch/req_left_reg[3]_i_1/CO[3]
                         net (fo=1, routed)           0.000    10.501    u_fetch/req_left_reg[3]_i_1_n_0
    SLICE_X32Y23         CARRY4 (Prop_carry4_CI_CO[3])
                                                      0.117    10.618 r  u_fetch/req_left_reg[7]_i_1/CO[3]
                         net (fo=1, routed)           0.000    10.618    u_fetch/req_left_reg[7]_i_1_n_0
    SLICE_X32Y24         CARRY4 (Prop_carry4_CI_CO[3])
                                                      0.117    10.735 r  u_fetch/req_left_reg[11]_i_1/CO[3]
                         net (fo=1, routed)           0.009    10.744    u_fetch/req_left_reg[11]_i_1_n_0
    SLICE_X32Y25         CARRY4 (Prop_carry4_CI_CO[3])
                                                      0.117    10.861 r  u_fetch/req_left_reg[15]_i_1/CO[3]
                         net (fo=1, routed)           0.000    10.861    u_fetch/req_left_reg[15]_i_1_n_0
    SLICE_X32Y26         CARRY4 (Prop_carry4_CI_CO[3])
                                                      0.117    10.978 r  u_fetch/req_left_reg[19]_i_1/CO[3]
                         net (fo=1, routed)           0.000    10.978    u_fetch/req_left_reg[19]_i_1_n_0
    SLICE_X32Y27         CARRY4 (Prop_carry4_CI_CO[3])
                                                      0.117    11.095 r  u_fetch/req_left_reg[23]_i_1/CO[3]
                         net (fo=1, routed)           0.000    11.095    u_fetch/req_left_reg[23]_i_1_n_0
    SLICE_X32Y28         CARRY4 (Prop_carry4_CI_CO[3])
                                                      0.117    11.212 r  u_fetch/req_left_reg[27]_i_1/CO[3]
                         net (fo=1, routed)           0.000    11.212    u_fetch/req_left_reg[27]_i_1_n_0
    SLICE_X32Y29         CARRY4 (Prop_carry4_CI_O[1])
                                                      0.323    11.535 r  u_fetch/req_left_reg[31]_i_2/O[1]
                         net (fo=1, routed)           0.000    11.535    u_fetch/req_left_reg[31]_i_2_n_6
    SLICE_X32Y29         FDCE                                         r  u_fetch/req_left_reg[29]/D
  -------------------------------------------------------------------    -------------------

                         (clock clk rise edge)        9.000     9.000 r  <hidden>
                                                      0.000     9.000 r  clk
                         net (fo=9807, unset)         1.484    10.484    u_fetch/clk
    SLICE_X32Y29         FDCE                                         r  u_fetch/req_left_reg[29]/C
                         clock pessimism              0.115    10.599    <hidden>
                         clock uncertainty           -0.035    10.564    <hidden>
    SLICE_X32Y29         FDCE (Setup_fdce_C_D)        0.109    10.673    u_fetch/req_left_reg[29]
  -------------------------------------------------------------------
                         required time                         10.673    <hidden>
                         arrival time                         -11.535    <hidden>
  -------------------------------------------------------------------
                         slack                                 -0.863    <hidden>

Slack (VIOLATED) :        -0.855ns  (required time - arrival time)
  Source:                 u_fetch/req_left_reg[5]/C
                            (rising edge-triggered cell FDCE clocked by clk  {rise@0.000ns fall@4.500ns period=9.000ns})
  Destination:            u_fetch/req_left_reg[31]/D
                            (rising edge-triggered cell FDCE clocked by clk  {rise@0.000ns fall@4.500ns period=9.000ns})
  Path Group:             clk
  Path Type:              Setup (Max at Slow Process Corner)
  Requirement:            9.000ns  (clk rise@9.000ns - clk rise@0.000ns)
  Data Path Delay:        9.876ns  (logic 4.378ns (44.328%)  route 5.498ns (55.672%))
  Logic Levels:           20  (CARRY4=10 LUT3=1 LUT4=2 LUT5=2 LUT6=5)
  Clock Path Skew:        -0.052ns (DCD - SCD + CPR)
    Destination Clock Delay (DCD):    1.484ns = ( 10.484 - 9.000 ) 
    Source Clock Delay      (SCD):    1.651ns
    Clock Pessimism Removal (CPR):    0.115ns
  Clock Uncertainty:      0.035ns  ((TSJ^2 + TIJ^2)^1/2 + DJ) / 2 + PE
    Total System Jitter     (TSJ):    0.071ns
    Total Input Jitter      (TIJ):    0.000ns
    Discrete Jitter          (DJ):    0.000ns
    Phase Error              (PE):    0.000ns

    Location             Delay type                Incr(ns)  Path(ns)    Netlist Resource(s)
  -------------------------------------------------------------------    -------------------
                         (clock clk rise edge)        0.000     0.000 r  <hidden>
                                                      0.000     0.000 r  clk
                         net (fo=9807, unset)         1.651     1.651    u_fetch/clk
    SLICE_X32Y23         FDCE                                         r  u_fetch/req_left_reg[5]/C
  -------------------------------------------------------------------    -------------------
    SLICE_X32Y23         FDCE (Prop_fdce_C_Q)         0.518     2.169 f  u_fetch/req_left_reg[5]/Q
                         net (fo=2, routed)           0.803     2.972    u_fetch/req_left_reg_n_0_[5]
    SLICE_X31Y23         LUT4 (Prop_lut4_I1_O)        0.124     3.096 f  u_fetch/m_axi_arlen[2]_i_8/O
                         net (fo=2, routed)           0.487     3.583    u_fetch/m_axi_arlen[2]_i_8_n_0
    SLICE_X30Y23         LUT5 (Prop_lut5_I4_O)        0.124     3.707 f  u_fetch/m_axi_arlen[2]_i_4/O
                         net (fo=9, routed)           0.443     4.150    u_fetch/m_axi_arlen[2]_i_4_n_0
    SLICE_X28Y23         LUT6 (Prop_lut6_I3_O)        0.124     4.274 r  u_fetch/m_axi_arlen[3]_i_2_replica_comp_1/O
                         net (fo=4, routed)           0.416     4.690    u_fetch/m_axi_arlen[3]_i_2_n_0_repN
    SLICE_X29Y23         LUT5 (Prop_lut5_I1_O)        0.124     4.814 r  u_fetch/m_axi_arlen[3]_i_10/O
                         net (fo=1, routed)           0.000     4.814    u_fetch/m_axi_arlen[3]_i_10_n_0
    SLICE_X29Y23         CARRY4 (Prop_carry4_S[1]_CO[3])
                                                      0.550     5.364 r  u_fetch/m_axi_arlen_reg[3]_i_4/CO[3]
                         net (fo=1, routed)           0.000     5.364    u_fetch/m_axi_arlen_reg[3]_i_4_n_0
    SLICE_X29Y24         CARRY4 (Prop_carry4_CI_CO[0])
                                                      0.271     5.635 r  u_fetch/m_axi_arlen_reg[3]_i_3/CO[0]
                         net (fo=11, routed)          0.437     6.072    u_fetch/m_axi_arlen_reg[3]_i_3_n_3
    SLICE_X30Y25         LUT6 (Prop_lut6_I1_O)        0.373     6.445 r  u_fetch/m_axi_arlen[2]_i_1/O
                         net (fo=2, routed)           0.702     7.146    u_fetch/m_axi_arlen0[2]
    SLICE_X30Y25         LUT6 (Prop_lut6_I1_O)        0.124     7.270 r  u_fetch/m_axi_arvalid_i_13/O
                         net (fo=1, routed)           0.495     7.765    u_fetch/m_axi_arvalid_i_13_n_0
    SLICE_X31Y25         LUT6 (Prop_lut6_I1_O)        0.124     7.889 r  u_fetch/m_axi_arvalid_i_5/O
                         net (fo=1, routed)           0.430     8.320    u_fetch/m_axi_arvalid_i_5_n_0
    SLICE_X31Y24         LUT6 (Prop_lut6_I4_O)        0.124     8.444 f  u_fetch/m_axi_arvalid_i_2/O
                         net (fo=4, routed)           0.299     8.743    u_fetch/m_axi_arvalid_i_2_n_0
    SLICE_X31Y24         LUT3 (Prop_lut3_I0_O)        0.124     8.867 r  u_fetch/m_axi_araddr[31]_i_2/O
                         net (fo=141, routed)         0.978     9.844    u_fetch/can_issue
    SLICE_X32Y22         LUT4 (Prop_lut4_I2_O)        0.124     9.968 r  u_fetch/req_left[3]_i_8/O
                         net (fo=1, routed)           0.000     9.968    u_fetch/req_left[3]_i_8_n_0
    SLICE_X32Y22         CARRY4 (Prop_carry4_S[1]_CO[3])
                                                      0.533    10.501 r  u_fetch/req_left_reg[3]_i_1/CO[3]
                         net (fo=1, routed)           0.000    10.501    u_fetch/req_left_reg[3]_i_1_n_0
    SLICE_X32Y23         CARRY4 (Prop_carry4_CI_CO[3])
                                                      0.117    10.618 r  u_fetch/req_left_reg[7]_i_1/CO[3]
                         net (fo=1, routed)           0.000    10.618    u_fetch/req_left_reg[7]_i_1_n_0
    SLICE_X32Y24         CARRY4 (Prop_carry4_CI_CO[3])
                                                      0.117    10.735 r  u_fetch/req_left_reg[11]_i_1/CO[3]
                         net (fo=1, routed)           0.009    10.744    u_fetch/req_left_reg[11]_i_1_n_0
    SLICE_X32Y25         CARRY4 (Prop_carry4_CI_CO[3])
                                                      0.117    10.861 r  u_fetch/req_left_reg[15]_i_1/CO[3]
                         net (fo=1, routed)           0.000    10.861    u_fetch/req_left_reg[15]_i_1_n_0
    SLICE_X32Y26         CARRY4 (Prop_carry4_CI_CO[3])
                                                      0.117    10.978 r  u_fetch/req_left_reg[19]_i_1/CO[3]
                         net (fo=1, routed)           0.000    10.978    u_fetch/req_left_reg[19]_i_1_n_0
    SLICE_X32Y27         CARRY4 (Prop_carry4_CI_CO[3])
                                                      0.117    11.095 r  u_fetch/req_left_reg[23]_i_1/CO[3]
                         net (fo=1, routed)           0.000    11.095    u_fetch/req_left_reg[23]_i_1_n_0
    SLICE_X32Y28         CARRY4 (Prop_carry4_CI_CO[3])
                                                      0.117    11.212 r  u_fetch/req_left_reg[27]_i_1/CO[3]
                         net (fo=1, routed)           0.000    11.212    u_fetch/req_left_reg[27]_i_1_n_0
    SLICE_X32Y29         CARRY4 (Prop_carry4_CI_O[3])
                                                      0.315    11.527 r  u_fetch/req_left_reg[31]_i_2/O[3]
                         net (fo=1, routed)           0.000    11.527    u_fetch/req_left_reg[31]_i_2_n_4
    SLICE_X32Y29         FDCE                                         r  u_fetch/req_left_reg[31]/D
  -------------------------------------------------------------------    -------------------

                         (clock clk rise edge)        9.000     9.000 r  <hidden>
                                                      0.000     9.000 r  clk
                         net (fo=9807, unset)         1.484    10.484    u_fetch/clk
    SLICE_X32Y29         FDCE                                         r  u_fetch/req_left_reg[31]/C
                         clock pessimism              0.115    10.599    <hidden>
                         clock uncertainty           -0.035    10.564    <hidden>
    SLICE_X32Y29         FDCE (Setup_fdce_C_D)        0.109    10.673    u_fetch/req_left_reg[31]
  -------------------------------------------------------------------
                         required time                         10.673    <hidden>
                         arrival time                         -11.527    <hidden>
  -------------------------------------------------------------------
                         slack                                 -0.855    <hidden>

Slack (VIOLATED) :        -0.779ns  (required time - arrival time)
  Source:                 u_fetch/req_left_reg[5]/C
                            (rising edge-triggered cell FDCE clocked by clk  {rise@0.000ns fall@4.500ns period=9.000ns})
  Destination:            u_fetch/req_left_reg[30]/D
                            (rising edge-triggered cell FDCE clocked by clk  {rise@0.000ns fall@4.500ns period=9.000ns})
  Path Group:             clk
  Path Type:              Setup (Max at Slow Process Corner)
  Requirement:            9.000ns  (clk rise@9.000ns - clk rise@0.000ns)
  Data Path Delay:        9.800ns  (logic 4.302ns (43.896%)  route 5.498ns (56.104%))
  Logic Levels:           20  (CARRY4=10 LUT3=1 LUT4=2 LUT5=2 LUT6=5)
  Clock Path Skew:        -0.052ns (DCD - SCD + CPR)
    Destination Clock Delay (DCD):    1.484ns = ( 10.484 - 9.000 ) 
    Source Clock Delay      (SCD):    1.651ns
    Clock Pessimism Removal (CPR):    0.115ns
  Clock Uncertainty:      0.035ns  ((TSJ^2 + TIJ^2)^1/2 + DJ) / 2 + PE
    Total System Jitter     (TSJ):    0.071ns
    Total Input Jitter      (TIJ):    0.000ns
    Discrete Jitter          (DJ):    0.000ns
    Phase Error              (PE):    0.000ns

    Location             Delay type                Incr(ns)  Path(ns)    Netlist Resource(s)
  -------------------------------------------------------------------    -------------------
                         (clock clk rise edge)        0.000     0.000 r  <hidden>
                                                      0.000     0.000 r  clk
                         net (fo=9807, unset)         1.651     1.651    u_fetch/clk
    SLICE_X32Y23         FDCE                                         r  u_fetch/req_left_reg[5]/C
  -------------------------------------------------------------------    -------------------
    SLICE_X32Y23         FDCE (Prop_fdce_C_Q)         0.518     2.169 f  u_fetch/req_left_reg[5]/Q
                         net (fo=2, routed)           0.803     2.972    u_fetch/req_left_reg_n_0_[5]
    SLICE_X31Y23         LUT4 (Prop_lut4_I1_O)        0.124     3.096 f  u_fetch/m_axi_arlen[2]_i_8/O
                         net (fo=2, routed)           0.487     3.583    u_fetch/m_axi_arlen[2]_i_8_n_0
    SLICE_X30Y23         LUT5 (Prop_lut5_I4_O)        0.124     3.707 f  u_fetch/m_axi_arlen[2]_i_4/O
                         net (fo=9, routed)           0.443     4.150    u_fetch/m_axi_arlen[2]_i_4_n_0
    SLICE_X28Y23         LUT6 (Prop_lut6_I3_O)        0.124     4.274 r  u_fetch/m_axi_arlen[3]_i_2_replica_comp_1/O
                         net (fo=4, routed)           0.416     4.690    u_fetch/m_axi_arlen[3]_i_2_n_0_repN
    SLICE_X29Y23         LUT5 (Prop_lut5_I1_O)        0.124     4.814 r  u_fetch/m_axi_arlen[3]_i_10/O
                         net (fo=1, routed)           0.000     4.814    u_fetch/m_axi_arlen[3]_i_10_n_0
    SLICE_X29Y23         CARRY4 (Prop_carry4_S[1]_CO[3])
                                                      0.550     5.364 r  u_fetch/m_axi_arlen_reg[3]_i_4/CO[3]
                         net (fo=1, routed)           0.000     5.364    u_fetch/m_axi_arlen_reg[3]_i_4_n_0
    SLICE_X29Y24         CARRY4 (Prop_carry4_CI_CO[0])
                                                      0.271     5.635 r  u_fetch/m_axi_arlen_reg[3]_i_3/CO[0]
                         net (fo=11, routed)          0.437     6.072    u_fetch/m_axi_arlen_reg[3]_i_3_n_3
    SLICE_X30Y25         LUT6 (Prop_lut6_I1_O)        0.373     6.445 r  u_fetch/m_axi_arlen[2]_i_1/O
                         net (fo=2, routed)           0.702     7.146    u_fetch/m_axi_arlen0[2]
    SLICE_X30Y25         LUT6 (Prop_lut6_I1_O)        0.124     7.270 r  u_fetch/m_axi_arvalid_i_13/O
                         net (fo=1, routed)           0.495     7.765    u_fetch/m_axi_arvalid_i_13_n_0
    SLICE_X31Y25         LUT6 (Prop_lut6_I1_O)        0.124     7.889 r  u_fetch/m_axi_arvalid_i_5/O
                         net (fo=1, routed)           0.430     8.320    u_fetch/m_axi_arvalid_i_5_n_0
    SLICE_X31Y24         LUT6 (Prop_lut6_I4_O)        0.124     8.444 f  u_fetch/m_axi_arvalid_i_2/O
                         net (fo=4, routed)           0.299     8.743    u_fetch/m_axi_arvalid_i_2_n_0
    SLICE_X31Y24         LUT3 (Prop_lut3_I0_O)        0.124     8.867 r  u_fetch/m_axi_araddr[31]_i_2/O
                         net (fo=141, routed)         0.978     9.844    u_fetch/can_issue
    SLICE_X32Y22         LUT4 (Prop_lut4_I2_O)        0.124     9.968 r  u_fetch/req_left[3]_i_8/O
                         net (fo=1, routed)           0.000     9.968    u_fetch/req_left[3]_i_8_n_0
    SLICE_X32Y22         CARRY4 (Prop_carry4_S[1]_CO[3])
                                                      0.533    10.501 r  u_fetch/req_left_reg[3]_i_1/CO[3]
                         net (fo=1, routed)           0.000    10.501    u_fetch/req_left_reg[3]_i_1_n_0
    SLICE_X32Y23         CARRY4 (Prop_carry4_CI_CO[3])
                                                      0.117    10.618 r  u_fetch/req_left_reg[7]_i_1/CO[3]
                         net (fo=1, routed)           0.000    10.618    u_fetch/req_left_reg[7]_i_1_n_0
    SLICE_X32Y24         CARRY4 (Prop_carry4_CI_CO[3])
                                                      0.117    10.735 r  u_fetch/req_left_reg[11]_i_1/CO[3]
                         net (fo=1, routed)           0.009    10.744    u_fetch/req_left_reg[11]_i_1_n_0
    SLICE_X32Y25         CARRY4 (Prop_carry4_CI_CO[3])
                                                      0.117    10.861 r  u_fetch/req_left_reg[15]_i_1/CO[3]
                         net (fo=1, routed)           0.000    10.861    u_fetch/req_left_reg[15]_i_1_n_0
    SLICE_X32Y26         CARRY4 (Prop_carry4_CI_CO[3])
                                                      0.117    10.978 r  u_fetch/req_left_reg[19]_i_1/CO[3]
                         net (fo=1, routed)           0.000    10.978    u_fetch/req_left_reg[19]_i_1_n_0
    SLICE_X32Y27         CARRY4 (Prop_carry4_CI_CO[3])
                                                      0.117    11.095 r  u_fetch/req_left_reg[23]_i_1/CO[3]
                         net (fo=1, routed)           0.000    11.095    u_fetch/req_left_reg[23]_i_1_n_0
    SLICE_X32Y28         CARRY4 (Prop_carry4_CI_CO[3])
                                                      0.117    11.212 r  u_fetch/req_left_reg[27]_i_1/CO[3]
                         net (fo=1, routed)           0.000    11.212    u_fetch/req_left_reg[27]_i_1_n_0
    SLICE_X32Y29         CARRY4 (Prop_carry4_CI_O[2])
                                                      0.239    11.451 r  u_fetch/req_left_reg[31]_i_2/O[2]
                         net (fo=1, routed)           0.000    11.451    u_fetch/req_left_reg[31]_i_2_n_5
    SLICE_X32Y29         FDCE                                         r  u_fetch/req_left_reg[30]/D
  -------------------------------------------------------------------    -------------------

                         (clock clk rise edge)        9.000     9.000 r  <hidden>
                                                      0.000     9.000 r  clk
                         net (fo=9807, unset)         1.484    10.484    u_fetch/clk
    SLICE_X32Y29         FDCE                                         r  u_fetch/req_left_reg[30]/C
                         clock pessimism              0.115    10.599    <hidden>
                         clock uncertainty           -0.035    10.564    <hidden>
    SLICE_X32Y29         FDCE (Setup_fdce_C_D)        0.109    10.673    u_fetch/req_left_reg[30]
  -------------------------------------------------------------------
                         required time                         10.673    <hidden>
                         arrival time                         -11.451    <hidden>
  -------------------------------------------------------------------
                         slack                                 -0.779    <hidden>

Slack (VIOLATED) :        -0.759ns  (required time - arrival time)
  Source:                 u_fetch/req_left_reg[5]/C
                            (rising edge-triggered cell FDCE clocked by clk  {rise@0.000ns fall@4.500ns period=9.000ns})
  Destination:            u_fetch/req_left_reg[28]/D
                            (rising edge-triggered cell FDCE clocked by clk  {rise@0.000ns fall@4.500ns period=9.000ns})
  Path Group:             clk
  Path Type:              Setup (Max at Slow Process Corner)
  Requirement:            9.000ns  (clk rise@9.000ns - clk rise@0.000ns)
  Data Path Delay:        9.780ns  (logic 4.282ns (43.782%)  route 5.498ns (56.218%))
  Logic Levels:           20  (CARRY4=10 LUT3=1 LUT4=2 LUT5=2 LUT6=5)
  Clock Path Skew:        -0.052ns (DCD - SCD + CPR)
    Destination Clock Delay (DCD):    1.484ns = ( 10.484 - 9.000 ) 
    Source Clock Delay      (SCD):    1.651ns
    Clock Pessimism Removal (CPR):    0.115ns
  Clock Uncertainty:      0.035ns  ((TSJ^2 + TIJ^2)^1/2 + DJ) / 2 + PE
    Total System Jitter     (TSJ):    0.071ns
    Total Input Jitter      (TIJ):    0.000ns
    Discrete Jitter          (DJ):    0.000ns
    Phase Error              (PE):    0.000ns

    Location             Delay type                Incr(ns)  Path(ns)    Netlist Resource(s)
  -------------------------------------------------------------------    -------------------
                         (clock clk rise edge)        0.000     0.000 r  <hidden>
                                                      0.000     0.000 r  clk
                         net (fo=9807, unset)         1.651     1.651    u_fetch/clk
    SLICE_X32Y23         FDCE                                         r  u_fetch/req_left_reg[5]/C
  -------------------------------------------------------------------    -------------------
    SLICE_X32Y23         FDCE (Prop_fdce_C_Q)         0.518     2.169 f  u_fetch/req_left_reg[5]/Q
                         net (fo=2, routed)           0.803     2.972    u_fetch/req_left_reg_n_0_[5]
    SLICE_X31Y23         LUT4 (Prop_lut4_I1_O)        0.124     3.096 f  u_fetch/m_axi_arlen[2]_i_8/O
                         net (fo=2, routed)           0.487     3.583    u_fetch/m_axi_arlen[2]_i_8_n_0
    SLICE_X30Y23         LUT5 (Prop_lut5_I4_O)        0.124     3.707 f  u_fetch/m_axi_arlen[2]_i_4/O
                         net (fo=9, routed)           0.443     4.150    u_fetch/m_axi_arlen[2]_i_4_n_0
    SLICE_X28Y23         LUT6 (Prop_lut6_I3_O)        0.124     4.274 r  u_fetch/m_axi_arlen[3]_i_2_replica_comp_1/O
                         net (fo=4, routed)           0.416     4.690    u_fetch/m_axi_arlen[3]_i_2_n_0_repN
    SLICE_X29Y23         LUT5 (Prop_lut5_I1_O)        0.124     4.814 r  u_fetch/m_axi_arlen[3]_i_10/O
                         net (fo=1, routed)           0.000     4.814    u_fetch/m_axi_arlen[3]_i_10_n_0
    SLICE_X29Y23         CARRY4 (Prop_carry4_S[1]_CO[3])
                                                      0.550     5.364 r  u_fetch/m_axi_arlen_reg[3]_i_4/CO[3]
                         net (fo=1, routed)           0.000     5.364    u_fetch/m_axi_arlen_reg[3]_i_4_n_0
    SLICE_X29Y24         CARRY4 (Prop_carry4_CI_CO[0])
                                                      0.271     5.635 r  u_fetch/m_axi_arlen_reg[3]_i_3/CO[0]
                         net (fo=11, routed)          0.437     6.072    u_fetch/m_axi_arlen_reg[3]_i_3_n_3
    SLICE_X30Y25         LUT6 (Prop_lut6_I1_O)        0.373     6.445 r  u_fetch/m_axi_arlen[2]_i_1/O
                         net (fo=2, routed)           0.702     7.146    u_fetch/m_axi_arlen0[2]
    SLICE_X30Y25         LUT6 (Prop_lut6_I1_O)        0.124     7.270 r  u_fetch/m_axi_arvalid_i_13/O
                         net (fo=1, routed)           0.495     7.765    u_fetch/m_axi_arvalid_i_13_n_0
    SLICE_X31Y25         LUT6 (Prop_lut6_I1_O)        0.124     7.889 r  u_fetch/m_axi_arvalid_i_5/O
                         net (fo=1, routed)           0.430     8.320    u_fetch/m_axi_arvalid_i_5_n_0
    SLICE_X31Y24         LUT6 (Prop_lut6_I4_O)        0.124     8.444 f  u_fetch/m_axi_arvalid_i_2/O
                         net (fo=4, routed)           0.299     8.743    u_fetch/m_axi_arvalid_i_2_n_0
    SLICE_X31Y24         LUT3 (Prop_lut3_I0_O)        0.124     8.867 r  u_fetch/m_axi_araddr[31]_i_2/O
                         net (fo=141, routed)         0.978     9.844    u_fetch/can_issue
    SLICE_X32Y22         LUT4 (Prop_lut4_I2_O)        0.124     9.968 r  u_fetch/req_left[3]_i_8/O
                         net (fo=1, routed)           0.000     9.968    u_fetch/req_left[3]_i_8_n_0
    SLICE_X32Y22         CARRY4 (Prop_carry4_S[1]_CO[3])
                                                      0.533    10.501 r  u_fetch/req_left_reg[3]_i_1/CO[3]
                         net (fo=1, routed)           0.000    10.501    u_fetch/req_left_reg[3]_i_1_n_0
    SLICE_X32Y23         CARRY4 (Prop_carry4_CI_CO[3])
                                                      0.117    10.618 r  u_fetch/req_left_reg[7]_i_1/CO[3]
                         net (fo=1, routed)           0.000    10.618    u_fetch/req_left_reg[7]_i_1_n_0
    SLICE_X32Y24         CARRY4 (Prop_carry4_CI_CO[3])
                                                      0.117    10.735 r  u_fetch/req_left_reg[11]_i_1/CO[3]
                         net (fo=1, routed)           0.009    10.744    u_fetch/req_left_reg[11]_i_1_n_0
    SLICE_X32Y25         CARRY4 (Prop_carry4_CI_CO[3])
                                                      0.117    10.861 r  u_fetch/req_left_reg[15]_i_1/CO[3]
                         net (fo=1, routed)           0.000    10.861    u_fetch/req_left_reg[15]_i_1_n_0
    SLICE_X32Y26         CARRY4 (Prop_carry4_CI_CO[3])
                                                      0.117    10.978 r  u_fetch/req_left_reg[19]_i_1/CO[3]
                         net (fo=1, routed)           0.000    10.978    u_fetch/req_left_reg[19]_i_1_n_0
    SLICE_X32Y27         CARRY4 (Prop_carry4_CI_CO[3])
                                                      0.117    11.095 r  u_fetch/req_left_reg[23]_i_1/CO[3]
                         net (fo=1, routed)           0.000    11.095    u_fetch/req_left_reg[23]_i_1_n_0
    SLICE_X32Y28         CARRY4 (Prop_carry4_CI_CO[3])
                                                      0.117    11.212 r  u_fetch/req_left_reg[27]_i_1/CO[3]
                         net (fo=1, routed)           0.000    11.212    u_fetch/req_left_reg[27]_i_1_n_0
    SLICE_X32Y29         CARRY4 (Prop_carry4_CI_O[0])
                                                      0.219    11.431 r  u_fetch/req_left_reg[31]_i_2/O[0]
                         net (fo=1, routed)           0.000    11.431    u_fetch/req_left_reg[31]_i_2_n_7
    SLICE_X32Y29         FDCE                                         r  u_fetch/req_left_reg[28]/D
  -------------------------------------------------------------------    -------------------

                         (clock clk rise edge)        9.000     9.000 r  <hidden>
                                                      0.000     9.000 r  clk
                         net (fo=9807, unset)         1.484    10.484    u_fetch/clk
    SLICE_X32Y29         FDCE                                         r  u_fetch/req_left_reg[28]/C
                         clock pessimism              0.115    10.599    <hidden>
                         clock uncertainty           -0.035    10.564    <hidden>
    SLICE_X32Y29         FDCE (Setup_fdce_C_D)        0.109    10.673    u_fetch/req_left_reg[28]
  -------------------------------------------------------------------
                         required time                         10.673    <hidden>
                         arrival time                         -11.431    <hidden>
  -------------------------------------------------------------------
                         slack                                 -0.759    <hidden>

Slack (VIOLATED) :        -0.747ns  (required time - arrival time)
  Source:                 u_fetch/req_left_reg[5]/C
                            (rising edge-triggered cell FDCE clocked by clk  {rise@0.000ns fall@4.500ns period=9.000ns})
  Destination:            u_fetch/req_left_reg[25]/D
                            (rising edge-triggered cell FDCE clocked by clk  {rise@0.000ns fall@4.500ns period=9.000ns})
  Path Group:             clk
  Path Type:              Setup (Max at Slow Process Corner)
  Requirement:            9.000ns  (clk rise@9.000ns - clk rise@0.000ns)
  Data Path Delay:        9.767ns  (logic 4.269ns (43.707%)  route 5.498ns (56.293%))
  Logic Levels:           19  (CARRY4=9 LUT3=1 LUT4=2 LUT5=2 LUT6=5)
  Clock Path Skew:        -0.053ns (DCD - SCD + CPR)
    Destination Clock Delay (DCD):    1.483ns = ( 10.483 - 9.000 ) 
    Source Clock Delay      (SCD):    1.651ns
    Clock Pessimism Removal (CPR):    0.115ns
  Clock Uncertainty:      0.035ns  ((TSJ^2 + TIJ^2)^1/2 + DJ) / 2 + PE
    Total System Jitter     (TSJ):    0.071ns
    Total Input Jitter      (TIJ):    0.000ns
    Discrete Jitter          (DJ):    0.000ns
    Phase Error              (PE):    0.000ns

    Location             Delay type                Incr(ns)  Path(ns)    Netlist Resource(s)
  -------------------------------------------------------------------    -------------------
                         (clock clk rise edge)        0.000     0.000 r  <hidden>
                                                      0.000     0.000 r  clk
                         net (fo=9807, unset)         1.651     1.651    u_fetch/clk
    SLICE_X32Y23         FDCE                                         r  u_fetch/req_left_reg[5]/C
  -------------------------------------------------------------------    -------------------
    SLICE_X32Y23         FDCE (Prop_fdce_C_Q)         0.518     2.169 f  u_fetch/req_left_reg[5]/Q
                         net (fo=2, routed)           0.803     2.972    u_fetch/req_left_reg_n_0_[5]
    SLICE_X31Y23         LUT4 (Prop_lut4_I1_O)        0.124     3.096 f  u_fetch/m_axi_arlen[2]_i_8/O
                         net (fo=2, routed)           0.487     3.583    u_fetch/m_axi_arlen[2]_i_8_n_0
    SLICE_X30Y23         LUT5 (Prop_lut5_I4_O)        0.124     3.707 f  u_fetch/m_axi_arlen[2]_i_4/O
                         net (fo=9, routed)           0.443     4.150    u_fetch/m_axi_arlen[2]_i_4_n_0
    SLICE_X28Y23         LUT6 (Prop_lut6_I3_O)        0.124     4.274 r  u_fetch/m_axi_arlen[3]_i_2_replica_comp_1/O
                         net (fo=4, routed)           0.416     4.690    u_fetch/m_axi_arlen[3]_i_2_n_0_repN
    SLICE_X29Y23         LUT5 (Prop_lut5_I1_O)        0.124     4.814 r  u_fetch/m_axi_arlen[3]_i_10/O
                         net (fo=1, routed)           0.000     4.814    u_fetch/m_axi_arlen[3]_i_10_n_0
    SLICE_X29Y23         CARRY4 (Prop_carry4_S[1]_CO[3])
                                                      0.550     5.364 r  u_fetch/m_axi_arlen_reg[3]_i_4/CO[3]
                         net (fo=1, routed)           0.000     5.364    u_fetch/m_axi_arlen_reg[3]_i_4_n_0
    SLICE_X29Y24         CARRY4 (Prop_carry4_CI_CO[0])
                                                      0.271     5.635 r  u_fetch/m_axi_arlen_reg[3]_i_3/CO[0]
                         net (fo=11, routed)          0.437     6.072    u_fetch/m_axi_arlen_reg[3]_i_3_n_3
    SLICE_X30Y25         LUT6 (Prop_lut6_I1_O)        0.373     6.445 r  u_fetch/m_axi_arlen[2]_i_1/O
                         net (fo=2, routed)           0.702     7.146    u_fetch/m_axi_arlen0[2]
    SLICE_X30Y25         LUT6 (Prop_lut6_I1_O)        0.124     7.270 r  u_fetch/m_axi_arvalid_i_13/O
                         net (fo=1, routed)           0.495     7.765    u_fetch/m_axi_arvalid_i_13_n_0
    SLICE_X31Y25         LUT6 (Prop_lut6_I1_O)        0.124     7.889 r  u_fetch/m_axi_arvalid_i_5/O
                         net (fo=1, routed)           0.430     8.320    u_fetch/m_axi_arvalid_i_5_n_0
    SLICE_X31Y24         LUT6 (Prop_lut6_I4_O)        0.124     8.444 f  u_fetch/m_axi_arvalid_i_2/O
                         net (fo=4, routed)           0.299     8.743    u_fetch/m_axi_arvalid_i_2_n_0
    SLICE_X31Y24         LUT3 (Prop_lut3_I0_O)        0.124     8.867 r  u_fetch/m_axi_araddr[31]_i_2/O
                         net (fo=141, routed)         0.978     9.844    u_fetch/can_issue
    SLICE_X32Y22         LUT4 (Prop_lut4_I2_O)        0.124     9.968 r  u_fetch/req_left[3]_i_8/O
                         net (fo=1, routed)           0.000     9.968    u_fetch/req_left[3]_i_8_n_0
    SLICE_X32Y22         CARRY4 (Prop_carry4_S[1]_CO[3])
                                                      0.533    10.501 r  u_fetch/req_left_reg[3]_i_1/CO[3]
                         net (fo=1, routed)           0.000    10.501    u_fetch/req_left_reg[3]_i_1_n_0
    SLICE_X32Y23         CARRY4 (Prop_carry4_CI_CO[3])
                                                      0.117    10.618 r  u_fetch/req_left_reg[7]_i_1/CO[3]
                         net (fo=1, routed)           0.000    10.618    u_fetch/req_left_reg[7]_i_1_n_0
    SLICE_X32Y24         CARRY4 (Prop_carry4_CI_CO[3])
                                                      0.117    10.735 r  u_fetch/req_left_reg[11]_i_1/CO[3]
                         net (fo=1, routed)           0.009    10.744    u_fetch/req_left_reg[11]_i_1_n_0
    SLICE_X32Y25         CARRY4 (Prop_carry4_CI_CO[3])
                                                      0.117    10.861 r  u_fetch/req_left_reg[15]_i_1/CO[3]
                         net (fo=1, routed)           0.000    10.861    u_fetch/req_left_reg[15]_i_1_n_0
    SLICE_X32Y26         CARRY4 (Prop_carry4_CI_CO[3])
                                                      0.117    10.978 r  u_fetch/req_left_reg[19]_i_1/CO[3]
                         net (fo=1, routed)           0.000    10.978    u_fetch/req_left_reg[19]_i_1_n_0
    SLICE_X32Y27         CARRY4 (Prop_carry4_CI_CO[3])
                                                      0.117    11.095 r  u_fetch/req_left_reg[23]_i_1/CO[3]
                         net (fo=1, routed)           0.000    11.095    u_fetch/req_left_reg[23]_i_1_n_0
    SLICE_X32Y28         CARRY4 (Prop_carry4_CI_O[1])
                                                      0.323    11.418 r  u_fetch/req_left_reg[27]_i_1/O[1]
                         net (fo=1, routed)           0.000    11.418    u_fetch/req_left_reg[27]_i_1_n_6
    SLICE_X32Y28         FDCE                                         r  u_fetch/req_left_reg[25]/D
  -------------------------------------------------------------------    -------------------

                         (clock clk rise edge)        9.000     9.000 r  <hidden>
                                                      0.000     9.000 r  clk
                         net (fo=9807, unset)         1.483    10.483    u_fetch/clk
    SLICE_X32Y28         FDCE                                         r  u_fetch/req_left_reg[25]/C
                         clock pessimism              0.115    10.598    <hidden>
                         clock uncertainty           -0.035    10.563    <hidden>
    SLICE_X32Y28         FDCE (Setup_fdce_C_D)        0.109    10.672    u_fetch/req_left_reg[25]
  -------------------------------------------------------------------
                         required time                         10.672    <hidden>
                         arrival time                         -11.418    <hidden>
  -------------------------------------------------------------------
                         slack                                 -0.747    <hidden>

Slack (VIOLATED) :        -0.739ns  (required time - arrival time)
  Source:                 u_fetch/req_left_reg[5]/C
                            (rising edge-triggered cell FDCE clocked by clk  {rise@0.000ns fall@4.500ns period=9.000ns})
  Destination:            u_fetch/req_left_reg[27]/D
                            (rising edge-triggered cell FDCE clocked by clk  {rise@0.000ns fall@4.500ns period=9.000ns})
  Path Group:             clk
  Path Type:              Setup (Max at Slow Process Corner)
  Requirement:            9.000ns  (clk rise@9.000ns - clk rise@0.000ns)
  Data Path Delay:        9.759ns  (logic 4.261ns (43.661%)  route 5.498ns (56.339%))
  Logic Levels:           19  (CARRY4=9 LUT3=1 LUT4=2 LUT5=2 LUT6=5)
  Clock Path Skew:        -0.053ns (DCD - SCD + CPR)
    Destination Clock Delay (DCD):    1.483ns = ( 10.483 - 9.000 ) 
    Source Clock Delay      (SCD):    1.651ns
    Clock Pessimism Removal (CPR):    0.115ns
  Clock Uncertainty:      0.035ns  ((TSJ^2 + TIJ^2)^1/2 + DJ) / 2 + PE
    Total System Jitter     (TSJ):    0.071ns
    Total Input Jitter      (TIJ):    0.000ns
    Discrete Jitter          (DJ):    0.000ns
    Phase Error              (PE):    0.000ns

    Location             Delay type                Incr(ns)  Path(ns)    Netlist Resource(s)
  -------------------------------------------------------------------    -------------------
                         (clock clk rise edge)        0.000     0.000 r  <hidden>
                                                      0.000     0.000 r  clk
                         net (fo=9807, unset)         1.651     1.651    u_fetch/clk
    SLICE_X32Y23         FDCE                                         r  u_fetch/req_left_reg[5]/C
  -------------------------------------------------------------------    -------------------
    SLICE_X32Y23         FDCE (Prop_fdce_C_Q)         0.518     2.169 f  u_fetch/req_left_reg[5]/Q
                         net (fo=2, routed)           0.803     2.972    u_fetch/req_left_reg_n_0_[5]
    SLICE_X31Y23         LUT4 (Prop_lut4_I1_O)        0.124     3.096 f  u_fetch/m_axi_arlen[2]_i_8/O
                         net (fo=2, routed)           0.487     3.583    u_fetch/m_axi_arlen[2]_i_8_n_0
    SLICE_X30Y23         LUT5 (Prop_lut5_I4_O)        0.124     3.707 f  u_fetch/m_axi_arlen[2]_i_4/O
                         net (fo=9, routed)           0.443     4.150    u_fetch/m_axi_arlen[2]_i_4_n_0
    SLICE_X28Y23         LUT6 (Prop_lut6_I3_O)        0.124     4.274 r  u_fetch/m_axi_arlen[3]_i_2_replica_comp_1/O
                         net (fo=4, routed)           0.416     4.690    u_fetch/m_axi_arlen[3]_i_2_n_0_repN
    SLICE_X29Y23         LUT5 (Prop_lut5_I1_O)        0.124     4.814 r  u_fetch/m_axi_arlen[3]_i_10/O
                         net (fo=1, routed)           0.000     4.814    u_fetch/m_axi_arlen[3]_i_10_n_0
    SLICE_X29Y23         CARRY4 (Prop_carry4_S[1]_CO[3])
                                                      0.550     5.364 r  u_fetch/m_axi_arlen_reg[3]_i_4/CO[3]
                         net (fo=1, routed)           0.000     5.364    u_fetch/m_axi_arlen_reg[3]_i_4_n_0
    SLICE_X29Y24         CARRY4 (Prop_carry4_CI_CO[0])
                                                      0.271     5.635 r  u_fetch/m_axi_arlen_reg[3]_i_3/CO[0]
                         net (fo=11, routed)          0.437     6.072    u_fetch/m_axi_arlen_reg[3]_i_3_n_3
    SLICE_X30Y25         LUT6 (Prop_lut6_I1_O)        0.373     6.445 r  u_fetch/m_axi_arlen[2]_i_1/O
                         net (fo=2, routed)           0.702     7.146    u_fetch/m_axi_arlen0[2]
    SLICE_X30Y25         LUT6 (Prop_lut6_I1_O)        0.124     7.270 r  u_fetch/m_axi_arvalid_i_13/O
                         net (fo=1, routed)           0.495     7.765    u_fetch/m_axi_arvalid_i_13_n_0
    SLICE_X31Y25         LUT6 (Prop_lut6_I1_O)        0.124     7.889 r  u_fetch/m_axi_arvalid_i_5/O
                         net (fo=1, routed)           0.430     8.320    u_fetch/m_axi_arvalid_i_5_n_0
    SLICE_X31Y24         LUT6 (Prop_lut6_I4_O)        0.124     8.444 f  u_fetch/m_axi_arvalid_i_2/O
                         net (fo=4, routed)           0.299     8.743    u_fetch/m_axi_arvalid_i_2_n_0
    SLICE_X31Y24         LUT3 (Prop_lut3_I0_O)        0.124     8.867 r  u_fetch/m_axi_araddr[31]_i_2/O
                         net (fo=141, routed)         0.978     9.844    u_fetch/can_issue
    SLICE_X32Y22         LUT4 (Prop_lut4_I2_O)        0.124     9.968 r  u_fetch/req_left[3]_i_8/O
                         net (fo=1, routed)           0.000     9.968    u_fetch/req_left[3]_i_8_n_0
    SLICE_X32Y22         CARRY4 (Prop_carry4_S[1]_CO[3])
                                                      0.533    10.501 r  u_fetch/req_left_reg[3]_i_1/CO[3]
                         net (fo=1, routed)           0.000    10.501    u_fetch/req_left_reg[3]_i_1_n_0
    SLICE_X32Y23         CARRY4 (Prop_carry4_CI_CO[3])
                                                      0.117    10.618 r  u_fetch/req_left_reg[7]_i_1/CO[3]
                         net (fo=1, routed)           0.000    10.618    u_fetch/req_left_reg[7]_i_1_n_0
    SLICE_X32Y24         CARRY4 (Prop_carry4_CI_CO[3])
                                                      0.117    10.735 r  u_fetch/req_left_reg[11]_i_1/CO[3]
                         net (fo=1, routed)           0.009    10.744    u_fetch/req_left_reg[11]_i_1_n_0
    SLICE_X32Y25         CARRY4 (Prop_carry4_CI_CO[3])
                                                      0.117    10.861 r  u_fetch/req_left_reg[15]_i_1/CO[3]
                         net (fo=1, routed)           0.000    10.861    u_fetch/req_left_reg[15]_i_1_n_0
    SLICE_X32Y26         CARRY4 (Prop_carry4_CI_CO[3])
                                                      0.117    10.978 r  u_fetch/req_left_reg[19]_i_1/CO[3]
                         net (fo=1, routed)           0.000    10.978    u_fetch/req_left_reg[19]_i_1_n_0
    SLICE_X32Y27         CARRY4 (Prop_carry4_CI_CO[3])
                                                      0.117    11.095 r  u_fetch/req_left_reg[23]_i_1/CO[3]
                         net (fo=1, routed)           0.000    11.095    u_fetch/req_left_reg[23]_i_1_n_0
    SLICE_X32Y28         CARRY4 (Prop_carry4_CI_O[3])
                                                      0.315    11.410 r  u_fetch/req_left_reg[27]_i_1/O[3]
                         net (fo=1, routed)           0.000    11.410    u_fetch/req_left_reg[27]_i_1_n_4
    SLICE_X32Y28         FDCE                                         r  u_fetch/req_left_reg[27]/D
  -------------------------------------------------------------------    -------------------

                         (clock clk rise edge)        9.000     9.000 r  <hidden>
                                                      0.000     9.000 r  clk
                         net (fo=9807, unset)         1.483    10.483    u_fetch/clk
    SLICE_X32Y28         FDCE                                         r  u_fetch/req_left_reg[27]/C
                         clock pessimism              0.115    10.598    <hidden>
                         clock uncertainty           -0.035    10.563    <hidden>
    SLICE_X32Y28         FDCE (Setup_fdce_C_D)        0.109    10.672    u_fetch/req_left_reg[27]
  -------------------------------------------------------------------
                         required time                         10.672    <hidden>
                         arrival time                         -11.410    <hidden>
  -------------------------------------------------------------------
                         slack                                 -0.739    <hidden>

Slack (VIOLATED) :        -0.667ns  (required time - arrival time)
  Source:                 u_fetch/req_left_reg[5]/C
                            (rising edge-triggered cell FDCE clocked by clk  {rise@0.000ns fall@4.500ns period=9.000ns})
  Destination:            u_fetch/req_addr_reg[31]/D
                            (rising edge-triggered cell FDCE clocked by clk  {rise@0.000ns fall@4.500ns period=9.000ns})
  Path Group:             clk
  Path Type:              Setup (Max at Slow Process Corner)
  Requirement:            9.000ns  (clk rise@9.000ns - clk rise@0.000ns)
  Data Path Delay:        9.641ns  (logic 4.285ns (44.444%)  route 5.356ns (55.556%))
  Logic Levels:           20  (CARRY4=10 LUT3=1 LUT4=2 LUT5=2 LUT6=5)
  Clock Path Skew:        -0.052ns (DCD - SCD + CPR)
    Destination Clock Delay (DCD):    1.484ns = ( 10.484 - 9.000 ) 
    Source Clock Delay      (SCD):    1.651ns
    Clock Pessimism Removal (CPR):    0.115ns
  Clock Uncertainty:      0.035ns  ((TSJ^2 + TIJ^2)^1/2 + DJ) / 2 + PE
    Total System Jitter     (TSJ):    0.071ns
    Total Input Jitter      (TIJ):    0.000ns
    Discrete Jitter          (DJ):    0.000ns
    Phase Error              (PE):    0.000ns

    Location             Delay type                Incr(ns)  Path(ns)    Netlist Resource(s)
  -------------------------------------------------------------------    -------------------
                         (clock clk rise edge)        0.000     0.000 r  <hidden>
                                                      0.000     0.000 r  clk
                         net (fo=9807, unset)         1.651     1.651    u_fetch/clk
    SLICE_X32Y23         FDCE                                         r  u_fetch/req_left_reg[5]/C
  -------------------------------------------------------------------    -------------------
    SLICE_X32Y23         FDCE (Prop_fdce_C_Q)         0.518     2.169 f  u_fetch/req_left_reg[5]/Q
                         net (fo=2, routed)           0.803     2.972    u_fetch/req_left_reg_n_0_[5]
    SLICE_X31Y23         LUT4 (Prop_lut4_I1_O)        0.124     3.096 f  u_fetch/m_axi_arlen[2]_i_8/O
                         net (fo=2, routed)           0.487     3.583    u_fetch/m_axi_arlen[2]_i_8_n_0
    SLICE_X30Y23         LUT5 (Prop_lut5_I4_O)        0.124     3.707 f  u_fetch/m_axi_arlen[2]_i_4/O
                         net (fo=9, routed)           0.443     4.150    u_fetch/m_axi_arlen[2]_i_4_n_0
    SLICE_X28Y23         LUT6 (Prop_lut6_I3_O)        0.124     4.274 r  u_fetch/m_axi_arlen[3]_i_2_replica_comp_1/O
                         net (fo=4, routed)           0.416     4.690    u_fetch/m_axi_arlen[3]_i_2_n_0_repN
    SLICE_X29Y23         LUT5 (Prop_lut5_I1_O)        0.124     4.814 r  u_fetch/m_axi_arlen[3]_i_10/O
                         net (fo=1, routed)           0.000     4.814    u_fetch/m_axi_arlen[3]_i_10_n_0
    SLICE_X29Y23         CARRY4 (Prop_carry4_S[1]_CO[3])
                                                      0.550     5.364 r  u_fetch/m_axi_arlen_reg[3]_i_4/CO[3]
                         net (fo=1, routed)           0.000     5.364    u_fetch/m_axi_arlen_reg[3]_i_4_n_0
    SLICE_X29Y24         CARRY4 (Prop_carry4_CI_CO[0])
                                                      0.271     5.635 r  u_fetch/m_axi_arlen_reg[3]_i_3/CO[0]
                         net (fo=11, routed)          0.437     6.072    u_fetch/m_axi_arlen_reg[3]_i_3_n_3
    SLICE_X30Y25         LUT6 (Prop_lut6_I1_O)        0.373     6.445 r  u_fetch/m_axi_arlen[2]_i_1/O
                         net (fo=2, routed)           0.702     7.146    u_fetch/m_axi_arlen0[2]
    SLICE_X30Y25         LUT6 (Prop_lut6_I1_O)        0.124     7.270 r  u_fetch/m_axi_arvalid_i_13/O
                         net (fo=1, routed)           0.495     7.765    u_fetch/m_axi_arvalid_i_13_n_0
    SLICE_X31Y25         LUT6 (Prop_lut6_I1_O)        0.124     7.889 r  u_fetch/m_axi_arvalid_i_5/O
                         net (fo=1, routed)           0.430     8.320    u_fetch/m_axi_arvalid_i_5_n_0
    SLICE_X31Y24         LUT6 (Prop_lut6_I4_O)        0.124     8.444 f  u_fetch/m_axi_arvalid_i_2/O
                         net (fo=4, routed)           0.299     8.743    u_fetch/m_axi_arvalid_i_2_n_0
    SLICE_X31Y24         LUT3 (Prop_lut3_I0_O)        0.124     8.867 r  u_fetch/m_axi_araddr[31]_i_2/O
                         net (fo=141, routed)         0.836     9.702    u_fetch/can_issue
    SLICE_X33Y23         LUT4 (Prop_lut4_I2_O)        0.124     9.826 r  u_fetch/req_addr[6]_i_7/O
                         net (fo=1, routed)           0.000     9.826    u_fetch/req_addr[6]_i_7_n_0
    SLICE_X33Y23         CARRY4 (Prop_carry4_S[1]_CO[3])
                                                      0.550    10.376 r  u_fetch/req_addr_reg[6]_i_1/CO[3]
                         net (fo=1, routed)           0.000    10.376    u_fetch/req_addr_reg[6]_i_1_n_0
    SLICE_X33Y24         CARRY4 (Prop_carry4_CI_CO[3])
                                                      0.114    10.490 r  u_fetch/req_addr_reg[10]_i_1/CO[3]
                         net (fo=1, routed)           0.009    10.499    u_fetch/req_addr_reg[10]_i_1_n_0
    SLICE_X33Y25         CARRY4 (Prop_carry4_CI_CO[3])
                                                      0.114    10.613 r  u_fetch/req_addr_reg[14]_i_1/CO[3]
                         net (fo=1, routed)           0.000    10.613    u_fetch/req_addr_reg[14]_i_1_n_0
    SLICE_X33Y26         CARRY4 (Prop_carry4_CI_CO[3])
                                                      0.114    10.727 r  u_fetch/req_addr_reg[18]_i_1/CO[3]
                         net (fo=1, routed)           0.000    10.727    u_fetch/req_addr_reg[18]_i_1_n_0
    SLICE_X33Y27         CARRY4 (Prop_carry4_CI_CO[3])
                                                      0.114    10.841 r  u_fetch/req_addr_reg[22]_i_1/CO[3]
                         net (fo=1, routed)           0.000    10.841    u_fetch/req_addr_reg[22]_i_1_n_0
    SLICE_X33Y28         CARRY4 (Prop_carry4_CI_CO[3])
                                                      0.114    10.955 r  u_fetch/req_addr_reg[26]_i_1/CO[3]
                         net (fo=1, routed)           0.000    10.955    u_fetch/req_addr_reg[26]_i_1_n_0
    SLICE_X33Y29         CARRY4 (Prop_carry4_CI_CO[3])
                                                      0.114    11.069 r  u_fetch/req_addr_reg[30]_i_1/CO[3]
                         net (fo=1, routed)           0.000    11.069    u_fetch/req_addr_reg[30]_i_1_n_0
    SLICE_X33Y30         CARRY4 (Prop_carry4_CI_O[0])
                                                      0.223    11.292 r  u_fetch/req_addr_reg[31]_i_1/O[0]
                         net (fo=1, routed)           0.000    11.292    u_fetch/req_addr_reg[31]_i_1_n_7
    SLICE_X33Y30         FDCE                                         r  u_fetch/req_addr_reg[31]/D
  -------------------------------------------------------------------    -------------------

                         (clock clk rise edge)        9.000     9.000 r  <hidden>
                                                      0.000     9.000 r  clk
                         net (fo=9807, unset)         1.484    10.484    u_fetch/clk
    SLICE_X33Y30         FDCE                                         r  u_fetch/req_addr_reg[31]/C
                         clock pessimism              0.115    10.599    <hidden>
                         clock uncertainty           -0.035    10.564    <hidden>
    SLICE_X33Y30         FDCE (Setup_fdce_C_D)        0.062    10.626    u_fetch/req_addr_reg[31]
  -------------------------------------------------------------------
                         required time                         10.626    <hidden>
                         arrival time                         -11.292    <hidden>
  -------------------------------------------------------------------
                         slack                                 -0.667    <hidden>

Slack (VIOLATED) :        -0.664ns  (required time - arrival time)
  Source:                 u_fetch/req_left_reg[5]/C
                            (rising edge-triggered cell FDCE clocked by clk  {rise@0.000ns fall@4.500ns period=9.000ns})
  Destination:            u_fetch/req_addr_reg[28]/D
                            (rising edge-triggered cell FDCE clocked by clk  {rise@0.000ns fall@4.500ns period=9.000ns})
  Path Group:             clk
  Path Type:              Setup (Max at Slow Process Corner)
  Requirement:            9.000ns  (clk rise@9.000ns - clk rise@0.000ns)
  Data Path Delay:        9.638ns  (logic 4.282ns (44.427%)  route 5.356ns (55.573%))
  Logic Levels:           19  (CARRY4=9 LUT3=1 LUT4=2 LUT5=2 LUT6=5)
  Clock Path Skew:        -0.052ns (DCD - SCD + CPR)
    Destination Clock Delay (DCD):    1.484ns = ( 10.484 - 9.000 ) 
    Source Clock Delay      (SCD):    1.651ns
    Clock Pessimism Removal (CPR):    0.115ns
  Clock Uncertainty:      0.035ns  ((TSJ^2 + TIJ^2)^1/2 + DJ) / 2 + PE
    Total System Jitter     (TSJ):    0.071ns
    Total Input Jitter      (TIJ):    0.000ns
    Discrete Jitter          (DJ):    0.000ns
    Phase Error              (PE):    0.000ns

    Location             Delay type                Incr(ns)  Path(ns)    Netlist Resource(s)
  -------------------------------------------------------------------    -------------------
                         (clock clk rise edge)        0.000     0.000 r  <hidden>
                                                      0.000     0.000 r  clk
                         net (fo=9807, unset)         1.651     1.651    u_fetch/clk
    SLICE_X32Y23         FDCE                                         r  u_fetch/req_left_reg[5]/C
  -------------------------------------------------------------------    -------------------
    SLICE_X32Y23         FDCE (Prop_fdce_C_Q)         0.518     2.169 f  u_fetch/req_left_reg[5]/Q
                         net (fo=2, routed)           0.803     2.972    u_fetch/req_left_reg_n_0_[5]
    SLICE_X31Y23         LUT4 (Prop_lut4_I1_O)        0.124     3.096 f  u_fetch/m_axi_arlen[2]_i_8/O
                         net (fo=2, routed)           0.487     3.583    u_fetch/m_axi_arlen[2]_i_8_n_0
    SLICE_X30Y23         LUT5 (Prop_lut5_I4_O)        0.124     3.707 f  u_fetch/m_axi_arlen[2]_i_4/O
                         net (fo=9, routed)           0.443     4.150    u_fetch/m_axi_arlen[2]_i_4_n_0
    SLICE_X28Y23         LUT6 (Prop_lut6_I3_O)        0.124     4.274 r  u_fetch/m_axi_arlen[3]_i_2_replica_comp_1/O
                         net (fo=4, routed)           0.416     4.690    u_fetch/m_axi_arlen[3]_i_2_n_0_repN
    SLICE_X29Y23         LUT5 (Prop_lut5_I1_O)        0.124     4.814 r  u_fetch/m_axi_arlen[3]_i_10/O
                         net (fo=1, routed)           0.000     4.814    u_fetch/m_axi_arlen[3]_i_10_n_0
    SLICE_X29Y23         CARRY4 (Prop_carry4_S[1]_CO[3])
                                                      0.550     5.364 r  u_fetch/m_axi_arlen_reg[3]_i_4/CO[3]
                         net (fo=1, routed)           0.000     5.364    u_fetch/m_axi_arlen_reg[3]_i_4_n_0
    SLICE_X29Y24         CARRY4 (Prop_carry4_CI_CO[0])
                                                      0.271     5.635 r  u_fetch/m_axi_arlen_reg[3]_i_3/CO[0]
                         net (fo=11, routed)          0.437     6.072    u_fetch/m_axi_arlen_reg[3]_i_3_n_3
    SLICE_X30Y25         LUT6 (Prop_lut6_I1_O)        0.373     6.445 r  u_fetch/m_axi_arlen[2]_i_1/O
                         net (fo=2, routed)           0.702     7.146    u_fetch/m_axi_arlen0[2]
    SLICE_X30Y25         LUT6 (Prop_lut6_I1_O)        0.124     7.270 r  u_fetch/m_axi_arvalid_i_13/O
                         net (fo=1, routed)           0.495     7.765    u_fetch/m_axi_arvalid_i_13_n_0
    SLICE_X31Y25         LUT6 (Prop_lut6_I1_O)        0.124     7.889 r  u_fetch/m_axi_arvalid_i_5/O
                         net (fo=1, routed)           0.430     8.320    u_fetch/m_axi_arvalid_i_5_n_0
    SLICE_X31Y24         LUT6 (Prop_lut6_I4_O)        0.124     8.444 f  u_fetch/m_axi_arvalid_i_2/O
                         net (fo=4, routed)           0.299     8.743    u_fetch/m_axi_arvalid_i_2_n_0
    SLICE_X31Y24         LUT3 (Prop_lut3_I0_O)        0.124     8.867 r  u_fetch/m_axi_araddr[31]_i_2/O
                         net (fo=141, routed)         0.836     9.702    u_fetch/can_issue
    SLICE_X33Y23         LUT4 (Prop_lut4_I2_O)        0.124     9.826 r  u_fetch/req_addr[6]_i_7/O
                         net (fo=1, routed)           0.000     9.826    u_fetch/req_addr[6]_i_7_n_0
    SLICE_X33Y23         CARRY4 (Prop_carry4_S[1]_CO[3])
                                                      0.550    10.376 r  u_fetch/req_addr_reg[6]_i_1/CO[3]
                         net (fo=1, routed)           0.000    10.376    u_fetch/req_addr_reg[6]_i_1_n_0
    SLICE_X33Y24         CARRY4 (Prop_carry4_CI_CO[3])
                                                      0.114    10.490 r  u_fetch/req_addr_reg[10]_i_1/CO[3]
                         net (fo=1, routed)           0.009    10.499    u_fetch/req_addr_reg[10]_i_1_n_0
    SLICE_X33Y25         CARRY4 (Prop_carry4_CI_CO[3])
                                                      0.114    10.613 r  u_fetch/req_addr_reg[14]_i_1/CO[3]
                         net (fo=1, routed)           0.000    10.613    u_fetch/req_addr_reg[14]_i_1_n_0
    SLICE_X33Y26         CARRY4 (Prop_carry4_CI_CO[3])
                                                      0.114    10.727 r  u_fetch/req_addr_reg[18]_i_1/CO[3]
                         net (fo=1, routed)           0.000    10.727    u_fetch/req_addr_reg[18]_i_1_n_0
    SLICE_X33Y27         CARRY4 (Prop_carry4_CI_CO[3])
                                                      0.114    10.841 r  u_fetch/req_addr_reg[22]_i_1/CO[3]
                         net (fo=1, routed)           0.000    10.841    u_fetch/req_addr_reg[22]_i_1_n_0
    SLICE_X33Y28         CARRY4 (Prop_carry4_CI_CO[3])
                                                      0.114    10.955 r  u_fetch/req_addr_reg[26]_i_1/CO[3]
                         net (fo=1, routed)           0.000    10.955    u_fetch/req_addr_reg[26]_i_1_n_0
    SLICE_X33Y29         CARRY4 (Prop_carry4_CI_O[1])
                                                      0.334    11.289 r  u_fetch/req_addr_reg[30]_i_1/O[1]
                         net (fo=1, routed)           0.000    11.289    u_fetch/req_addr_reg[30]_i_1_n_6
    SLICE_X33Y29         FDCE                                         r  u_fetch/req_addr_reg[28]/D
  -------------------------------------------------------------------    -------------------

                         (clock clk rise edge)        9.000     9.000 r  <hidden>
                                                      0.000     9.000 r  clk
                         net (fo=9807, unset)         1.484    10.484    u_fetch/clk
    SLICE_X33Y29         FDCE                                         r  u_fetch/req_addr_reg[28]/C
                         clock pessimism              0.115    10.599    <hidden>
                         clock uncertainty           -0.035    10.564    <hidden>
    SLICE_X33Y29         FDCE (Setup_fdce_C_D)        0.062    10.626    u_fetch/req_addr_reg[28]
  -------------------------------------------------------------------
                         required time                         10.626    <hidden>
                         arrival time                         -11.289    <hidden>
  -------------------------------------------------------------------
                         slack                                 -0.664    <hidden>

Slack (VIOLATED) :        -0.663ns  (required time - arrival time)
  Source:                 u_fetch/req_left_reg[5]/C
                            (rising edge-triggered cell FDCE clocked by clk  {rise@0.000ns fall@4.500ns period=9.000ns})
  Destination:            u_fetch/req_left_reg[26]/D
                            (rising edge-triggered cell FDCE clocked by clk  {rise@0.000ns fall@4.500ns period=9.000ns})
  Path Group:             clk
  Path Type:              Setup (Max at Slow Process Corner)
  Requirement:            9.000ns  (clk rise@9.000ns - clk rise@0.000ns)
  Data Path Delay:        9.683ns  (logic 4.185ns (43.219%)  route 5.498ns (56.781%))
  Logic Levels:           19  (CARRY4=9 LUT3=1 LUT4=2 LUT5=2 LUT6=5)
  Clock Path Skew:        -0.053ns (DCD - SCD + CPR)
    Destination Clock Delay (DCD):    1.483ns = ( 10.483 - 9.000 ) 
    Source Clock Delay      (SCD):    1.651ns
    Clock Pessimism Removal (CPR):    0.115ns
  Clock Uncertainty:      0.035ns  ((TSJ^2 + TIJ^2)^1/2 + DJ) / 2 + PE
    Total System Jitter     (TSJ):    0.071ns
    Total Input Jitter      (TIJ):    0.000ns
    Discrete Jitter          (DJ):    0.000ns
    Phase Error              (PE):    0.000ns

    Location             Delay type                Incr(ns)  Path(ns)    Netlist Resource(s)
  -------------------------------------------------------------------    -------------------
                         (clock clk rise edge)        0.000     0.000 r  <hidden>
                                                      0.000     0.000 r  clk
                         net (fo=9807, unset)         1.651     1.651    u_fetch/clk
    SLICE_X32Y23         FDCE                                         r  u_fetch/req_left_reg[5]/C
  -------------------------------------------------------------------    -------------------
    SLICE_X32Y23         FDCE (Prop_fdce_C_Q)         0.518     2.169 f  u_fetch/req_left_reg[5]/Q
                         net (fo=2, routed)           0.803     2.972    u_fetch/req_left_reg_n_0_[5]
    SLICE_X31Y23         LUT4 (Prop_lut4_I1_O)        0.124     3.096 f  u_fetch/m_axi_arlen[2]_i_8/O
                         net (fo=2, routed)           0.487     3.583    u_fetch/m_axi_arlen[2]_i_8_n_0
    SLICE_X30Y23         LUT5 (Prop_lut5_I4_O)        0.124     3.707 f  u_fetch/m_axi_arlen[2]_i_4/O
                         net (fo=9, routed)           0.443     4.150    u_fetch/m_axi_arlen[2]_i_4_n_0
    SLICE_X28Y23         LUT6 (Prop_lut6_I3_O)        0.124     4.274 r  u_fetch/m_axi_arlen[3]_i_2_replica_comp_1/O
                         net (fo=4, routed)           0.416     4.690    u_fetch/m_axi_arlen[3]_i_2_n_0_repN
    SLICE_X29Y23         LUT5 (Prop_lut5_I1_O)        0.124     4.814 r  u_fetch/m_axi_arlen[3]_i_10/O
                         net (fo=1, routed)           0.000     4.814    u_fetch/m_axi_arlen[3]_i_10_n_0
    SLICE_X29Y23         CARRY4 (Prop_carry4_S[1]_CO[3])
                                                      0.550     5.364 r  u_fetch/m_axi_arlen_reg[3]_i_4/CO[3]
                         net (fo=1, routed)           0.000     5.364    u_fetch/m_axi_arlen_reg[3]_i_4_n_0
    SLICE_X29Y24         CARRY4 (Prop_carry4_CI_CO[0])
                                                      0.271     5.635 r  u_fetch/m_axi_arlen_reg[3]_i_3/CO[0]
                         net (fo=11, routed)          0.437     6.072    u_fetch/m_axi_arlen_reg[3]_i_3_n_3
    SLICE_X30Y25         LUT6 (Prop_lut6_I1_O)        0.373     6.445 r  u_fetch/m_axi_arlen[2]_i_1/O
                         net (fo=2, routed)           0.702     7.146    u_fetch/m_axi_arlen0[2]
    SLICE_X30Y25         LUT6 (Prop_lut6_I1_O)        0.124     7.270 r  u_fetch/m_axi_arvalid_i_13/O
                         net (fo=1, routed)           0.495     7.765    u_fetch/m_axi_arvalid_i_13_n_0
    SLICE_X31Y25         LUT6 (Prop_lut6_I1_O)        0.124     7.889 r  u_fetch/m_axi_arvalid_i_5/O
                         net (fo=1, routed)           0.430     8.320    u_fetch/m_axi_arvalid_i_5_n_0
    SLICE_X31Y24         LUT6 (Prop_lut6_I4_O)        0.124     8.444 f  u_fetch/m_axi_arvalid_i_2/O
                         net (fo=4, routed)           0.299     8.743    u_fetch/m_axi_arvalid_i_2_n_0
    SLICE_X31Y24         LUT3 (Prop_lut3_I0_O)        0.124     8.867 r  u_fetch/m_axi_araddr[31]_i_2/O
                         net (fo=141, routed)         0.978     9.844    u_fetch/can_issue
    SLICE_X32Y22         LUT4 (Prop_lut4_I2_O)        0.124     9.968 r  u_fetch/req_left[3]_i_8/O
                         net (fo=1, routed)           0.000     9.968    u_fetch/req_left[3]_i_8_n_0
    SLICE_X32Y22         CARRY4 (Prop_carry4_S[1]_CO[3])
                                                      0.533    10.501 r  u_fetch/req_left_reg[3]_i_1/CO[3]
                         net (fo=1, routed)           0.000    10.501    u_fetch/req_left_reg[3]_i_1_n_0
    SLICE_X32Y23         CARRY4 (Prop_carry4_CI_CO[3])
                                                      0.117    10.618 r  u_fetch/req_left_reg[7]_i_1/CO[3]
                         net (fo=1, routed)           0.000    10.618    u_fetch/req_left_reg[7]_i_1_n_0
    SLICE_X32Y24         CARRY4 (Prop_carry4_CI_CO[3])
                                                      0.117    10.735 r  u_fetch/req_left_reg[11]_i_1/CO[3]
                         net (fo=1, routed)           0.009    10.744    u_fetch/req_left_reg[11]_i_1_n_0
    SLICE_X32Y25         CARRY4 (Prop_carry4_CI_CO[3])
                                                      0.117    10.861 r  u_fetch/req_left_reg[15]_i_1/CO[3]
                         net (fo=1, routed)           0.000    10.861    u_fetch/req_left_reg[15]_i_1_n_0
    SLICE_X32Y26         CARRY4 (Prop_carry4_CI_CO[3])
                                                      0.117    10.978 r  u_fetch/req_left_reg[19]_i_1/CO[3]
                         net (fo=1, routed)           0.000    10.978    u_fetch/req_left_reg[19]_i_1_n_0
    SLICE_X32Y27         CARRY4 (Prop_carry4_CI_CO[3])
                                                      0.117    11.095 r  u_fetch/req_left_reg[23]_i_1/CO[3]
                         net (fo=1, routed)           0.000    11.095    u_fetch/req_left_reg[23]_i_1_n_0
    SLICE_X32Y28         CARRY4 (Prop_carry4_CI_O[2])
                                                      0.239    11.334 r  u_fetch/req_left_reg[27]_i_1/O[2]
                         net (fo=1, routed)           0.000    11.334    u_fetch/req_left_reg[27]_i_1_n_5
    SLICE_X32Y28         FDCE                                         r  u_fetch/req_left_reg[26]/D
  -------------------------------------------------------------------    -------------------

                         (clock clk rise edge)        9.000     9.000 r  <hidden>
                                                      0.000     9.000 r  clk
                         net (fo=9807, unset)         1.483    10.483    u_fetch/clk
    SLICE_X32Y28         FDCE                                         r  u_fetch/req_left_reg[26]/C
                         clock pessimism              0.115    10.598    <hidden>
                         clock uncertainty           -0.035    10.563    <hidden>
    SLICE_X32Y28         FDCE (Setup_fdce_C_D)        0.109    10.672    u_fetch/req_left_reg[26]
  -------------------------------------------------------------------
                         required time                         10.672    <hidden>
                         arrival time                         -11.334    <hidden>
  -------------------------------------------------------------------
                         slack                                 -0.663    <hidden>

Slack (VIOLATED) :        -0.643ns  (required time - arrival time)
  Source:                 u_fetch/req_left_reg[5]/C
                            (rising edge-triggered cell FDCE clocked by clk  {rise@0.000ns fall@4.500ns period=9.000ns})
  Destination:            u_fetch/req_addr_reg[30]/D
                            (rising edge-triggered cell FDCE clocked by clk  {rise@0.000ns fall@4.500ns period=9.000ns})
  Path Group:             clk
  Path Type:              Setup (Max at Slow Process Corner)
  Requirement:            9.000ns  (clk rise@9.000ns - clk rise@0.000ns)
  Data Path Delay:        9.617ns  (logic 4.261ns (44.305%)  route 5.356ns (55.695%))
  Logic Levels:           19  (CARRY4=9 LUT3=1 LUT4=2 LUT5=2 LUT6=5)
  Clock Path Skew:        -0.052ns (DCD - SCD + CPR)
    Destination Clock Delay (DCD):    1.484ns = ( 10.484 - 9.000 ) 
    Source Clock Delay      (SCD):    1.651ns
    Clock Pessimism Removal (CPR):    0.115ns
  Clock Uncertainty:      0.035ns  ((TSJ^2 + TIJ^2)^1/2 + DJ) / 2 + PE
    Total System Jitter     (TSJ):    0.071ns
    Total Input Jitter      (TIJ):    0.000ns
    Discrete Jitter          (DJ):    0.000ns
    Phase Error              (PE):    0.000ns

    Location             Delay type                Incr(ns)  Path(ns)    Netlist Resource(s)
  -------------------------------------------------------------------    -------------------
                         (clock clk rise edge)        0.000     0.000 r  <hidden>
                                                      0.000     0.000 r  clk
                         net (fo=9807, unset)         1.651     1.651    u_fetch/clk
    SLICE_X32Y23         FDCE                                         r  u_fetch/req_left_reg[5]/C
  -------------------------------------------------------------------    -------------------
    SLICE_X32Y23         FDCE (Prop_fdce_C_Q)         0.518     2.169 f  u_fetch/req_left_reg[5]/Q
                         net (fo=2, routed)           0.803     2.972    u_fetch/req_left_reg_n_0_[5]
    SLICE_X31Y23         LUT4 (Prop_lut4_I1_O)        0.124     3.096 f  u_fetch/m_axi_arlen[2]_i_8/O
                         net (fo=2, routed)           0.487     3.583    u_fetch/m_axi_arlen[2]_i_8_n_0
    SLICE_X30Y23         LUT5 (Prop_lut5_I4_O)        0.124     3.707 f  u_fetch/m_axi_arlen[2]_i_4/O
                         net (fo=9, routed)           0.443     4.150    u_fetch/m_axi_arlen[2]_i_4_n_0
    SLICE_X28Y23         LUT6 (Prop_lut6_I3_O)        0.124     4.274 r  u_fetch/m_axi_arlen[3]_i_2_replica_comp_1/O
                         net (fo=4, routed)           0.416     4.690    u_fetch/m_axi_arlen[3]_i_2_n_0_repN
    SLICE_X29Y23         LUT5 (Prop_lut5_I1_O)        0.124     4.814 r  u_fetch/m_axi_arlen[3]_i_10/O
                         net (fo=1, routed)           0.000     4.814    u_fetch/m_axi_arlen[3]_i_10_n_0
    SLICE_X29Y23         CARRY4 (Prop_carry4_S[1]_CO[3])
                                                      0.550     5.364 r  u_fetch/m_axi_arlen_reg[3]_i_4/CO[3]
                         net (fo=1, routed)           0.000     5.364    u_fetch/m_axi_arlen_reg[3]_i_4_n_0
    SLICE_X29Y24         CARRY4 (Prop_carry4_CI_CO[0])
                                                      0.271     5.635 r  u_fetch/m_axi_arlen_reg[3]_i_3/CO[0]
                         net (fo=11, routed)          0.437     6.072    u_fetch/m_axi_arlen_reg[3]_i_3_n_3
    SLICE_X30Y25         LUT6 (Prop_lut6_I1_O)        0.373     6.445 r  u_fetch/m_axi_arlen[2]_i_1/O
                         net (fo=2, routed)           0.702     7.146    u_fetch/m_axi_arlen0[2]
    SLICE_X30Y25         LUT6 (Prop_lut6_I1_O)        0.124     7.270 r  u_fetch/m_axi_arvalid_i_13/O
                         net (fo=1, routed)           0.495     7.765    u_fetch/m_axi_arvalid_i_13_n_0
    SLICE_X31Y25         LUT6 (Prop_lut6_I1_O)        0.124     7.889 r  u_fetch/m_axi_arvalid_i_5/O
                         net (fo=1, routed)           0.430     8.320    u_fetch/m_axi_arvalid_i_5_n_0
    SLICE_X31Y24         LUT6 (Prop_lut6_I4_O)        0.124     8.444 f  u_fetch/m_axi_arvalid_i_2/O
                         net (fo=4, routed)           0.299     8.743    u_fetch/m_axi_arvalid_i_2_n_0
    SLICE_X31Y24         LUT3 (Prop_lut3_I0_O)        0.124     8.867 r  u_fetch/m_axi_araddr[31]_i_2/O
                         net (fo=141, routed)         0.836     9.702    u_fetch/can_issue
    SLICE_X33Y23         LUT4 (Prop_lut4_I2_O)        0.124     9.826 r  u_fetch/req_addr[6]_i_7/O
                         net (fo=1, routed)           0.000     9.826    u_fetch/req_addr[6]_i_7_n_0
    SLICE_X33Y23         CARRY4 (Prop_carry4_S[1]_CO[3])
                                                      0.550    10.376 r  u_fetch/req_addr_reg[6]_i_1/CO[3]
                         net (fo=1, routed)           0.000    10.376    u_fetch/req_addr_reg[6]_i_1_n_0
    SLICE_X33Y24         CARRY4 (Prop_carry4_CI_CO[3])
                                                      0.114    10.490 r  u_fetch/req_addr_reg[10]_i_1/CO[3]
                         net (fo=1, routed)           0.009    10.499    u_fetch/req_addr_reg[10]_i_1_n_0
    SLICE_X33Y25         CARRY4 (Prop_carry4_CI_CO[3])
                                                      0.114    10.613 r  u_fetch/req_addr_reg[14]_i_1/CO[3]
                         net (fo=1, routed)           0.000    10.613    u_fetch/req_addr_reg[14]_i_1_n_0
    SLICE_X33Y26         CARRY4 (Prop_carry4_CI_CO[3])
                                                      0.114    10.727 r  u_fetch/req_addr_reg[18]_i_1/CO[3]
                         net (fo=1, routed)           0.000    10.727    u_fetch/req_addr_reg[18]_i_1_n_0
    SLICE_X33Y27         CARRY4 (Prop_carry4_CI_CO[3])
                                                      0.114    10.841 r  u_fetch/req_addr_reg[22]_i_1/CO[3]
                         net (fo=1, routed)           0.000    10.841    u_fetch/req_addr_reg[22]_i_1_n_0
    SLICE_X33Y28         CARRY4 (Prop_carry4_CI_CO[3])
                                                      0.114    10.955 r  u_fetch/req_addr_reg[26]_i_1/CO[3]
                         net (fo=1, routed)           0.000    10.955    u_fetch/req_addr_reg[26]_i_1_n_0
    SLICE_X33Y29         CARRY4 (Prop_carry4_CI_O[3])
                                                      0.313    11.268 r  u_fetch/req_addr_reg[30]_i_1/O[3]
                         net (fo=1, routed)           0.000    11.268    u_fetch/req_addr_reg[30]_i_1_n_4
    SLICE_X33Y29         FDCE                                         r  u_fetch/req_addr_reg[30]/D
  -------------------------------------------------------------------    -------------------

                         (clock clk rise edge)        9.000     9.000 r  <hidden>
                                                      0.000     9.000 r  clk
                         net (fo=9807, unset)         1.484    10.484    u_fetch/clk
    SLICE_X33Y29         FDCE                                         r  u_fetch/req_addr_reg[30]/C
                         clock pessimism              0.115    10.599    <hidden>
                         clock uncertainty           -0.035    10.564    <hidden>
    SLICE_X33Y29         FDCE (Setup_fdce_C_D)        0.062    10.626    u_fetch/req_addr_reg[30]
  -------------------------------------------------------------------
                         required time                         10.626    <hidden>
                         arrival time                         -11.268    <hidden>
  -------------------------------------------------------------------
                         slack                                 -0.643    <hidden>

Slack (VIOLATED) :        -0.643ns  (required time - arrival time)
  Source:                 u_fetch/req_left_reg[5]/C
                            (rising edge-triggered cell FDCE clocked by clk  {rise@0.000ns fall@4.500ns period=9.000ns})
  Destination:            u_fetch/req_left_reg[24]/D
                            (rising edge-triggered cell FDCE clocked by clk  {rise@0.000ns fall@4.500ns period=9.000ns})
  Path Group:             clk
  Path Type:              Setup (Max at Slow Process Corner)
  Requirement:            9.000ns  (clk rise@9.000ns - clk rise@0.000ns)
  Data Path Delay:        9.663ns  (logic 4.165ns (43.101%)  route 5.498ns (56.899%))
  Logic Levels:           19  (CARRY4=9 LUT3=1 LUT4=2 LUT5=2 LUT6=5)
  Clock Path Skew:        -0.053ns (DCD - SCD + CPR)
    Destination Clock Delay (DCD):    1.483ns = ( 10.483 - 9.000 ) 
    Source Clock Delay      (SCD):    1.651ns
    Clock Pessimism Removal (CPR):    0.115ns
  Clock Uncertainty:      0.035ns  ((TSJ^2 + TIJ^2)^1/2 + DJ) / 2 + PE
    Total System Jitter     (TSJ):    0.071ns
    Total Input Jitter      (TIJ):    0.000ns
    Discrete Jitter          (DJ):    0.000ns
    Phase Error              (PE):    0.000ns

    Location             Delay type                Incr(ns)  Path(ns)    Netlist Resource(s)
  -------------------------------------------------------------------    -------------------
                         (clock clk rise edge)        0.000     0.000 r  <hidden>
                                                      0.000     0.000 r  clk
                         net (fo=9807, unset)         1.651     1.651    u_fetch/clk
    SLICE_X32Y23         FDCE                                         r  u_fetch/req_left_reg[5]/C
  -------------------------------------------------------------------    -------------------
    SLICE_X32Y23         FDCE (Prop_fdce_C_Q)         0.518     2.169 f  u_fetch/req_left_reg[5]/Q
                         net (fo=2, routed)           0.803     2.972    u_fetch/req_left_reg_n_0_[5]
    SLICE_X31Y23         LUT4 (Prop_lut4_I1_O)        0.124     3.096 f  u_fetch/m_axi_arlen[2]_i_8/O
                         net (fo=2, routed)           0.487     3.583    u_fetch/m_axi_arlen[2]_i_8_n_0
    SLICE_X30Y23         LUT5 (Prop_lut5_I4_O)        0.124     3.707 f  u_fetch/m_axi_arlen[2]_i_4/O
                         net (fo=9, routed)           0.443     4.150    u_fetch/m_axi_arlen[2]_i_4_n_0
    SLICE_X28Y23         LUT6 (Prop_lut6_I3_O)        0.124     4.274 r  u_fetch/m_axi_arlen[3]_i_2_replica_comp_1/O
                         net (fo=4, routed)           0.416     4.690    u_fetch/m_axi_arlen[3]_i_2_n_0_repN
    SLICE_X29Y23         LUT5 (Prop_lut5_I1_O)        0.124     4.814 r  u_fetch/m_axi_arlen[3]_i_10/O
                         net (fo=1, routed)           0.000     4.814    u_fetch/m_axi_arlen[3]_i_10_n_0
    SLICE_X29Y23         CARRY4 (Prop_carry4_S[1]_CO[3])
                                                      0.550     5.364 r  u_fetch/m_axi_arlen_reg[3]_i_4/CO[3]
                         net (fo=1, routed)           0.000     5.364    u_fetch/m_axi_arlen_reg[3]_i_4_n_0
    SLICE_X29Y24         CARRY4 (Prop_carry4_CI_CO[0])
                                                      0.271     5.635 r  u_fetch/m_axi_arlen_reg[3]_i_3/CO[0]
                         net (fo=11, routed)          0.437     6.072    u_fetch/m_axi_arlen_reg[3]_i_3_n_3
    SLICE_X30Y25         LUT6 (Prop_lut6_I1_O)        0.373     6.445 r  u_fetch/m_axi_arlen[2]_i_1/O
                         net (fo=2, routed)           0.702     7.146    u_fetch/m_axi_arlen0[2]
    SLICE_X30Y25         LUT6 (Prop_lut6_I1_O)        0.124     7.270 r  u_fetch/m_axi_arvalid_i_13/O
                         net (fo=1, routed)           0.495     7.765    u_fetch/m_axi_arvalid_i_13_n_0
    SLICE_X31Y25         LUT6 (Prop_lut6_I1_O)        0.124     7.889 r  u_fetch/m_axi_arvalid_i_5/O
                         net (fo=1, routed)           0.430     8.320    u_fetch/m_axi_arvalid_i_5_n_0
    SLICE_X31Y24         LUT6 (Prop_lut6_I4_O)        0.124     8.444 f  u_fetch/m_axi_arvalid_i_2/O
                         net (fo=4, routed)           0.299     8.743    u_fetch/m_axi_arvalid_i_2_n_0
    SLICE_X31Y24         LUT3 (Prop_lut3_I0_O)        0.124     8.867 r  u_fetch/m_axi_araddr[31]_i_2/O
                         net (fo=141, routed)         0.978     9.844    u_fetch/can_issue
    SLICE_X32Y22         LUT4 (Prop_lut4_I2_O)        0.124     9.968 r  u_fetch/req_left[3]_i_8/O
                         net (fo=1, routed)           0.000     9.968    u_fetch/req_left[3]_i_8_n_0
    SLICE_X32Y22         CARRY4 (Prop_carry4_S[1]_CO[3])
                                                      0.533    10.501 r  u_fetch/req_left_reg[3]_i_1/CO[3]
                         net (fo=1, routed)           0.000    10.501    u_fetch/req_left_reg[3]_i_1_n_0
    SLICE_X32Y23         CARRY4 (Prop_carry4_CI_CO[3])
                                                      0.117    10.618 r  u_fetch/req_left_reg[7]_i_1/CO[3]
                         net (fo=1, routed)           0.000    10.618    u_fetch/req_left_reg[7]_i_1_n_0
    SLICE_X32Y24         CARRY4 (Prop_carry4_CI_CO[3])
                                                      0.117    10.735 r  u_fetch/req_left_reg[11]_i_1/CO[3]
                         net (fo=1, routed)           0.009    10.744    u_fetch/req_left_reg[11]_i_1_n_0
    SLICE_X32Y25         CARRY4 (Prop_carry4_CI_CO[3])
                                                      0.117    10.861 r  u_fetch/req_left_reg[15]_i_1/CO[3]
                         net (fo=1, routed)           0.000    10.861    u_fetch/req_left_reg[15]_i_1_n_0
    SLICE_X32Y26         CARRY4 (Prop_carry4_CI_CO[3])
                                                      0.117    10.978 r  u_fetch/req_left_reg[19]_i_1/CO[3]
                         net (fo=1, routed)           0.000    10.978    u_fetch/req_left_reg[19]_i_1_n_0
    SLICE_X32Y27         CARRY4 (Prop_carry4_CI_CO[3])
                                                      0.117    11.095 r  u_fetch/req_left_reg[23]_i_1/CO[3]
                         net (fo=1, routed)           0.000    11.095    u_fetch/req_left_reg[23]_i_1_n_0
    SLICE_X32Y28         CARRY4 (Prop_carry4_CI_O[0])
                                                      0.219    11.314 r  u_fetch/req_left_reg[27]_i_1/O[0]
                         net (fo=1, routed)           0.000    11.314    u_fetch/req_left_reg[27]_i_1_n_7
    SLICE_X32Y28         FDCE                                         r  u_fetch/req_left_reg[24]/D
  -------------------------------------------------------------------    -------------------

                         (clock clk rise edge)        9.000     9.000 r  <hidden>
                                                      0.000     9.000 r  clk
                         net (fo=9807, unset)         1.483    10.483    u_fetch/clk
    SLICE_X32Y28         FDCE                                         r  u_fetch/req_left_reg[24]/C
                         clock pessimism              0.115    10.598    <hidden>
                         clock uncertainty           -0.035    10.563    <hidden>
    SLICE_X32Y28         FDCE (Setup_fdce_C_D)        0.109    10.672    u_fetch/req_left_reg[24]
  -------------------------------------------------------------------
                         required time                         10.672    <hidden>
                         arrival time                         -11.314    <hidden>
  -------------------------------------------------------------------
                         slack                                 -0.643    <hidden>

Slack (VIOLATED) :        -0.632ns  (required time - arrival time)
  Source:                 u_fetch/req_left_reg[5]/C
                            (rising edge-triggered cell FDCE clocked by clk  {rise@0.000ns fall@4.500ns period=9.000ns})
  Destination:            u_fetch/req_left_reg[21]/D
                            (rising edge-triggered cell FDCE clocked by clk  {rise@0.000ns fall@4.500ns period=9.000ns})
  Path Group:             clk
  Path Type:              Setup (Max at Slow Process Corner)
  Requirement:            9.000ns  (clk rise@9.000ns - clk rise@0.000ns)
  Data Path Delay:        9.650ns  (logic 4.152ns (43.024%)  route 5.498ns (56.976%))
  Logic Levels:           18  (CARRY4=8 LUT3=1 LUT4=2 LUT5=2 LUT6=5)
  Clock Path Skew:        -0.055ns (DCD - SCD + CPR)
    Destination Clock Delay (DCD):    1.481ns = ( 10.481 - 9.000 ) 
    Source Clock Delay      (SCD):    1.651ns
    Clock Pessimism Removal (CPR):    0.115ns
  Clock Uncertainty:      0.035ns  ((TSJ^2 + TIJ^2)^1/2 + DJ) / 2 + PE
    Total System Jitter     (TSJ):    0.071ns
    Total Input Jitter      (TIJ):    0.000ns
    Discrete Jitter          (DJ):    0.000ns
    Phase Error              (PE):    0.000ns

    Location             Delay type                Incr(ns)  Path(ns)    Netlist Resource(s)
  -------------------------------------------------------------------    -------------------
                         (clock clk rise edge)        0.000     0.000 r  <hidden>
                                                      0.000     0.000 r  clk
                         net (fo=9807, unset)         1.651     1.651    u_fetch/clk
    SLICE_X32Y23         FDCE                                         r  u_fetch/req_left_reg[5]/C
  -------------------------------------------------------------------    -------------------
    SLICE_X32Y23         FDCE (Prop_fdce_C_Q)         0.518     2.169 f  u_fetch/req_left_reg[5]/Q
                         net (fo=2, routed)           0.803     2.972    u_fetch/req_left_reg_n_0_[5]
    SLICE_X31Y23         LUT4 (Prop_lut4_I1_O)        0.124     3.096 f  u_fetch/m_axi_arlen[2]_i_8/O
                         net (fo=2, routed)           0.487     3.583    u_fetch/m_axi_arlen[2]_i_8_n_0
    SLICE_X30Y23         LUT5 (Prop_lut5_I4_O)        0.124     3.707 f  u_fetch/m_axi_arlen[2]_i_4/O
                         net (fo=9, routed)           0.443     4.150    u_fetch/m_axi_arlen[2]_i_4_n_0
    SLICE_X28Y23         LUT6 (Prop_lut6_I3_O)        0.124     4.274 r  u_fetch/m_axi_arlen[3]_i_2_replica_comp_1/O
                         net (fo=4, routed)           0.416     4.690    u_fetch/m_axi_arlen[3]_i_2_n_0_repN
    SLICE_X29Y23         LUT5 (Prop_lut5_I1_O)        0.124     4.814 r  u_fetch/m_axi_arlen[3]_i_10/O
                         net (fo=1, routed)           0.000     4.814    u_fetch/m_axi_arlen[3]_i_10_n_0
    SLICE_X29Y23         CARRY4 (Prop_carry4_S[1]_CO[3])
                                                      0.550     5.364 r  u_fetch/m_axi_arlen_reg[3]_i_4/CO[3]
                         net (fo=1, routed)           0.000     5.364    u_fetch/m_axi_arlen_reg[3]_i_4_n_0
    SLICE_X29Y24         CARRY4 (Prop_carry4_CI_CO[0])
                                                      0.271     5.635 r  u_fetch/m_axi_arlen_reg[3]_i_3/CO[0]
                         net (fo=11, routed)          0.437     6.072    u_fetch/m_axi_arlen_reg[3]_i_3_n_3
    SLICE_X30Y25         LUT6 (Prop_lut6_I1_O)        0.373     6.445 r  u_fetch/m_axi_arlen[2]_i_1/O
                         net (fo=2, routed)           0.702     7.146    u_fetch/m_axi_arlen0[2]
    SLICE_X30Y25         LUT6 (Prop_lut6_I1_O)        0.124     7.270 r  u_fetch/m_axi_arvalid_i_13/O
                         net (fo=1, routed)           0.495     7.765    u_fetch/m_axi_arvalid_i_13_n_0
    SLICE_X31Y25         LUT6 (Prop_lut6_I1_O)        0.124     7.889 r  u_fetch/m_axi_arvalid_i_5/O
                         net (fo=1, routed)           0.430     8.320    u_fetch/m_axi_arvalid_i_5_n_0
    SLICE_X31Y24         LUT6 (Prop_lut6_I4_O)        0.124     8.444 f  u_fetch/m_axi_arvalid_i_2/O
                         net (fo=4, routed)           0.299     8.743    u_fetch/m_axi_arvalid_i_2_n_0
    SLICE_X31Y24         LUT3 (Prop_lut3_I0_O)        0.124     8.867 r  u_fetch/m_axi_araddr[31]_i_2/O
                         net (fo=141, routed)         0.978     9.844    u_fetch/can_issue
    SLICE_X32Y22         LUT4 (Prop_lut4_I2_O)        0.124     9.968 r  u_fetch/req_left[3]_i_8/O
                         net (fo=1, routed)           0.000     9.968    u_fetch/req_left[3]_i_8_n_0
    SLICE_X32Y22         CARRY4 (Prop_carry4_S[1]_CO[3])
                                                      0.533    10.501 r  u_fetch/req_left_reg[3]_i_1/CO[3]
                         net (fo=1, routed)           0.000    10.501    u_fetch/req_left_reg[3]_i_1_n_0
    SLICE_X32Y23         CARRY4 (Prop_carry4_CI_CO[3])
                                                      0.117    10.618 r  u_fetch/req_left_reg[7]_i_1/CO[3]
                         net (fo=1, routed)           0.000    10.618    u_fetch/req_left_reg[7]_i_1_n_0
    SLICE_X32Y24         CARRY4 (Prop_carry4_CI_CO[3])
                                                      0.117    10.735 r  u_fetch/req_left_reg[11]_i_1/CO[3]
                         net (fo=1, routed)           0.009    10.744    u_fetch/req_left_reg[11]_i_1_n_0
    SLICE_X32Y25         CARRY4 (Prop_carry4_CI_CO[3])
                                                      0.117    10.861 r  u_fetch/req_left_reg[15]_i_1/CO[3]
                         net (fo=1, routed)           0.000    10.861    u_fetch/req_left_reg[15]_i_1_n_0
    SLICE_X32Y26         CARRY4 (Prop_carry4_CI_CO[3])
                                                      0.117    10.978 r  u_fetch/req_left_reg[19]_i_1/CO[3]
                         net (fo=1, routed)           0.000    10.978    u_fetch/req_left_reg[19]_i_1_n_0
    SLICE_X32Y27         CARRY4 (Prop_carry4_CI_O[1])
                                                      0.323    11.301 r  u_fetch/req_left_reg[23]_i_1/O[1]
                         net (fo=1, routed)           0.000    11.301    u_fetch/req_left_reg[23]_i_1_n_6
    SLICE_X32Y27         FDCE                                         r  u_fetch/req_left_reg[21]/D
  -------------------------------------------------------------------    -------------------

                         (clock clk rise edge)        9.000     9.000 r  <hidden>
                                                      0.000     9.000 r  clk
                         net (fo=9807, unset)         1.481    10.481    u_fetch/clk
    SLICE_X32Y27         FDCE                                         r  u_fetch/req_left_reg[21]/C
                         clock pessimism              0.115    10.596    <hidden>
                         clock uncertainty           -0.035    10.561    <hidden>
    SLICE_X32Y27         FDCE (Setup_fdce_C_D)        0.109    10.670    u_fetch/req_left_reg[21]
  -------------------------------------------------------------------
                         required time                         10.670    <hidden>
                         arrival time                         -11.301    <hidden>
  -------------------------------------------------------------------
                         slack                                 -0.632    <hidden>

Slack (VIOLATED) :        -0.624ns  (required time - arrival time)
  Source:                 u_fetch/req_left_reg[5]/C
                            (rising edge-triggered cell FDCE clocked by clk  {rise@0.000ns fall@4.500ns period=9.000ns})
  Destination:            u_fetch/req_left_reg[23]/D
                            (rising edge-triggered cell FDCE clocked by clk  {rise@0.000ns fall@4.500ns period=9.000ns})
  Path Group:             clk
  Path Type:              Setup (Max at Slow Process Corner)
  Requirement:            9.000ns  (clk rise@9.000ns - clk rise@0.000ns)
  Data Path Delay:        9.642ns  (logic 4.144ns (42.977%)  route 5.498ns (57.023%))
  Logic Levels:           18  (CARRY4=8 LUT3=1 LUT4=2 LUT5=2 LUT6=5)
  Clock Path Skew:        -0.055ns (DCD - SCD + CPR)
    Destination Clock Delay (DCD):    1.481ns = ( 10.481 - 9.000 ) 
    Source Clock Delay      (SCD):    1.651ns
    Clock Pessimism Removal (CPR):    0.115ns
  Clock Uncertainty:      0.035ns  ((TSJ^2 + TIJ^2)^1/2 + DJ) / 2 + PE
    Total System Jitter     (TSJ):    0.071ns
    Total Input Jitter      (TIJ):    0.000ns
    Discrete Jitter          (DJ):    0.000ns
    Phase Error              (PE):    0.000ns

    Location             Delay type                Incr(ns)  Path(ns)    Netlist Resource(s)
  -------------------------------------------------------------------    -------------------
                         (clock clk rise edge)        0.000     0.000 r  <hidden>
                                                      0.000     0.000 r  clk
                         net (fo=9807, unset)         1.651     1.651    u_fetch/clk
    SLICE_X32Y23         FDCE                                         r  u_fetch/req_left_reg[5]/C
  -------------------------------------------------------------------    -------------------
    SLICE_X32Y23         FDCE (Prop_fdce_C_Q)         0.518     2.169 f  u_fetch/req_left_reg[5]/Q
                         net (fo=2, routed)           0.803     2.972    u_fetch/req_left_reg_n_0_[5]
    SLICE_X31Y23         LUT4 (Prop_lut4_I1_O)        0.124     3.096 f  u_fetch/m_axi_arlen[2]_i_8/O
                         net (fo=2, routed)           0.487     3.583    u_fetch/m_axi_arlen[2]_i_8_n_0
    SLICE_X30Y23         LUT5 (Prop_lut5_I4_O)        0.124     3.707 f  u_fetch/m_axi_arlen[2]_i_4/O
                         net (fo=9, routed)           0.443     4.150    u_fetch/m_axi_arlen[2]_i_4_n_0
    SLICE_X28Y23         LUT6 (Prop_lut6_I3_O)        0.124     4.274 r  u_fetch/m_axi_arlen[3]_i_2_replica_comp_1/O
                         net (fo=4, routed)           0.416     4.690    u_fetch/m_axi_arlen[3]_i_2_n_0_repN
    SLICE_X29Y23         LUT5 (Prop_lut5_I1_O)        0.124     4.814 r  u_fetch/m_axi_arlen[3]_i_10/O
                         net (fo=1, routed)           0.000     4.814    u_fetch/m_axi_arlen[3]_i_10_n_0
    SLICE_X29Y23         CARRY4 (Prop_carry4_S[1]_CO[3])
                                                      0.550     5.364 r  u_fetch/m_axi_arlen_reg[3]_i_4/CO[3]
                         net (fo=1, routed)           0.000     5.364    u_fetch/m_axi_arlen_reg[3]_i_4_n_0
    SLICE_X29Y24         CARRY4 (Prop_carry4_CI_CO[0])
                                                      0.271     5.635 r  u_fetch/m_axi_arlen_reg[3]_i_3/CO[0]
                         net (fo=11, routed)          0.437     6.072    u_fetch/m_axi_arlen_reg[3]_i_3_n_3
    SLICE_X30Y25         LUT6 (Prop_lut6_I1_O)        0.373     6.445 r  u_fetch/m_axi_arlen[2]_i_1/O
                         net (fo=2, routed)           0.702     7.146    u_fetch/m_axi_arlen0[2]
    SLICE_X30Y25         LUT6 (Prop_lut6_I1_O)        0.124     7.270 r  u_fetch/m_axi_arvalid_i_13/O
                         net (fo=1, routed)           0.495     7.765    u_fetch/m_axi_arvalid_i_13_n_0
    SLICE_X31Y25         LUT6 (Prop_lut6_I1_O)        0.124     7.889 r  u_fetch/m_axi_arvalid_i_5/O
                         net (fo=1, routed)           0.430     8.320    u_fetch/m_axi_arvalid_i_5_n_0
    SLICE_X31Y24         LUT6 (Prop_lut6_I4_O)        0.124     8.444 f  u_fetch/m_axi_arvalid_i_2/O
                         net (fo=4, routed)           0.299     8.743    u_fetch/m_axi_arvalid_i_2_n_0
    SLICE_X31Y24         LUT3 (Prop_lut3_I0_O)        0.124     8.867 r  u_fetch/m_axi_araddr[31]_i_2/O
                         net (fo=141, routed)         0.978     9.844    u_fetch/can_issue
    SLICE_X32Y22         LUT4 (Prop_lut4_I2_O)        0.124     9.968 r  u_fetch/req_left[3]_i_8/O
                         net (fo=1, routed)           0.000     9.968    u_fetch/req_left[3]_i_8_n_0
    SLICE_X32Y22         CARRY4 (Prop_carry4_S[1]_CO[3])
                                                      0.533    10.501 r  u_fetch/req_left_reg[3]_i_1/CO[3]
                         net (fo=1, routed)           0.000    10.501    u_fetch/req_left_reg[3]_i_1_n_0
    SLICE_X32Y23         CARRY4 (Prop_carry4_CI_CO[3])
                                                      0.117    10.618 r  u_fetch/req_left_reg[7]_i_1/CO[3]
                         net (fo=1, routed)           0.000    10.618    u_fetch/req_left_reg[7]_i_1_n_0
    SLICE_X32Y24         CARRY4 (Prop_carry4_CI_CO[3])
                                                      0.117    10.735 r  u_fetch/req_left_reg[11]_i_1/CO[3]
                         net (fo=1, routed)           0.009    10.744    u_fetch/req_left_reg[11]_i_1_n_0
    SLICE_X32Y25         CARRY4 (Prop_carry4_CI_CO[3])
                                                      0.117    10.861 r  u_fetch/req_left_reg[15]_i_1/CO[3]
                         net (fo=1, routed)           0.000    10.861    u_fetch/req_left_reg[15]_i_1_n_0
    SLICE_X32Y26         CARRY4 (Prop_carry4_CI_CO[3])
                                                      0.117    10.978 r  u_fetch/req_left_reg[19]_i_1/CO[3]
                         net (fo=1, routed)           0.000    10.978    u_fetch/req_left_reg[19]_i_1_n_0
    SLICE_X32Y27         CARRY4 (Prop_carry4_CI_O[3])
                                                      0.315    11.293 r  u_fetch/req_left_reg[23]_i_1/O[3]
                         net (fo=1, routed)           0.000    11.293    u_fetch/req_left_reg[23]_i_1_n_4
    SLICE_X32Y27         FDCE                                         r  u_fetch/req_left_reg[23]/D
  -------------------------------------------------------------------    -------------------

                         (clock clk rise edge)        9.000     9.000 r  <hidden>
                                                      0.000     9.000 r  clk
                         net (fo=9807, unset)         1.481    10.481    u_fetch/clk
    SLICE_X32Y27         FDCE                                         r  u_fetch/req_left_reg[23]/C
                         clock pessimism              0.115    10.596    <hidden>
                         clock uncertainty           -0.035    10.561    <hidden>
    SLICE_X32Y27         FDCE (Setup_fdce_C_D)        0.109    10.670    u_fetch/req_left_reg[23]
  -------------------------------------------------------------------
                         required time                         10.670    <hidden>
                         arrival time                         -11.293    <hidden>
  -------------------------------------------------------------------
                         slack                                 -0.624    <hidden>

Slack (VIOLATED) :        -0.569ns  (required time - arrival time)
  Source:                 u_fetch/req_left_reg[5]/C
                            (rising edge-triggered cell FDCE clocked by clk  {rise@0.000ns fall@4.500ns period=9.000ns})
  Destination:            u_fetch/req_addr_reg[29]/D
                            (rising edge-triggered cell FDCE clocked by clk  {rise@0.000ns fall@4.500ns period=9.000ns})
  Path Group:             clk
  Path Type:              Setup (Max at Slow Process Corner)
  Requirement:            9.000ns  (clk rise@9.000ns - clk rise@0.000ns)
  Data Path Delay:        9.543ns  (logic 4.187ns (43.873%)  route 5.356ns (56.127%))
  Logic Levels:           19  (CARRY4=9 LUT3=1 LUT4=2 LUT5=2 LUT6=5)
  Clock Path Skew:        -0.052ns (DCD - SCD + CPR)
    Destination Clock Delay (DCD):    1.484ns = ( 10.484 - 9.000 ) 
    Source Clock Delay      (SCD):    1.651ns
    Clock Pessimism Removal (CPR):    0.115ns
  Clock Uncertainty:      0.035ns  ((TSJ^2 + TIJ^2)^1/2 + DJ) / 2 + PE
    Total System Jitter     (TSJ):    0.071ns
    Total Input Jitter      (TIJ):    0.000ns
    Discrete Jitter          (DJ):    0.000ns
    Phase Error              (PE):    0.000ns

    Location             Delay type                Incr(ns)  Path(ns)    Netlist Resource(s)
  -------------------------------------------------------------------    -------------------
                         (clock clk rise edge)        0.000     0.000 r  <hidden>
                                                      0.000     0.000 r  clk
                         net (fo=9807, unset)         1.651     1.651    u_fetch/clk
    SLICE_X32Y23         FDCE                                         r  u_fetch/req_left_reg[5]/C
  -------------------------------------------------------------------    -------------------
    SLICE_X32Y23         FDCE (Prop_fdce_C_Q)         0.518     2.169 f  u_fetch/req_left_reg[5]/Q
                         net (fo=2, routed)           0.803     2.972    u_fetch/req_left_reg_n_0_[5]
    SLICE_X31Y23         LUT4 (Prop_lut4_I1_O)        0.124     3.096 f  u_fetch/m_axi_arlen[2]_i_8/O
                         net (fo=2, routed)           0.487     3.583    u_fetch/m_axi_arlen[2]_i_8_n_0
    SLICE_X30Y23         LUT5 (Prop_lut5_I4_O)        0.124     3.707 f  u_fetch/m_axi_arlen[2]_i_4/O
                         net (fo=9, routed)           0.443     4.150    u_fetch/m_axi_arlen[2]_i_4_n_0
    SLICE_X28Y23         LUT6 (Prop_lut6_I3_O)        0.124     4.274 r  u_fetch/m_axi_arlen[3]_i_2_replica_comp_1/O
                         net (fo=4, routed)           0.416     4.690    u_fetch/m_axi_arlen[3]_i_2_n_0_repN
    SLICE_X29Y23         LUT5 (Prop_lut5_I1_O)        0.124     4.814 r  u_fetch/m_axi_arlen[3]_i_10/O
                         net (fo=1, routed)           0.000     4.814    u_fetch/m_axi_arlen[3]_i_10_n_0
    SLICE_X29Y23         CARRY4 (Prop_carry4_S[1]_CO[3])
                                                      0.550     5.364 r  u_fetch/m_axi_arlen_reg[3]_i_4/CO[3]
                         net (fo=1, routed)           0.000     5.364    u_fetch/m_axi_arlen_reg[3]_i_4_n_0
    SLICE_X29Y24         CARRY4 (Prop_carry4_CI_CO[0])
                                                      0.271     5.635 r  u_fetch/m_axi_arlen_reg[3]_i_3/CO[0]
                         net (fo=11, routed)          0.437     6.072    u_fetch/m_axi_arlen_reg[3]_i_3_n_3
    SLICE_X30Y25         LUT6 (Prop_lut6_I1_O)        0.373     6.445 r  u_fetch/m_axi_arlen[2]_i_1/O
                         net (fo=2, routed)           0.702     7.146    u_fetch/m_axi_arlen0[2]
    SLICE_X30Y25         LUT6 (Prop_lut6_I1_O)        0.124     7.270 r  u_fetch/m_axi_arvalid_i_13/O
                         net (fo=1, routed)           0.495     7.765    u_fetch/m_axi_arvalid_i_13_n_0
    SLICE_X31Y25         LUT6 (Prop_lut6_I1_O)        0.124     7.889 r  u_fetch/m_axi_arvalid_i_5/O
                         net (fo=1, routed)           0.430     8.320    u_fetch/m_axi_arvalid_i_5_n_0
    SLICE_X31Y24         LUT6 (Prop_lut6_I4_O)        0.124     8.444 f  u_fetch/m_axi_arvalid_i_2/O
                         net (fo=4, routed)           0.299     8.743    u_fetch/m_axi_arvalid_i_2_n_0
    SLICE_X31Y24         LUT3 (Prop_lut3_I0_O)        0.124     8.867 r  u_fetch/m_axi_araddr[31]_i_2/O
                         net (fo=141, routed)         0.836     9.702    u_fetch/can_issue
    SLICE_X33Y23         LUT4 (Prop_lut4_I2_O)        0.124     9.826 r  u_fetch/req_addr[6]_i_7/O
                         net (fo=1, routed)           0.000     9.826    u_fetch/req_addr[6]_i_7_n_0
    SLICE_X33Y23         CARRY4 (Prop_carry4_S[1]_CO[3])
                                                      0.550    10.376 r  u_fetch/req_addr_reg[6]_i_1/CO[3]
                         net (fo=1, routed)           0.000    10.376    u_fetch/req_addr_reg[6]_i_1_n_0
    SLICE_X33Y24         CARRY4 (Prop_carry4_CI_CO[3])
                                                      0.114    10.490 r  u_fetch/req_addr_reg[10]_i_1/CO[3]
                         net (fo=1, routed)           0.009    10.499    u_fetch/req_addr_reg[10]_i_1_n_0
    SLICE_X33Y25         CARRY4 (Prop_carry4_CI_CO[3])
                                                      0.114    10.613 r  u_fetch/req_addr_reg[14]_i_1/CO[3]
                         net (fo=1, routed)           0.000    10.613    u_fetch/req_addr_reg[14]_i_1_n_0
    SLICE_X33Y26         CARRY4 (Prop_carry4_CI_CO[3])
                                                      0.114    10.727 r  u_fetch/req_addr_reg[18]_i_1/CO[3]
                         net (fo=1, routed)           0.000    10.727    u_fetch/req_addr_reg[18]_i_1_n_0
    SLICE_X33Y27         CARRY4 (Prop_carry4_CI_CO[3])
                                                      0.114    10.841 r  u_fetch/req_addr_reg[22]_i_1/CO[3]
                         net (fo=1, routed)           0.000    10.841    u_fetch/req_addr_reg[22]_i_1_n_0
    SLICE_X33Y28         CARRY4 (Prop_carry4_CI_CO[3])
                                                      0.114    10.955 r  u_fetch/req_addr_reg[26]_i_1/CO[3]
                         net (fo=1, routed)           0.000    10.955    u_fetch/req_addr_reg[26]_i_1_n_0
    SLICE_X33Y29         CARRY4 (Prop_carry4_CI_O[2])
                                                      0.239    11.194 r  u_fetch/req_addr_reg[30]_i_1/O[2]
                         net (fo=1, routed)           0.000    11.194    u_fetch/req_addr_reg[30]_i_1_n_5
    SLICE_X33Y29         FDCE                                         r  u_fetch/req_addr_reg[29]/D
  -------------------------------------------------------------------    -------------------

                         (clock clk rise edge)        9.000     9.000 r  <hidden>
                                                      0.000     9.000 r  clk
                         net (fo=9807, unset)         1.484    10.484    u_fetch/clk
    SLICE_X33Y29         FDCE                                         r  u_fetch/req_addr_reg[29]/C
                         clock pessimism              0.115    10.599    <hidden>
                         clock uncertainty           -0.035    10.564    <hidden>
    SLICE_X33Y29         FDCE (Setup_fdce_C_D)        0.062    10.626    u_fetch/req_addr_reg[29]
  -------------------------------------------------------------------
                         required time                         10.626    <hidden>
                         arrival time                         -11.194    <hidden>
  -------------------------------------------------------------------
                         slack                                 -0.569    <hidden>

Slack (VIOLATED) :        -0.553ns  (required time - arrival time)
  Source:                 u_fetch/req_left_reg[5]/C
                            (rising edge-triggered cell FDCE clocked by clk  {rise@0.000ns fall@4.500ns period=9.000ns})
  Destination:            u_fetch/req_addr_reg[27]/D
                            (rising edge-triggered cell FDCE clocked by clk  {rise@0.000ns fall@4.500ns period=9.000ns})
  Path Group:             clk
  Path Type:              Setup (Max at Slow Process Corner)
  Requirement:            9.000ns  (clk rise@9.000ns - clk rise@0.000ns)
  Data Path Delay:        9.527ns  (logic 4.171ns (43.779%)  route 5.356ns (56.221%))
  Logic Levels:           19  (CARRY4=9 LUT3=1 LUT4=2 LUT5=2 LUT6=5)
  Clock Path Skew:        -0.052ns (DCD - SCD + CPR)
    Destination Clock Delay (DCD):    1.484ns = ( 10.484 - 9.000 ) 
    Source Clock Delay      (SCD):    1.651ns
    Clock Pessimism Removal (CPR):    0.115ns
  Clock Uncertainty:      0.035ns  ((TSJ^2 + TIJ^2)^1/2 + DJ) / 2 + PE
    Total System Jitter     (TSJ):    0.071ns
    Total Input Jitter      (TIJ):    0.000ns
    Discrete Jitter          (DJ):    0.000ns
    Phase Error              (PE):    0.000ns

    Location             Delay type                Incr(ns)  Path(ns)    Netlist Resource(s)
  -------------------------------------------------------------------    -------------------
                         (clock clk rise edge)        0.000     0.000 r  <hidden>
                                                      0.000     0.000 r  clk
                         net (fo=9807, unset)         1.651     1.651    u_fetch/clk
    SLICE_X32Y23         FDCE                                         r  u_fetch/req_left_reg[5]/C
  -------------------------------------------------------------------    -------------------
    SLICE_X32Y23         FDCE (Prop_fdce_C_Q)         0.518     2.169 f  u_fetch/req_left_reg[5]/Q
                         net (fo=2, routed)           0.803     2.972    u_fetch/req_left_reg_n_0_[5]
    SLICE_X31Y23         LUT4 (Prop_lut4_I1_O)        0.124     3.096 f  u_fetch/m_axi_arlen[2]_i_8/O
                         net (fo=2, routed)           0.487     3.583    u_fetch/m_axi_arlen[2]_i_8_n_0
    SLICE_X30Y23         LUT5 (Prop_lut5_I4_O)        0.124     3.707 f  u_fetch/m_axi_arlen[2]_i_4/O
                         net (fo=9, routed)           0.443     4.150    u_fetch/m_axi_arlen[2]_i_4_n_0
    SLICE_X28Y23         LUT6 (Prop_lut6_I3_O)        0.124     4.274 r  u_fetch/m_axi_arlen[3]_i_2_replica_comp_1/O
                         net (fo=4, routed)           0.416     4.690    u_fetch/m_axi_arlen[3]_i_2_n_0_repN
    SLICE_X29Y23         LUT5 (Prop_lut5_I1_O)        0.124     4.814 r  u_fetch/m_axi_arlen[3]_i_10/O
                         net (fo=1, routed)           0.000     4.814    u_fetch/m_axi_arlen[3]_i_10_n_0
    SLICE_X29Y23         CARRY4 (Prop_carry4_S[1]_CO[3])
                                                      0.550     5.364 r  u_fetch/m_axi_arlen_reg[3]_i_4/CO[3]
                         net (fo=1, routed)           0.000     5.364    u_fetch/m_axi_arlen_reg[3]_i_4_n_0
    SLICE_X29Y24         CARRY4 (Prop_carry4_CI_CO[0])
                                                      0.271     5.635 r  u_fetch/m_axi_arlen_reg[3]_i_3/CO[0]
                         net (fo=11, routed)          0.437     6.072    u_fetch/m_axi_arlen_reg[3]_i_3_n_3
    SLICE_X30Y25         LUT6 (Prop_lut6_I1_O)        0.373     6.445 r  u_fetch/m_axi_arlen[2]_i_1/O
                         net (fo=2, routed)           0.702     7.146    u_fetch/m_axi_arlen0[2]
    SLICE_X30Y25         LUT6 (Prop_lut6_I1_O)        0.124     7.270 r  u_fetch/m_axi_arvalid_i_13/O
                         net (fo=1, routed)           0.495     7.765    u_fetch/m_axi_arvalid_i_13_n_0
    SLICE_X31Y25         LUT6 (Prop_lut6_I1_O)        0.124     7.889 r  u_fetch/m_axi_arvalid_i_5/O
                         net (fo=1, routed)           0.430     8.320    u_fetch/m_axi_arvalid_i_5_n_0
    SLICE_X31Y24         LUT6 (Prop_lut6_I4_O)        0.124     8.444 f  u_fetch/m_axi_arvalid_i_2/O
                         net (fo=4, routed)           0.299     8.743    u_fetch/m_axi_arvalid_i_2_n_0
    SLICE_X31Y24         LUT3 (Prop_lut3_I0_O)        0.124     8.867 r  u_fetch/m_axi_araddr[31]_i_2/O
                         net (fo=141, routed)         0.836     9.702    u_fetch/can_issue
    SLICE_X33Y23         LUT4 (Prop_lut4_I2_O)        0.124     9.826 r  u_fetch/req_addr[6]_i_7/O
                         net (fo=1, routed)           0.000     9.826    u_fetch/req_addr[6]_i_7_n_0
    SLICE_X33Y23         CARRY4 (Prop_carry4_S[1]_CO[3])
                                                      0.550    10.376 r  u_fetch/req_addr_reg[6]_i_1/CO[3]
                         net (fo=1, routed)           0.000    10.376    u_fetch/req_addr_reg[6]_i_1_n_0
    SLICE_X33Y24         CARRY4 (Prop_carry4_CI_CO[3])
                                                      0.114    10.490 r  u_fetch/req_addr_reg[10]_i_1/CO[3]
                         net (fo=1, routed)           0.009    10.499    u_fetch/req_addr_reg[10]_i_1_n_0
    SLICE_X33Y25         CARRY4 (Prop_carry4_CI_CO[3])
                                                      0.114    10.613 r  u_fetch/req_addr_reg[14]_i_1/CO[3]
                         net (fo=1, routed)           0.000    10.613    u_fetch/req_addr_reg[14]_i_1_n_0
    SLICE_X33Y26         CARRY4 (Prop_carry4_CI_CO[3])
                                                      0.114    10.727 r  u_fetch/req_addr_reg[18]_i_1/CO[3]
                         net (fo=1, routed)           0.000    10.727    u_fetch/req_addr_reg[18]_i_1_n_0
    SLICE_X33Y27         CARRY4 (Prop_carry4_CI_CO[3])
                                                      0.114    10.841 r  u_fetch/req_addr_reg[22]_i_1/CO[3]
                         net (fo=1, routed)           0.000    10.841    u_fetch/req_addr_reg[22]_i_1_n_0
    SLICE_X33Y28         CARRY4 (Prop_carry4_CI_CO[3])
                                                      0.114    10.955 r  u_fetch/req_addr_reg[26]_i_1/CO[3]
                         net (fo=1, routed)           0.000    10.955    u_fetch/req_addr_reg[26]_i_1_n_0
    SLICE_X33Y29         CARRY4 (Prop_carry4_CI_O[0])
                                                      0.223    11.178 r  u_fetch/req_addr_reg[30]_i_1/O[0]
                         net (fo=1, routed)           0.000    11.178    u_fetch/req_addr_reg[30]_i_1_n_7
    SLICE_X33Y29         FDCE                                         r  u_fetch/req_addr_reg[27]/D
  -------------------------------------------------------------------    -------------------

                         (clock clk rise edge)        9.000     9.000 r  <hidden>
                                                      0.000     9.000 r  clk
                         net (fo=9807, unset)         1.484    10.484    u_fetch/clk
    SLICE_X33Y29         FDCE                                         r  u_fetch/req_addr_reg[27]/C
                         clock pessimism              0.115    10.599    <hidden>
                         clock uncertainty           -0.035    10.564    <hidden>
    SLICE_X33Y29         FDCE (Setup_fdce_C_D)        0.062    10.626    u_fetch/req_addr_reg[27]
  -------------------------------------------------------------------
                         required time                         10.626    <hidden>
                         arrival time                         -11.178    <hidden>
  -------------------------------------------------------------------
                         slack                                 -0.553    <hidden>

Slack (VIOLATED) :        -0.551ns  (required time - arrival time)
  Source:                 u_fetch/req_left_reg[5]/C
                            (rising edge-triggered cell FDCE clocked by clk  {rise@0.000ns fall@4.500ns period=9.000ns})
  Destination:            u_fetch/req_addr_reg[24]/D
                            (rising edge-triggered cell FDCE clocked by clk  {rise@0.000ns fall@4.500ns period=9.000ns})
  Path Group:             clk
  Path Type:              Setup (Max at Slow Process Corner)
  Requirement:            9.000ns  (clk rise@9.000ns - clk rise@0.000ns)
  Data Path Delay:        9.524ns  (logic 4.168ns (43.761%)  route 5.356ns (56.239%))
  Logic Levels:           18  (CARRY4=8 LUT3=1 LUT4=2 LUT5=2 LUT6=5)
  Clock Path Skew:        -0.053ns (DCD - SCD + CPR)
    Destination Clock Delay (DCD):    1.483ns = ( 10.483 - 9.000 ) 
    Source Clock Delay      (SCD):    1.651ns
    Clock Pessimism Removal (CPR):    0.115ns
  Clock Uncertainty:      0.035ns  ((TSJ^2 + TIJ^2)^1/2 + DJ) / 2 + PE
    Total System Jitter     (TSJ):    0.071ns
    Total Input Jitter      (TIJ):    0.000ns
    Discrete Jitter          (DJ):    0.000ns
    Phase Error              (PE):    0.000ns

    Location             Delay type                Incr(ns)  Path(ns)    Netlist Resource(s)
  -------------------------------------------------------------------    -------------------
                         (clock clk rise edge)        0.000     0.000 r  <hidden>
                                                      0.000     0.000 r  clk
                         net (fo=9807, unset)         1.651     1.651    u_fetch/clk
    SLICE_X32Y23         FDCE                                         r  u_fetch/req_left_reg[5]/C
  -------------------------------------------------------------------    -------------------
    SLICE_X32Y23         FDCE (Prop_fdce_C_Q)         0.518     2.169 f  u_fetch/req_left_reg[5]/Q
                         net (fo=2, routed)           0.803     2.972    u_fetch/req_left_reg_n_0_[5]
    SLICE_X31Y23         LUT4 (Prop_lut4_I1_O)        0.124     3.096 f  u_fetch/m_axi_arlen[2]_i_8/O
                         net (fo=2, routed)           0.487     3.583    u_fetch/m_axi_arlen[2]_i_8_n_0
    SLICE_X30Y23         LUT5 (Prop_lut5_I4_O)        0.124     3.707 f  u_fetch/m_axi_arlen[2]_i_4/O
                         net (fo=9, routed)           0.443     4.150    u_fetch/m_axi_arlen[2]_i_4_n_0
    SLICE_X28Y23         LUT6 (Prop_lut6_I3_O)        0.124     4.274 r  u_fetch/m_axi_arlen[3]_i_2_replica_comp_1/O
                         net (fo=4, routed)           0.416     4.690    u_fetch/m_axi_arlen[3]_i_2_n_0_repN
    SLICE_X29Y23         LUT5 (Prop_lut5_I1_O)        0.124     4.814 r  u_fetch/m_axi_arlen[3]_i_10/O
                         net (fo=1, routed)           0.000     4.814    u_fetch/m_axi_arlen[3]_i_10_n_0
    SLICE_X29Y23         CARRY4 (Prop_carry4_S[1]_CO[3])
                                                      0.550     5.364 r  u_fetch/m_axi_arlen_reg[3]_i_4/CO[3]
                         net (fo=1, routed)           0.000     5.364    u_fetch/m_axi_arlen_reg[3]_i_4_n_0
    SLICE_X29Y24         CARRY4 (Prop_carry4_CI_CO[0])
                                                      0.271     5.635 r  u_fetch/m_axi_arlen_reg[3]_i_3/CO[0]
                         net (fo=11, routed)          0.437     6.072    u_fetch/m_axi_arlen_reg[3]_i_3_n_3
    SLICE_X30Y25         LUT6 (Prop_lut6_I1_O)        0.373     6.445 r  u_fetch/m_axi_arlen[2]_i_1/O
                         net (fo=2, routed)           0.702     7.146    u_fetch/m_axi_arlen0[2]
    SLICE_X30Y25         LUT6 (Prop_lut6_I1_O)        0.124     7.270 r  u_fetch/m_axi_arvalid_i_13/O
                         net (fo=1, routed)           0.495     7.765    u_fetch/m_axi_arvalid_i_13_n_0
    SLICE_X31Y25         LUT6 (Prop_lut6_I1_O)        0.124     7.889 r  u_fetch/m_axi_arvalid_i_5/O
                         net (fo=1, routed)           0.430     8.320    u_fetch/m_axi_arvalid_i_5_n_0
    SLICE_X31Y24         LUT6 (Prop_lut6_I4_O)        0.124     8.444 f  u_fetch/m_axi_arvalid_i_2/O
                         net (fo=4, routed)           0.299     8.743    u_fetch/m_axi_arvalid_i_2_n_0
    SLICE_X31Y24         LUT3 (Prop_lut3_I0_O)        0.124     8.867 r  u_fetch/m_axi_araddr[31]_i_2/O
                         net (fo=141, routed)         0.836     9.702    u_fetch/can_issue
    SLICE_X33Y23         LUT4 (Prop_lut4_I2_O)        0.124     9.826 r  u_fetch/req_addr[6]_i_7/O
                         net (fo=1, routed)           0.000     9.826    u_fetch/req_addr[6]_i_7_n_0
    SLICE_X33Y23         CARRY4 (Prop_carry4_S[1]_CO[3])
                                                      0.550    10.376 r  u_fetch/req_addr_reg[6]_i_1/CO[3]
                         net (fo=1, routed)           0.000    10.376    u_fetch/req_addr_reg[6]_i_1_n_0
    SLICE_X33Y24         CARRY4 (Prop_carry4_CI_CO[3])
                                                      0.114    10.490 r  u_fetch/req_addr_reg[10]_i_1/CO[3]
                         net (fo=1, routed)           0.009    10.499    u_fetch/req_addr_reg[10]_i_1_n_0
    SLICE_X33Y25         CARRY4 (Prop_carry4_CI_CO[3])
                                                      0.114    10.613 r  u_fetch/req_addr_reg[14]_i_1/CO[3]
                         net (fo=1, routed)           0.000    10.613    u_fetch/req_addr_reg[14]_i_1_n_0
    SLICE_X33Y26         CARRY4 (Prop_carry4_CI_CO[3])
                                                      0.114    10.727 r  u_fetch/req_addr_reg[18]_i_1/CO[3]
                         net (fo=1, routed)           0.000    10.727    u_fetch/req_addr_reg[18]_i_1_n_0
    SLICE_X33Y27         CARRY4 (Prop_carry4_CI_CO[3])
                                                      0.114    10.841 r  u_fetch/req_addr_reg[22]_i_1/CO[3]
                         net (fo=1, routed)           0.000    10.841    u_fetch/req_addr_reg[22]_i_1_n_0
    SLICE_X33Y28         CARRY4 (Prop_carry4_CI_O[1])
                                                      0.334    11.175 r  u_fetch/req_addr_reg[26]_i_1/O[1]
                         net (fo=1, routed)           0.000    11.175    u_fetch/req_addr_reg[26]_i_1_n_6
    SLICE_X33Y28         FDCE                                         r  u_fetch/req_addr_reg[24]/D
  -------------------------------------------------------------------    -------------------

                         (clock clk rise edge)        9.000     9.000 r  <hidden>
                                                      0.000     9.000 r  clk
                         net (fo=9807, unset)         1.483    10.483    u_fetch/clk
    SLICE_X33Y28         FDCE                                         r  u_fetch/req_addr_reg[24]/C
                         clock pessimism              0.115    10.598    <hidden>
                         clock uncertainty           -0.035    10.563    <hidden>
    SLICE_X33Y28         FDCE (Setup_fdce_C_D)        0.062    10.625    u_fetch/req_addr_reg[24]
  -------------------------------------------------------------------
                         required time                         10.625    <hidden>
                         arrival time                         -11.175    <hidden>
  -------------------------------------------------------------------
                         slack                                 -0.551    <hidden>

Slack (VIOLATED) :        -0.548ns  (required time - arrival time)
  Source:                 u_fetch/req_left_reg[5]/C
                            (rising edge-triggered cell FDCE clocked by clk  {rise@0.000ns fall@4.500ns period=9.000ns})
  Destination:            u_fetch/req_left_reg[22]/D
                            (rising edge-triggered cell FDCE clocked by clk  {rise@0.000ns fall@4.500ns period=9.000ns})
  Path Group:             clk
  Path Type:              Setup (Max at Slow Process Corner)
  Requirement:            9.000ns  (clk rise@9.000ns - clk rise@0.000ns)
  Data Path Delay:        9.566ns  (logic 4.068ns (42.524%)  route 5.498ns (57.476%))
  Logic Levels:           18  (CARRY4=8 LUT3=1 LUT4=2 LUT5=2 LUT6=5)
  Clock Path Skew:        -0.055ns (DCD - SCD + CPR)
    Destination Clock Delay (DCD):    1.481ns = ( 10.481 - 9.000 ) 
    Source Clock Delay      (SCD):    1.651ns
    Clock Pessimism Removal (CPR):    0.115ns
  Clock Uncertainty:      0.035ns  ((TSJ^2 + TIJ^2)^1/2 + DJ) / 2 + PE
    Total System Jitter     (TSJ):    0.071ns
    Total Input Jitter      (TIJ):    0.000ns
    Discrete Jitter          (DJ):    0.000ns
    Phase Error              (PE):    0.000ns

    Location             Delay type                Incr(ns)  Path(ns)    Netlist Resource(s)
  -------------------------------------------------------------------    -------------------
                         (clock clk rise edge)        0.000     0.000 r  <hidden>
                                                      0.000     0.000 r  clk
                         net (fo=9807, unset)         1.651     1.651    u_fetch/clk
    SLICE_X32Y23         FDCE                                         r  u_fetch/req_left_reg[5]/C
  -------------------------------------------------------------------    -------------------
    SLICE_X32Y23         FDCE (Prop_fdce_C_Q)         0.518     2.169 f  u_fetch/req_left_reg[5]/Q
                         net (fo=2, routed)           0.803     2.972    u_fetch/req_left_reg_n_0_[5]
    SLICE_X31Y23         LUT4 (Prop_lut4_I1_O)        0.124     3.096 f  u_fetch/m_axi_arlen[2]_i_8/O
                         net (fo=2, routed)           0.487     3.583    u_fetch/m_axi_arlen[2]_i_8_n_0
    SLICE_X30Y23         LUT5 (Prop_lut5_I4_O)        0.124     3.707 f  u_fetch/m_axi_arlen[2]_i_4/O
                         net (fo=9, routed)           0.443     4.150    u_fetch/m_axi_arlen[2]_i_4_n_0
    SLICE_X28Y23         LUT6 (Prop_lut6_I3_O)        0.124     4.274 r  u_fetch/m_axi_arlen[3]_i_2_replica_comp_1/O
                         net (fo=4, routed)           0.416     4.690    u_fetch/m_axi_arlen[3]_i_2_n_0_repN
    SLICE_X29Y23         LUT5 (Prop_lut5_I1_O)        0.124     4.814 r  u_fetch/m_axi_arlen[3]_i_10/O
                         net (fo=1, routed)           0.000     4.814    u_fetch/m_axi_arlen[3]_i_10_n_0
    SLICE_X29Y23         CARRY4 (Prop_carry4_S[1]_CO[3])
                                                      0.550     5.364 r  u_fetch/m_axi_arlen_reg[3]_i_4/CO[3]
                         net (fo=1, routed)           0.000     5.364    u_fetch/m_axi_arlen_reg[3]_i_4_n_0
    SLICE_X29Y24         CARRY4 (Prop_carry4_CI_CO[0])
                                                      0.271     5.635 r  u_fetch/m_axi_arlen_reg[3]_i_3/CO[0]
                         net (fo=11, routed)          0.437     6.072    u_fetch/m_axi_arlen_reg[3]_i_3_n_3
    SLICE_X30Y25         LUT6 (Prop_lut6_I1_O)        0.373     6.445 r  u_fetch/m_axi_arlen[2]_i_1/O
                         net (fo=2, routed)           0.702     7.146    u_fetch/m_axi_arlen0[2]
    SLICE_X30Y25         LUT6 (Prop_lut6_I1_O)        0.124     7.270 r  u_fetch/m_axi_arvalid_i_13/O
                         net (fo=1, routed)           0.495     7.765    u_fetch/m_axi_arvalid_i_13_n_0
    SLICE_X31Y25         LUT6 (Prop_lut6_I1_O)        0.124     7.889 r  u_fetch/m_axi_arvalid_i_5/O
                         net (fo=1, routed)           0.430     8.320    u_fetch/m_axi_arvalid_i_5_n_0
    SLICE_X31Y24         LUT6 (Prop_lut6_I4_O)        0.124     8.444 f  u_fetch/m_axi_arvalid_i_2/O
                         net (fo=4, routed)           0.299     8.743    u_fetch/m_axi_arvalid_i_2_n_0
    SLICE_X31Y24         LUT3 (Prop_lut3_I0_O)        0.124     8.867 r  u_fetch/m_axi_araddr[31]_i_2/O
                         net (fo=141, routed)         0.978     9.844    u_fetch/can_issue
    SLICE_X32Y22         LUT4 (Prop_lut4_I2_O)        0.124     9.968 r  u_fetch/req_left[3]_i_8/O
                         net (fo=1, routed)           0.000     9.968    u_fetch/req_left[3]_i_8_n_0
    SLICE_X32Y22         CARRY4 (Prop_carry4_S[1]_CO[3])
                                                      0.533    10.501 r  u_fetch/req_left_reg[3]_i_1/CO[3]
                         net (fo=1, routed)           0.000    10.501    u_fetch/req_left_reg[3]_i_1_n_0
    SLICE_X32Y23         CARRY4 (Prop_carry4_CI_CO[3])
                                                      0.117    10.618 r  u_fetch/req_left_reg[7]_i_1/CO[3]
                         net (fo=1, routed)           0.000    10.618    u_fetch/req_left_reg[7]_i_1_n_0
    SLICE_X32Y24         CARRY4 (Prop_carry4_CI_CO[3])
                                                      0.117    10.735 r  u_fetch/req_left_reg[11]_i_1/CO[3]
                         net (fo=1, routed)           0.009    10.744    u_fetch/req_left_reg[11]_i_1_n_0
    SLICE_X32Y25         CARRY4 (Prop_carry4_CI_CO[3])
                                                      0.117    10.861 r  u_fetch/req_left_reg[15]_i_1/CO[3]
                         net (fo=1, routed)           0.000    10.861    u_fetch/req_left_reg[15]_i_1_n_0
    SLICE_X32Y26         CARRY4 (Prop_carry4_CI_CO[3])
                                                      0.117    10.978 r  u_fetch/req_left_reg[19]_i_1/CO[3]
                         net (fo=1, routed)           0.000    10.978    u_fetch/req_left_reg[19]_i_1_n_0
    SLICE_X32Y27         CARRY4 (Prop_carry4_CI_O[2])
                                                      0.239    11.217 r  u_fetch/req_left_reg[23]_i_1/O[2]
                         net (fo=1, routed)           0.000    11.217    u_fetch/req_left_reg[23]_i_1_n_5
    SLICE_X32Y27         FDCE                                         r  u_fetch/req_left_reg[22]/D
  -------------------------------------------------------------------    -------------------

                         (clock clk rise edge)        9.000     9.000 r  <hidden>
                                                      0.000     9.000 r  clk
                         net (fo=9807, unset)         1.481    10.481    u_fetch/clk
    SLICE_X32Y27         FDCE                                         r  u_fetch/req_left_reg[22]/C
                         clock pessimism              0.115    10.596    <hidden>
                         clock uncertainty           -0.035    10.561    <hidden>
    SLICE_X32Y27         FDCE (Setup_fdce_C_D)        0.109    10.670    u_fetch/req_left_reg[22]
  -------------------------------------------------------------------
                         required time                         10.670    <hidden>
                         arrival time                         -11.217    <hidden>
  -------------------------------------------------------------------
                         slack                                 -0.548    <hidden>

Slack (VIOLATED) :        -0.530ns  (required time - arrival time)
  Source:                 u_fetch/req_left_reg[5]/C
                            (rising edge-triggered cell FDCE clocked by clk  {rise@0.000ns fall@4.500ns period=9.000ns})
  Destination:            u_fetch/req_addr_reg[26]/D
                            (rising edge-triggered cell FDCE clocked by clk  {rise@0.000ns fall@4.500ns period=9.000ns})
  Path Group:             clk
  Path Type:              Setup (Max at Slow Process Corner)
  Requirement:            9.000ns  (clk rise@9.000ns - clk rise@0.000ns)
  Data Path Delay:        9.503ns  (logic 4.147ns (43.637%)  route 5.356ns (56.363%))
  Logic Levels:           18  (CARRY4=8 LUT3=1 LUT4=2 LUT5=2 LUT6=5)
  Clock Path Skew:        -0.053ns (DCD - SCD + CPR)
    Destination Clock Delay (DCD):    1.483ns = ( 10.483 - 9.000 ) 
    Source Clock Delay      (SCD):    1.651ns
    Clock Pessimism Removal (CPR):    0.115ns
  Clock Uncertainty:      0.035ns  ((TSJ^2 + TIJ^2)^1/2 + DJ) / 2 + PE
    Total System Jitter     (TSJ):    0.071ns
    Total Input Jitter      (TIJ):    0.000ns
    Discrete Jitter          (DJ):    0.000ns
    Phase Error              (PE):    0.000ns

    Location             Delay type                Incr(ns)  Path(ns)    Netlist Resource(s)
  -------------------------------------------------------------------    -------------------
                         (clock clk rise edge)        0.000     0.000 r  <hidden>
                                                      0.000     0.000 r  clk
                         net (fo=9807, unset)         1.651     1.651    u_fetch/clk
    SLICE_X32Y23         FDCE                                         r  u_fetch/req_left_reg[5]/C
  -------------------------------------------------------------------    -------------------
    SLICE_X32Y23         FDCE (Prop_fdce_C_Q)         0.518     2.169 f  u_fetch/req_left_reg[5]/Q
                         net (fo=2, routed)           0.803     2.972    u_fetch/req_left_reg_n_0_[5]
    SLICE_X31Y23         LUT4 (Prop_lut4_I1_O)        0.124     3.096 f  u_fetch/m_axi_arlen[2]_i_8/O
                         net (fo=2, routed)           0.487     3.583    u_fetch/m_axi_arlen[2]_i_8_n_0
    SLICE_X30Y23         LUT5 (Prop_lut5_I4_O)        0.124     3.707 f  u_fetch/m_axi_arlen[2]_i_4/O
                         net (fo=9, routed)           0.443     4.150    u_fetch/m_axi_arlen[2]_i_4_n_0
    SLICE_X28Y23         LUT6 (Prop_lut6_I3_O)        0.124     4.274 r  u_fetch/m_axi_arlen[3]_i_2_replica_comp_1/O
                         net (fo=4, routed)           0.416     4.690    u_fetch/m_axi_arlen[3]_i_2_n_0_repN
    SLICE_X29Y23         LUT5 (Prop_lut5_I1_O)        0.124     4.814 r  u_fetch/m_axi_arlen[3]_i_10/O
                         net (fo=1, routed)           0.000     4.814    u_fetch/m_axi_arlen[3]_i_10_n_0
    SLICE_X29Y23         CARRY4 (Prop_carry4_S[1]_CO[3])
                                                      0.550     5.364 r  u_fetch/m_axi_arlen_reg[3]_i_4/CO[3]
                         net (fo=1, routed)           0.000     5.364    u_fetch/m_axi_arlen_reg[3]_i_4_n_0
    SLICE_X29Y24         CARRY4 (Prop_carry4_CI_CO[0])
                                                      0.271     5.635 r  u_fetch/m_axi_arlen_reg[3]_i_3/CO[0]
                         net (fo=11, routed)          0.437     6.072    u_fetch/m_axi_arlen_reg[3]_i_3_n_3
    SLICE_X30Y25         LUT6 (Prop_lut6_I1_O)        0.373     6.445 r  u_fetch/m_axi_arlen[2]_i_1/O
                         net (fo=2, routed)           0.702     7.146    u_fetch/m_axi_arlen0[2]
    SLICE_X30Y25         LUT6 (Prop_lut6_I1_O)        0.124     7.270 r  u_fetch/m_axi_arvalid_i_13/O
                         net (fo=1, routed)           0.495     7.765    u_fetch/m_axi_arvalid_i_13_n_0
    SLICE_X31Y25         LUT6 (Prop_lut6_I1_O)        0.124     7.889 r  u_fetch/m_axi_arvalid_i_5/O
                         net (fo=1, routed)           0.430     8.320    u_fetch/m_axi_arvalid_i_5_n_0
    SLICE_X31Y24         LUT6 (Prop_lut6_I4_O)        0.124     8.444 f  u_fetch/m_axi_arvalid_i_2/O
                         net (fo=4, routed)           0.299     8.743    u_fetch/m_axi_arvalid_i_2_n_0
    SLICE_X31Y24         LUT3 (Prop_lut3_I0_O)        0.124     8.867 r  u_fetch/m_axi_araddr[31]_i_2/O
                         net (fo=141, routed)         0.836     9.702    u_fetch/can_issue
    SLICE_X33Y23         LUT4 (Prop_lut4_I2_O)        0.124     9.826 r  u_fetch/req_addr[6]_i_7/O
                         net (fo=1, routed)           0.000     9.826    u_fetch/req_addr[6]_i_7_n_0
    SLICE_X33Y23         CARRY4 (Prop_carry4_S[1]_CO[3])
                                                      0.550    10.376 r  u_fetch/req_addr_reg[6]_i_1/CO[3]
                         net (fo=1, routed)           0.000    10.376    u_fetch/req_addr_reg[6]_i_1_n_0
    SLICE_X33Y24         CARRY4 (Prop_carry4_CI_CO[3])
                                                      0.114    10.490 r  u_fetch/req_addr_reg[10]_i_1/CO[3]
                         net (fo=1, routed)           0.009    10.499    u_fetch/req_addr_reg[10]_i_1_n_0
    SLICE_X33Y25         CARRY4 (Prop_carry4_CI_CO[3])
                                                      0.114    10.613 r  u_fetch/req_addr_reg[14]_i_1/CO[3]
                         net (fo=1, routed)           0.000    10.613    u_fetch/req_addr_reg[14]_i_1_n_0
    SLICE_X33Y26         CARRY4 (Prop_carry4_CI_CO[3])
                                                      0.114    10.727 r  u_fetch/req_addr_reg[18]_i_1/CO[3]
                         net (fo=1, routed)           0.000    10.727    u_fetch/req_addr_reg[18]_i_1_n_0
    SLICE_X33Y27         CARRY4 (Prop_carry4_CI_CO[3])
                                                      0.114    10.841 r  u_fetch/req_addr_reg[22]_i_1/CO[3]
                         net (fo=1, routed)           0.000    10.841    u_fetch/req_addr_reg[22]_i_1_n_0
    SLICE_X33Y28         CARRY4 (Prop_carry4_CI_O[3])
                                                      0.313    11.154 r  u_fetch/req_addr_reg[26]_i_1/O[3]
                         net (fo=1, routed)           0.000    11.154    u_fetch/req_addr_reg[26]_i_1_n_4
    SLICE_X33Y28         FDCE                                         r  u_fetch/req_addr_reg[26]/D
  -------------------------------------------------------------------    -------------------

                         (clock clk rise edge)        9.000     9.000 r  <hidden>
                                                      0.000     9.000 r  clk
                         net (fo=9807, unset)         1.483    10.483    u_fetch/clk
    SLICE_X33Y28         FDCE                                         r  u_fetch/req_addr_reg[26]/C
                         clock pessimism              0.115    10.598    <hidden>
                         clock uncertainty           -0.035    10.563    <hidden>
    SLICE_X33Y28         FDCE (Setup_fdce_C_D)        0.062    10.625    u_fetch/req_addr_reg[26]
  -------------------------------------------------------------------
                         required time                         10.625    <hidden>
                         arrival time                         -11.154    <hidden>
  -------------------------------------------------------------------
                         slack                                 -0.530    <hidden>

Slack (VIOLATED) :        -0.528ns  (required time - arrival time)
  Source:                 u_fetch/req_left_reg[5]/C
                            (rising edge-triggered cell FDCE clocked by clk  {rise@0.000ns fall@4.500ns period=9.000ns})
  Destination:            u_fetch/req_left_reg[20]/D
                            (rising edge-triggered cell FDCE clocked by clk  {rise@0.000ns fall@4.500ns period=9.000ns})
  Path Group:             clk
  Path Type:              Setup (Max at Slow Process Corner)
  Requirement:            9.000ns  (clk rise@9.000ns - clk rise@0.000ns)
  Data Path Delay:        9.546ns  (logic 4.048ns (42.404%)  route 5.498ns (57.596%))
  Logic Levels:           18  (CARRY4=8 LUT3=1 LUT4=2 LUT5=2 LUT6=5)
  Clock Path Skew:        -0.055ns (DCD - SCD + CPR)
    Destination Clock Delay (DCD):    1.481ns = ( 10.481 - 9.000 ) 
    Source Clock Delay      (SCD):    1.651ns
    Clock Pessimism Removal (CPR):    0.115ns
  Clock Uncertainty:      0.035ns  ((TSJ^2 + TIJ^2)^1/2 + DJ) / 2 + PE
    Total System Jitter     (TSJ):    0.071ns
    Total Input Jitter      (TIJ):    0.000ns
    Discrete Jitter          (DJ):    0.000ns
    Phase Error              (PE):    0.000ns

    Location             Delay type                Incr(ns)  Path(ns)    Netlist Resource(s)
  -------------------------------------------------------------------    -------------------
                         (clock clk rise edge)        0.000     0.000 r  <hidden>
                                                      0.000     0.000 r  clk
                         net (fo=9807, unset)         1.651     1.651    u_fetch/clk
    SLICE_X32Y23         FDCE                                         r  u_fetch/req_left_reg[5]/C
  -------------------------------------------------------------------    -------------------
    SLICE_X32Y23         FDCE (Prop_fdce_C_Q)         0.518     2.169 f  u_fetch/req_left_reg[5]/Q
                         net (fo=2, routed)           0.803     2.972    u_fetch/req_left_reg_n_0_[5]
    SLICE_X31Y23         LUT4 (Prop_lut4_I1_O)        0.124     3.096 f  u_fetch/m_axi_arlen[2]_i_8/O
                         net (fo=2, routed)           0.487     3.583    u_fetch/m_axi_arlen[2]_i_8_n_0
    SLICE_X30Y23         LUT5 (Prop_lut5_I4_O)        0.124     3.707 f  u_fetch/m_axi_arlen[2]_i_4/O
                         net (fo=9, routed)           0.443     4.150    u_fetch/m_axi_arlen[2]_i_4_n_0
    SLICE_X28Y23         LUT6 (Prop_lut6_I3_O)        0.124     4.274 r  u_fetch/m_axi_arlen[3]_i_2_replica_comp_1/O
                         net (fo=4, routed)           0.416     4.690    u_fetch/m_axi_arlen[3]_i_2_n_0_repN
    SLICE_X29Y23         LUT5 (Prop_lut5_I1_O)        0.124     4.814 r  u_fetch/m_axi_arlen[3]_i_10/O
                         net (fo=1, routed)           0.000     4.814    u_fetch/m_axi_arlen[3]_i_10_n_0
    SLICE_X29Y23         CARRY4 (Prop_carry4_S[1]_CO[3])
                                                      0.550     5.364 r  u_fetch/m_axi_arlen_reg[3]_i_4/CO[3]
                         net (fo=1, routed)           0.000     5.364    u_fetch/m_axi_arlen_reg[3]_i_4_n_0
    SLICE_X29Y24         CARRY4 (Prop_carry4_CI_CO[0])
                                                      0.271     5.635 r  u_fetch/m_axi_arlen_reg[3]_i_3/CO[0]
                         net (fo=11, routed)          0.437     6.072    u_fetch/m_axi_arlen_reg[3]_i_3_n_3
    SLICE_X30Y25         LUT6 (Prop_lut6_I1_O)        0.373     6.445 r  u_fetch/m_axi_arlen[2]_i_1/O
                         net (fo=2, routed)           0.702     7.146    u_fetch/m_axi_arlen0[2]
    SLICE_X30Y25         LUT6 (Prop_lut6_I1_O)        0.124     7.270 r  u_fetch/m_axi_arvalid_i_13/O
                         net (fo=1, routed)           0.495     7.765    u_fetch/m_axi_arvalid_i_13_n_0
    SLICE_X31Y25         LUT6 (Prop_lut6_I1_O)        0.124     7.889 r  u_fetch/m_axi_arvalid_i_5/O
                         net (fo=1, routed)           0.430     8.320    u_fetch/m_axi_arvalid_i_5_n_0
    SLICE_X31Y24         LUT6 (Prop_lut6_I4_O)        0.124     8.444 f  u_fetch/m_axi_arvalid_i_2/O
                         net (fo=4, routed)           0.299     8.743    u_fetch/m_axi_arvalid_i_2_n_0
    SLICE_X31Y24         LUT3 (Prop_lut3_I0_O)        0.124     8.867 r  u_fetch/m_axi_araddr[31]_i_2/O
                         net (fo=141, routed)         0.978     9.844    u_fetch/can_issue
    SLICE_X32Y22         LUT4 (Prop_lut4_I2_O)        0.124     9.968 r  u_fetch/req_left[3]_i_8/O
                         net (fo=1, routed)           0.000     9.968    u_fetch/req_left[3]_i_8_n_0
    SLICE_X32Y22         CARRY4 (Prop_carry4_S[1]_CO[3])
                                                      0.533    10.501 r  u_fetch/req_left_reg[3]_i_1/CO[3]
                         net (fo=1, routed)           0.000    10.501    u_fetch/req_left_reg[3]_i_1_n_0
    SLICE_X32Y23         CARRY4 (Prop_carry4_CI_CO[3])
                                                      0.117    10.618 r  u_fetch/req_left_reg[7]_i_1/CO[3]
                         net (fo=1, routed)           0.000    10.618    u_fetch/req_left_reg[7]_i_1_n_0
    SLICE_X32Y24         CARRY4 (Prop_carry4_CI_CO[3])
                                                      0.117    10.735 r  u_fetch/req_left_reg[11]_i_1/CO[3]
                         net (fo=1, routed)           0.009    10.744    u_fetch/req_left_reg[11]_i_1_n_0
    SLICE_X32Y25         CARRY4 (Prop_carry4_CI_CO[3])
                                                      0.117    10.861 r  u_fetch/req_left_reg[15]_i_1/CO[3]
                         net (fo=1, routed)           0.000    10.861    u_fetch/req_left_reg[15]_i_1_n_0
    SLICE_X32Y26         CARRY4 (Prop_carry4_CI_CO[3])
                                                      0.117    10.978 r  u_fetch/req_left_reg[19]_i_1/CO[3]
                         net (fo=1, routed)           0.000    10.978    u_fetch/req_left_reg[19]_i_1_n_0
    SLICE_X32Y27         CARRY4 (Prop_carry4_CI_O[0])
                                                      0.219    11.197 r  u_fetch/req_left_reg[23]_i_1/O[0]
                         net (fo=1, routed)           0.000    11.197    u_fetch/req_left_reg[23]_i_1_n_7
    SLICE_X32Y27         FDCE                                         r  u_fetch/req_left_reg[20]/D
  -------------------------------------------------------------------    -------------------

                         (clock clk rise edge)        9.000     9.000 r  <hidden>
                                                      0.000     9.000 r  clk
                         net (fo=9807, unset)         1.481    10.481    u_fetch/clk
    SLICE_X32Y27         FDCE                                         r  u_fetch/req_left_reg[20]/C
                         clock pessimism              0.115    10.596    <hidden>
                         clock uncertainty           -0.035    10.561    <hidden>
    SLICE_X32Y27         FDCE (Setup_fdce_C_D)        0.109    10.670    u_fetch/req_left_reg[20]
  -------------------------------------------------------------------
                         required time                         10.670    <hidden>
                         arrival time                         -11.197    <hidden>
  -------------------------------------------------------------------
                         slack                                 -0.528    <hidden>

Slack (VIOLATED) :        -0.516ns  (required time - arrival time)
  Source:                 u_fetch/req_left_reg[5]/C
                            (rising edge-triggered cell FDCE clocked by clk  {rise@0.000ns fall@4.500ns period=9.000ns})
  Destination:            u_fetch/req_left_reg[17]/D
                            (rising edge-triggered cell FDCE clocked by clk  {rise@0.000ns fall@4.500ns period=9.000ns})
  Path Group:             clk
  Path Type:              Setup (Max at Slow Process Corner)
  Requirement:            9.000ns  (clk rise@9.000ns - clk rise@0.000ns)
  Data Path Delay:        9.533ns  (logic 4.035ns (42.325%)  route 5.498ns (57.675%))
  Logic Levels:           17  (CARRY4=7 LUT3=1 LUT4=2 LUT5=2 LUT6=5)
  Clock Path Skew:        -0.056ns (DCD - SCD + CPR)
    Destination Clock Delay (DCD):    1.480ns = ( 10.480 - 9.000 ) 
    Source Clock Delay      (SCD):    1.651ns
    Clock Pessimism Removal (CPR):    0.115ns
  Clock Uncertainty:      0.035ns  ((TSJ^2 + TIJ^2)^1/2 + DJ) / 2 + PE
    Total System Jitter     (TSJ):    0.071ns
    Total Input Jitter      (TIJ):    0.000ns
    Discrete Jitter          (DJ):    0.000ns
    Phase Error              (PE):    0.000ns

    Location             Delay type                Incr(ns)  Path(ns)    Netlist Resource(s)
  -------------------------------------------------------------------    -------------------
                         (clock clk rise edge)        0.000     0.000 r  <hidden>
                                                      0.000     0.000 r  clk
                         net (fo=9807, unset)         1.651     1.651    u_fetch/clk
    SLICE_X32Y23         FDCE                                         r  u_fetch/req_left_reg[5]/C
  -------------------------------------------------------------------    -------------------
    SLICE_X32Y23         FDCE (Prop_fdce_C_Q)         0.518     2.169 f  u_fetch/req_left_reg[5]/Q
                         net (fo=2, routed)           0.803     2.972    u_fetch/req_left_reg_n_0_[5]
    SLICE_X31Y23         LUT4 (Prop_lut4_I1_O)        0.124     3.096 f  u_fetch/m_axi_arlen[2]_i_8/O
                         net (fo=2, routed)           0.487     3.583    u_fetch/m_axi_arlen[2]_i_8_n_0
    SLICE_X30Y23         LUT5 (Prop_lut5_I4_O)        0.124     3.707 f  u_fetch/m_axi_arlen[2]_i_4/O
                         net (fo=9, routed)           0.443     4.150    u_fetch/m_axi_arlen[2]_i_4_n_0
    SLICE_X28Y23         LUT6 (Prop_lut6_I3_O)        0.124     4.274 r  u_fetch/m_axi_arlen[3]_i_2_replica_comp_1/O
                         net (fo=4, routed)           0.416     4.690    u_fetch/m_axi_arlen[3]_i_2_n_0_repN
    SLICE_X29Y23         LUT5 (Prop_lut5_I1_O)        0.124     4.814 r  u_fetch/m_axi_arlen[3]_i_10/O
                         net (fo=1, routed)           0.000     4.814    u_fetch/m_axi_arlen[3]_i_10_n_0
    SLICE_X29Y23         CARRY4 (Prop_carry4_S[1]_CO[3])
                                                      0.550     5.364 r  u_fetch/m_axi_arlen_reg[3]_i_4/CO[3]
                         net (fo=1, routed)           0.000     5.364    u_fetch/m_axi_arlen_reg[3]_i_4_n_0
    SLICE_X29Y24         CARRY4 (Prop_carry4_CI_CO[0])
                                                      0.271     5.635 r  u_fetch/m_axi_arlen_reg[3]_i_3/CO[0]
                         net (fo=11, routed)          0.437     6.072    u_fetch/m_axi_arlen_reg[3]_i_3_n_3
    SLICE_X30Y25         LUT6 (Prop_lut6_I1_O)        0.373     6.445 r  u_fetch/m_axi_arlen[2]_i_1/O
                         net (fo=2, routed)           0.702     7.146    u_fetch/m_axi_arlen0[2]
    SLICE_X30Y25         LUT6 (Prop_lut6_I1_O)        0.124     7.270 r  u_fetch/m_axi_arvalid_i_13/O
                         net (fo=1, routed)           0.495     7.765    u_fetch/m_axi_arvalid_i_13_n_0
    SLICE_X31Y25         LUT6 (Prop_lut6_I1_O)        0.124     7.889 r  u_fetch/m_axi_arvalid_i_5/O
                         net (fo=1, routed)           0.430     8.320    u_fetch/m_axi_arvalid_i_5_n_0
    SLICE_X31Y24         LUT6 (Prop_lut6_I4_O)        0.124     8.444 f  u_fetch/m_axi_arvalid_i_2/O
                         net (fo=4, routed)           0.299     8.743    u_fetch/m_axi_arvalid_i_2_n_0
    SLICE_X31Y24         LUT3 (Prop_lut3_I0_O)        0.124     8.867 r  u_fetch/m_axi_araddr[31]_i_2/O
                         net (fo=141, routed)         0.978     9.844    u_fetch/can_issue
    SLICE_X32Y22         LUT4 (Prop_lut4_I2_O)        0.124     9.968 r  u_fetch/req_left[3]_i_8/O
                         net (fo=1, routed)           0.000     9.968    u_fetch/req_left[3]_i_8_n_0
    SLICE_X32Y22         CARRY4 (Prop_carry4_S[1]_CO[3])
                                                      0.533    10.501 r  u_fetch/req_left_reg[3]_i_1/CO[3]
                         net (fo=1, routed)           0.000    10.501    u_fetch/req_left_reg[3]_i_1_n_0
    SLICE_X32Y23         CARRY4 (Prop_carry4_CI_CO[3])
                                                      0.117    10.618 r  u_fetch/req_left_reg[7]_i_1/CO[3]
                         net (fo=1, routed)           0.000    10.618    u_fetch/req_left_reg[7]_i_1_n_0
    SLICE_X32Y24         CARRY4 (Prop_carry4_CI_CO[3])
                                                      0.117    10.735 r  u_fetch/req_left_reg[11]_i_1/CO[3]
                         net (fo=1, routed)           0.009    10.744    u_fetch/req_left_reg[11]_i_1_n_0
    SLICE_X32Y25         CARRY4 (Prop_carry4_CI_CO[3])
                                                      0.117    10.861 r  u_fetch/req_left_reg[15]_i_1/CO[3]
                         net (fo=1, routed)           0.000    10.861    u_fetch/req_left_reg[15]_i_1_n_0
    SLICE_X32Y26         CARRY4 (Prop_carry4_CI_O[1])
                                                      0.323    11.184 r  u_fetch/req_left_reg[19]_i_1/O[1]
                         net (fo=1, routed)           0.000    11.184    u_fetch/req_left_reg[19]_i_1_n_6
    SLICE_X32Y26         FDCE                                         r  u_fetch/req_left_reg[17]/D
  -------------------------------------------------------------------    -------------------

                         (clock clk rise edge)        9.000     9.000 r  <hidden>
                                                      0.000     9.000 r  clk
                         net (fo=9807, unset)         1.480    10.480    u_fetch/clk
    SLICE_X32Y26         FDCE                                         r  u_fetch/req_left_reg[17]/C
                         clock pessimism              0.115    10.595    <hidden>
                         clock uncertainty           -0.035    10.560    <hidden>
    SLICE_X32Y26         FDCE (Setup_fdce_C_D)        0.109    10.669    u_fetch/req_left_reg[17]
  -------------------------------------------------------------------
                         required time                         10.669    <hidden>
                         arrival time                         -11.184    <hidden>
  -------------------------------------------------------------------
                         slack                                 -0.516    <hidden>





Min Delay Paths
--------------------------------------------------------------------------------------
Slack (MET) :             0.051ns  (arrival time - required time)
  Source:                 u_persp/u_recip/g_stage[12].div_reg[13][1]/C
                            (rising edge-triggered cell FDRE clocked by clk  {rise@0.000ns fall@4.500ns period=9.000ns})
  Destination:            u_persp/u_recip/g_stage[13].div_reg[14][1]/D
                            (rising edge-triggered cell FDRE clocked by clk  {rise@0.000ns fall@4.500ns period=9.000ns})
  Path Group:             clk
  Path Type:              Hold (Min at Fast Process Corner)
  Requirement:            0.000ns  (clk rise@0.000ns - clk rise@0.000ns)
  Data Path Delay:        0.388ns  (logic 0.141ns (36.315%)  route 0.247ns (63.685%))
  Logic Levels:           0  
  Clock Path Skew:        0.267ns (DCD - SCD - CPR)
    Destination Clock Delay (DCD):    0.828ns
    Source Clock Delay      (SCD):    0.556ns
    Clock Pessimism Removal (CPR):    0.005ns

    Location             Delay type                Incr(ns)  Path(ns)    Netlist Resource(s)
  -------------------------------------------------------------------    -------------------
                         (clock clk rise edge)        0.000     0.000 r  <hidden>
                                                      0.000     0.000 r  clk
                         net (fo=9807, unset)         0.556     0.556    u_persp/u_recip/clk
    SLICE_X51Y42         FDRE                                         r  u_persp/u_recip/g_stage[12].div_reg[13][1]/C
  -------------------------------------------------------------------    -------------------
    SLICE_X51Y42         FDRE (Prop_fdre_C_Q)         0.141     0.697 r  u_persp/u_recip/g_stage[12].div_reg[13][1]/Q
                         net (fo=4, routed)           0.247     0.944    u_persp/u_recip/g_stage[12].div_reg[13]_14[1]
    SLICE_X44Y43         FDRE                                         r  u_persp/u_recip/g_stage[13].div_reg[14][1]/D
  -------------------------------------------------------------------    -------------------

                         (clock clk rise edge)        0.000     0.000 r  <hidden>
                                                      0.000     0.000 r  clk
                         net (fo=9807, unset)         0.828     0.828    u_persp/u_recip/clk
    SLICE_X44Y43         FDRE                                         r  u_persp/u_recip/g_stage[13].div_reg[14][1]/C
                         clock pessimism             -0.005     0.823    <hidden>
    SLICE_X44Y43         FDRE (Hold_fdre_C_D)         0.070     0.893    u_persp/u_recip/g_stage[13].div_reg[14][1]
  -------------------------------------------------------------------
                         required time                         -0.893    <hidden>
                         arrival time                           0.944    <hidden>
  -------------------------------------------------------------------
                         slack                                  0.051    <hidden>

Slack (MET) :             0.052ns  (arrival time - required time)
  Source:                 u_setup/out_ey_reg[1][13]/C
                            (rising edge-triggered cell FDRE clocked by clk  {rise@0.000ns fall@4.500ns period=9.000ns})
  Destination:            u_rast/ey_reg[1][13]/D
                            (rising edge-triggered cell FDRE clocked by clk  {rise@0.000ns fall@4.500ns period=9.000ns})
  Path Group:             clk
  Path Type:              Hold (Min at Fast Process Corner)
  Requirement:            0.000ns  (clk rise@0.000ns - clk rise@0.000ns)
  Data Path Delay:        0.323ns  (logic 0.148ns (45.810%)  route 0.175ns (54.190%))
  Logic Levels:           0  
  Clock Path Skew:        0.259ns (DCD - SCD - CPR)
    Destination Clock Delay (DCD):    0.819ns
    Source Clock Delay      (SCD):    0.555ns
    Clock Pessimism Removal (CPR):    0.005ns

    Location             Delay type                Incr(ns)  Path(ns)    Netlist Resource(s)
  -------------------------------------------------------------------    -------------------
                         (clock clk rise edge)        0.000     0.000 r  <hidden>
                                                      0.000     0.000 r  clk
                         net (fo=9807, unset)         0.555     0.555    u_setup/clk
    SLICE_X46Y56         FDRE                                         r  u_setup/out_ey_reg[1][13]/C
  -------------------------------------------------------------------    -------------------
    SLICE_X46Y56         FDRE (Prop_fdre_C_Q)         0.148     0.703 r  u_setup/out_ey_reg[1][13]/Q
                         net (fo=1, routed)           0.175     0.878    u_rast/ey_reg[1][21]_0[9]
    SLICE_X51Y56         FDRE                                         r  u_rast/ey_reg[1][13]/D
  -------------------------------------------------------------------    -------------------

                         (clock clk rise edge)        0.000     0.000 r  <hidden>
                                                      0.000     0.000 r  clk
                         net (fo=9807, unset)         0.819     0.819    u_rast/clk
    SLICE_X51Y56         FDRE                                         r  u_rast/ey_reg[1][13]/C
                         clock pessimism             -0.005     0.814    <hidden>
    SLICE_X51Y56         FDRE (Hold_fdre_C_D)         0.012     0.826    u_rast/ey_reg[1][13]
  -------------------------------------------------------------------
                         required time                         -0.826    <hidden>
                         arrival time                           0.878    <hidden>
  -------------------------------------------------------------------
                         slack                                  0.052    <hidden>

Slack (MET) :             0.052ns  (arrival time - required time)
  Source:                 u_setup/px1_reg[0]/C
                            (rising edge-triggered cell FDRE clocked by clk  {rise@0.000ns fall@4.500ns period=9.000ns})
  Destination:            u_setup/out_px1_reg[0]/D
                            (rising edge-triggered cell FDRE clocked by clk  {rise@0.000ns fall@4.500ns period=9.000ns})
  Path Group:             clk
  Path Type:              Hold (Min at Fast Process Corner)
  Requirement:            0.000ns  (clk rise@0.000ns - clk rise@0.000ns)
  Data Path Delay:        0.374ns  (logic 0.141ns (37.660%)  route 0.233ns (62.340%))
  Logic Levels:           0  
  Clock Path Skew:        0.276ns (DCD - SCD - CPR)
    Destination Clock Delay (DCD):    0.853ns
    Source Clock Delay      (SCD):    0.577ns
    Clock Pessimism Removal (CPR):    -0.000ns

    Location             Delay type                Incr(ns)  Path(ns)    Netlist Resource(s)
  -------------------------------------------------------------------    -------------------
                         (clock clk rise edge)        0.000     0.000 r  <hidden>
                                                      0.000     0.000 r  clk
                         net (fo=9807, unset)         0.577     0.577    u_setup/clk
    SLICE_X59Y50         FDRE                                         r  u_setup/px1_reg[0]/C
  -------------------------------------------------------------------    -------------------
    SLICE_X59Y50         FDRE (Prop_fdre_C_Q)         0.141     0.718 r  u_setup/px1_reg[0]/Q
                         net (fo=1, routed)           0.233     0.951    u_setup/px1[0]
    SLICE_X59Y49         FDRE                                         r  u_setup/out_px1_reg[0]/D
  -------------------------------------------------------------------    -------------------

                         (clock clk rise edge)        0.000     0.000 r  <hidden>
                                                      0.000     0.000 r  clk
                         net (fo=9807, unset)         0.853     0.853    u_setup/clk
    SLICE_X59Y49         FDRE                                         r  u_setup/out_px1_reg[0]/C
                         clock pessimism              0.000     0.853    <hidden>
    SLICE_X59Y49         FDRE (Hold_fdre_C_D)         0.046     0.899    u_setup/out_px1_reg[0]
  -------------------------------------------------------------------
                         required time                         -0.899    <hidden>
                         arrival time                           0.951    <hidden>
  -------------------------------------------------------------------
                         slack                                  0.052    <hidden>

Slack (MET) :             0.054ns  (arrival time - required time)
  Source:                 u_persp/out_sx_reg[10]/C
                            (rising edge-triggered cell FDRE clocked by clk  {rise@0.000ns fall@4.500ns period=9.000ns})
  Destination:            u_prim/h_sx_reg[0][10]/D
                            (rising edge-triggered cell FDRE clocked by clk  {rise@0.000ns fall@4.500ns period=9.000ns})
  Path Group:             clk
  Path Type:              Hold (Min at Fast Process Corner)
  Requirement:            0.000ns  (clk rise@0.000ns - clk rise@0.000ns)
  Data Path Delay:        0.365ns  (logic 0.164ns (44.900%)  route 0.201ns (55.100%))
  Logic Levels:           0  
  Clock Path Skew:        0.252ns (DCD - SCD - CPR)
    Destination Clock Delay (DCD):    0.843ns
    Source Clock Delay      (SCD):    0.591ns
    Clock Pessimism Removal (CPR):    -0.000ns

    Location             Delay type                Incr(ns)  Path(ns)    Netlist Resource(s)
  -------------------------------------------------------------------    -------------------
                         (clock clk rise edge)        0.000     0.000 r  <hidden>
                                                      0.000     0.000 r  clk
                         net (fo=9807, unset)         0.591     0.591    u_persp/clk
    SLICE_X26Y49         FDRE                                         r  u_persp/out_sx_reg[10]/C
  -------------------------------------------------------------------    -------------------
    SLICE_X26Y49         FDRE (Prop_fdre_C_Q)         0.164     0.755 r  u_persp/out_sx_reg[10]/Q
                         net (fo=3, routed)           0.201     0.956    u_prim/D[10]
    SLICE_X30Y54         FDRE                                         r  u_prim/h_sx_reg[0][10]/D
  -------------------------------------------------------------------    -------------------

                         (clock clk rise edge)        0.000     0.000 r  <hidden>
                                                      0.000     0.000 r  clk
                         net (fo=9807, unset)         0.843     0.843    u_prim/clk
    SLICE_X30Y54         FDRE                                         r  u_prim/h_sx_reg[0][10]/C
                         clock pessimism              0.000     0.843    <hidden>
    SLICE_X30Y54         FDRE (Hold_fdre_C_D)         0.059     0.902    u_prim/h_sx_reg[0][10]
  -------------------------------------------------------------------
                         required time                         -0.902    <hidden>
                         arrival time                           0.956    <hidden>
  -------------------------------------------------------------------
                         slack                                  0.054    <hidden>

Slack (MET) :             0.054ns  (arrival time - required time)
  Source:                 u_setup/a0_reg[0][23]/C
                            (rising edge-triggered cell FDRE clocked by clk  {rise@0.000ns fall@4.500ns period=9.000ns})
  Destination:            u_setup/out_a0_reg[0][23]/D
                            (rising edge-triggered cell FDRE clocked by clk  {rise@0.000ns fall@4.500ns period=9.000ns})
  Path Group:             clk
  Path Type:              Hold (Min at Fast Process Corner)
  Requirement:            0.000ns  (clk rise@0.000ns - clk rise@0.000ns)
  Data Path Delay:        0.324ns  (logic 0.128ns (39.470%)  route 0.196ns (60.530%))
  Logic Levels:           0  
  Clock Path Skew:        0.257ns (DCD - SCD - CPR)
    Destination Clock Delay (DCD):    0.807ns
    Source Clock Delay      (SCD):    0.545ns
    Clock Pessimism Removal (CPR):    0.005ns

    Location             Delay type                Incr(ns)  Path(ns)    Netlist Resource(s)
  -------------------------------------------------------------------    -------------------
                         (clock clk rise edge)        0.000     0.000 r  <hidden>
                                                      0.000     0.000 r  clk
                         net (fo=9807, unset)         0.545     0.545    u_setup/clk
    SLICE_X45Y78         FDRE                                         r  u_setup/a0_reg[0][23]/C
  -------------------------------------------------------------------    -------------------
    SLICE_X45Y78         FDRE (Prop_fdre_C_Q)         0.128     0.673 r  u_setup/a0_reg[0][23]/Q
                         net (fo=2, routed)           0.196     0.869    u_setup/a0_reg[0]_56[23]
    SLICE_X53Y78         FDRE                                         r  u_setup/out_a0_reg[0][23]/D
  -------------------------------------------------------------------    -------------------

                         (clock clk rise edge)        0.000     0.000 r  <hidden>
                                                      0.000     0.000 r  clk
                         net (fo=9807, unset)         0.807     0.807    u_setup/clk
    SLICE_X53Y78         FDRE                                         r  u_setup/out_a0_reg[0][23]/C
                         clock pessimism             -0.005     0.802    <hidden>
    SLICE_X53Y78         FDRE (Hold_fdre_C_D)         0.013     0.815    u_setup/out_a0_reg[0][23]
  -------------------------------------------------------------------
                         required time                         -0.815    <hidden>
                         arrival time                           0.869    <hidden>
  -------------------------------------------------------------------
                         slack                                  0.054    <hidden>

Slack (MET) :             0.054ns  (arrival time - required time)
  Source:                 u_setup/out_a0_reg[1][12]/C
                            (rising edge-triggered cell FDRE clocked by clk  {rise@0.000ns fall@4.500ns period=9.000ns})
  Destination:            u_rast/a_cur_reg[1][12]/D
                            (rising edge-triggered cell FDRE clocked by clk  {rise@0.000ns fall@4.500ns period=9.000ns})
  Path Group:             clk
  Path Type:              Hold (Min at Fast Process Corner)
  Requirement:            0.000ns  (clk rise@0.000ns - clk rise@0.000ns)
  Data Path Delay:        0.412ns  (logic 0.209ns (50.685%)  route 0.203ns (49.315%))
  Logic Levels:           1  (LUT5=1)
  Clock Path Skew:        0.267ns (DCD - SCD - CPR)
    Destination Clock Delay (DCD):    0.810ns
    Source Clock Delay      (SCD):    0.538ns
    Clock Pessimism Removal (CPR):    0.005ns

    Location             Delay type                Incr(ns)  Path(ns)    Netlist Resource(s)
  -------------------------------------------------------------------    -------------------
                         (clock clk rise edge)        0.000     0.000 r  <hidden>
                                                      0.000     0.000 r  clk
                         net (fo=9807, unset)         0.538     0.538    u_setup/clk
    SLICE_X50Y75         FDRE                                         r  u_setup/out_a0_reg[1][12]/C
  -------------------------------------------------------------------    -------------------
    SLICE_X50Y75         FDRE (Prop_fdre_C_Q)         0.164     0.702 r  u_setup/out_a0_reg[1][12]/Q
                         net (fo=2, routed)           0.203     0.905    u_rast/a_cur_reg[1][37]_0[8]
    SLICE_X48Y77         LUT5 (Prop_lut5_I0_O)        0.045     0.950 r  u_rast/a_cur[1][12]_i_1/O
                         net (fo=1, routed)           0.000     0.950    u_rast/a_cur[1][12]_i_1_n_0
    SLICE_X48Y77         FDRE                                         r  u_rast/a_cur_reg[1][12]/D
  -------------------------------------------------------------------    -------------------

                         (clock clk rise edge)        0.000     0.000 r  <hidden>
                                                      0.000     0.000 r  clk
                         net (fo=9807, unset)         0.810     0.810    u_rast/clk
    SLICE_X48Y77         FDRE                                         r  u_rast/a_cur_reg[1][12]/C
                         clock pessimism             -0.005     0.805    <hidden>
    SLICE_X48Y77         FDRE (Hold_fdre_C_D)         0.091     0.896    u_rast/a_cur_reg[1][12]
  -------------------------------------------------------------------
                         required time                         -0.896    <hidden>
                         arrival time                           0.950    <hidden>
  -------------------------------------------------------------------
                         slack                                  0.054    <hidden>

Slack (MET) :             0.055ns  (arrival time - required time)
  Source:                 u_prim/out_flags_reg[2][6]/C
                            (rising edge-triggered cell FDRE clocked by clk  {rise@0.000ns fall@4.500ns period=9.000ns})
  Destination:            u_setup/vf_reg[2][6]/D
                            (rising edge-triggered cell FDRE clocked by clk  {rise@0.000ns fall@4.500ns period=9.000ns})
  Path Group:             clk
  Path Type:              Hold (Min at Fast Process Corner)
  Requirement:            0.000ns  (clk rise@0.000ns - clk rise@0.000ns)
  Data Path Delay:        0.335ns  (logic 0.128ns (38.255%)  route 0.207ns (61.745%))
  Logic Levels:           0  
  Clock Path Skew:        0.263ns (DCD - SCD - CPR)
    Destination Clock Delay (DCD):    0.848ns
    Source Clock Delay      (SCD):    0.585ns
    Clock Pessimism Removal (CPR):    -0.000ns

    Location             Delay type                Incr(ns)  Path(ns)    Netlist Resource(s)
  -------------------------------------------------------------------    -------------------
                         (clock clk rise edge)        0.000     0.000 r  <hidden>
                                                      0.000     0.000 r  clk
                         net (fo=9807, unset)         0.585     0.585    u_prim/clk
    SLICE_X60Y49         FDRE                                         r  u_prim/out_flags_reg[2][6]/C
  -------------------------------------------------------------------    -------------------
    SLICE_X60Y49         FDRE (Prop_fdre_C_Q)         0.128     0.713 r  u_prim/out_flags_reg[2][6]/Q
                         net (fo=1, routed)           0.207     0.920    u_setup/vf_reg[2][7]_0[6]
    SLICE_X60Y50         FDRE                                         r  u_setup/vf_reg[2][6]/D
  -------------------------------------------------------------------    -------------------

                         (clock clk rise edge)        0.000     0.000 r  <hidden>
                                                      0.000     0.000 r  clk
                         net (fo=9807, unset)         0.848     0.848    u_setup/clk
    SLICE_X60Y50         FDRE                                         r  u_setup/vf_reg[2][6]/C
                         clock pessimism              0.000     0.848    <hidden>
    SLICE_X60Y50         FDRE (Hold_fdre_C_D)         0.017     0.865    u_setup/vf_reg[2][6]
  -------------------------------------------------------------------
                         required time                         -0.865    <hidden>
                         arrival time                           0.920    <hidden>
  -------------------------------------------------------------------
                         slack                                  0.055    <hidden>

Slack (MET) :             0.056ns  (arrival time - required time)
  Source:                 u_fetch/asm_words_reg[11]/C
                            (rising edge-triggered cell FDRE clocked by clk  {rise@0.000ns fall@4.500ns period=9.000ns})
  Destination:            u_fetch/fifo_mem_reg_0/DIADI[11]
                            (rising edge-triggered cell RAMB36E1 clocked by clk  {rise@0.000ns fall@4.500ns period=9.000ns})
  Path Group:             clk
  Path Type:              Hold (Min at Fast Process Corner)
  Requirement:            0.000ns  (clk rise@0.000ns - clk rise@0.000ns)
  Data Path Delay:        0.272ns  (logic 0.164ns (60.336%)  route 0.108ns (39.664%))
  Logic Levels:           0  
  Clock Path Skew:        0.060ns (DCD - SCD - CPR)
    Destination Clock Delay (DCD):    0.895ns
    Source Clock Delay      (SCD):    0.582ns
    Clock Pessimism Removal (CPR):    0.253ns

    Location             Delay type                Incr(ns)  Path(ns)    Netlist Resource(s)
  -------------------------------------------------------------------    -------------------
                         (clock clk rise edge)        0.000     0.000 r  <hidden>
                                                      0.000     0.000 r  clk
                         net (fo=9807, unset)         0.582     0.582    u_fetch/clk
    SLICE_X8Y24          FDRE                                         r  u_fetch/asm_words_reg[11]/C
  -------------------------------------------------------------------    -------------------
    SLICE_X8Y24          FDRE (Prop_fdre_C_Q)         0.164     0.746 r  u_fetch/asm_words_reg[11]/Q
                         net (fo=1, routed)           0.108     0.854    u_fetch/asm_words_reg_n_0_[11]
    RAMB36_X0Y4          RAMB36E1                                     r  u_fetch/fifo_mem_reg_0/DIADI[11]
  -------------------------------------------------------------------    -------------------

                         (clock clk rise edge)        0.000     0.000 r  <hidden>
                                                      0.000     0.000 r  clk
                         net (fo=9807, unset)         0.895     0.895    u_fetch/clk
    RAMB36_X0Y4          RAMB36E1                                     r  u_fetch/fifo_mem_reg_0/CLKBWRCLK
                         clock pessimism             -0.253     0.642    <hidden>
    RAMB36_X0Y4          RAMB36E1 (Hold_ramb36e1_CLKBWRCLK_DIADI[11])
                                                      0.155     0.797    u_fetch/fifo_mem_reg_0
  -------------------------------------------------------------------
                         required time                         -0.797    <hidden>
                         arrival time                           0.854    <hidden>
  -------------------------------------------------------------------
                         slack                                  0.056    <hidden>

Slack (MET) :             0.056ns  (arrival time - required time)
  Source:                 u_fetch/asm_words_reg[13]/C
                            (rising edge-triggered cell FDRE clocked by clk  {rise@0.000ns fall@4.500ns period=9.000ns})
  Destination:            u_fetch/fifo_mem_reg_0/DIADI[13]
                            (rising edge-triggered cell RAMB36E1 clocked by clk  {rise@0.000ns fall@4.500ns period=9.000ns})
  Path Group:             clk
  Path Type:              Hold (Min at Fast Process Corner)
  Requirement:            0.000ns  (clk rise@0.000ns - clk rise@0.000ns)
  Data Path Delay:        0.272ns  (logic 0.164ns (60.336%)  route 0.108ns (39.664%))
  Logic Levels:           0  
  Clock Path Skew:        0.060ns (DCD - SCD - CPR)
    Destination Clock Delay (DCD):    0.895ns
    Source Clock Delay      (SCD):    0.582ns
    Clock Pessimism Removal (CPR):    0.253ns

    Location             Delay type                Incr(ns)  Path(ns)    Netlist Resource(s)
  -------------------------------------------------------------------    -------------------
                         (clock clk rise edge)        0.000     0.000 r  <hidden>
                                                      0.000     0.000 r  clk
                         net (fo=9807, unset)         0.582     0.582    u_fetch/clk
    SLICE_X8Y24          FDRE                                         r  u_fetch/asm_words_reg[13]/C
  -------------------------------------------------------------------    -------------------
    SLICE_X8Y24          FDRE (Prop_fdre_C_Q)         0.164     0.746 r  u_fetch/asm_words_reg[13]/Q
                         net (fo=1, routed)           0.108     0.854    u_fetch/asm_words_reg_n_0_[13]
    RAMB36_X0Y4          RAMB36E1                                     r  u_fetch/fifo_mem_reg_0/DIADI[13]
  -------------------------------------------------------------------    -------------------

                         (clock clk rise edge)        0.000     0.000 r  <hidden>
                                                      0.000     0.000 r  clk
                         net (fo=9807, unset)         0.895     0.895    u_fetch/clk
    RAMB36_X0Y4          RAMB36E1                                     r  u_fetch/fifo_mem_reg_0/CLKBWRCLK
                         clock pessimism             -0.253     0.642    <hidden>
    RAMB36_X0Y4          RAMB36E1 (Hold_ramb36e1_CLKBWRCLK_DIADI[13])
                                                      0.155     0.797    u_fetch/fifo_mem_reg_0
  -------------------------------------------------------------------
                         required time                         -0.797    <hidden>
                         arrival time                           0.854    <hidden>
  -------------------------------------------------------------------
                         slack                                  0.056    <hidden>

Slack (MET) :             0.056ns  (arrival time - required time)
  Source:                 u_fetch/asm_words_reg[15]/C
                            (rising edge-triggered cell FDRE clocked by clk  {rise@0.000ns fall@4.500ns period=9.000ns})
  Destination:            u_fetch/fifo_mem_reg_0/DIADI[15]
                            (rising edge-triggered cell RAMB36E1 clocked by clk  {rise@0.000ns fall@4.500ns period=9.000ns})
  Path Group:             clk
  Path Type:              Hold (Min at Fast Process Corner)
  Requirement:            0.000ns  (clk rise@0.000ns - clk rise@0.000ns)
  Data Path Delay:        0.272ns  (logic 0.164ns (60.336%)  route 0.108ns (39.664%))
  Logic Levels:           0  
  Clock Path Skew:        0.060ns (DCD - SCD - CPR)
    Destination Clock Delay (DCD):    0.895ns
    Source Clock Delay      (SCD):    0.582ns
    Clock Pessimism Removal (CPR):    0.253ns

    Location             Delay type                Incr(ns)  Path(ns)    Netlist Resource(s)
  -------------------------------------------------------------------    -------------------
                         (clock clk rise edge)        0.000     0.000 r  <hidden>
                                                      0.000     0.000 r  clk
                         net (fo=9807, unset)         0.582     0.582    u_fetch/clk
    SLICE_X8Y24          FDRE                                         r  u_fetch/asm_words_reg[15]/C
  -------------------------------------------------------------------    -------------------
    SLICE_X8Y24          FDRE (Prop_fdre_C_Q)         0.164     0.746 r  u_fetch/asm_words_reg[15]/Q
                         net (fo=1, routed)           0.108     0.854    u_fetch/asm_words_reg_n_0_[15]
    RAMB36_X0Y4          RAMB36E1                                     r  u_fetch/fifo_mem_reg_0/DIADI[15]
  -------------------------------------------------------------------    -------------------

                         (clock clk rise edge)        0.000     0.000 r  <hidden>
                                                      0.000     0.000 r  clk
                         net (fo=9807, unset)         0.895     0.895    u_fetch/clk
    RAMB36_X0Y4          RAMB36E1                                     r  u_fetch/fifo_mem_reg_0/CLKBWRCLK
                         clock pessimism             -0.253     0.642    <hidden>
    RAMB36_X0Y4          RAMB36E1 (Hold_ramb36e1_CLKBWRCLK_DIADI[15])
                                                      0.155     0.797    u_fetch/fifo_mem_reg_0
  -------------------------------------------------------------------
                         required time                         -0.797    <hidden>
                         arrival time                           0.854    <hidden>
  -------------------------------------------------------------------
                         slack                                  0.056    <hidden>

Slack (MET) :             0.058ns  (arrival time - required time)
  Source:                 u_fetch/asm_words_reg[24]/C
                            (rising edge-triggered cell FDRE clocked by clk  {rise@0.000ns fall@4.500ns period=9.000ns})
  Destination:            u_fetch/fifo_mem_reg_0/DIADI[24]
                            (rising edge-triggered cell RAMB36E1 clocked by clk  {rise@0.000ns fall@4.500ns period=9.000ns})
  Path Group:             clk
  Path Type:              Hold (Min at Fast Process Corner)
  Requirement:            0.000ns  (clk rise@0.000ns - clk rise@0.000ns)
  Data Path Delay:        0.289ns  (logic 0.164ns (56.737%)  route 0.125ns (43.263%))
  Logic Levels:           0  
  Clock Path Skew:        0.076ns (DCD - SCD - CPR)
    Destination Clock Delay (DCD):    0.895ns
    Source Clock Delay      (SCD):    0.585ns
    Clock Pessimism Removal (CPR):    0.234ns

    Location             Delay type                Incr(ns)  Path(ns)    Netlist Resource(s)
  -------------------------------------------------------------------    -------------------
                         (clock clk rise edge)        0.000     0.000 r  <hidden>
                                                      0.000     0.000 r  clk
                         net (fo=9807, unset)         0.585     0.585    u_fetch/clk
    SLICE_X10Y21         FDRE                                         r  u_fetch/asm_words_reg[24]/C
  -------------------------------------------------------------------    -------------------
    SLICE_X10Y21         FDRE (Prop_fdre_C_Q)         0.164     0.749 r  u_fetch/asm_words_reg[24]/Q
                         net (fo=1, routed)           0.125     0.874    u_fetch/asm_words_reg_n_0_[24]
    RAMB36_X0Y4          RAMB36E1                                     r  u_fetch/fifo_mem_reg_0/DIADI[24]
  -------------------------------------------------------------------    -------------------

                         (clock clk rise edge)        0.000     0.000 r  <hidden>
                                                      0.000     0.000 r  clk
                         net (fo=9807, unset)         0.895     0.895    u_fetch/clk
    RAMB36_X0Y4          RAMB36E1                                     r  u_fetch/fifo_mem_reg_0/CLKBWRCLK
                         clock pessimism             -0.234     0.661    <hidden>
    RAMB36_X0Y4          RAMB36E1 (Hold_ramb36e1_CLKBWRCLK_DIADI[24])
                                                      0.155     0.816    u_fetch/fifo_mem_reg_0
  -------------------------------------------------------------------
                         required time                         -0.816    <hidden>
                         arrival time                           0.874    <hidden>
  -------------------------------------------------------------------
                         slack                                  0.058    <hidden>

Slack (MET) :             0.058ns  (arrival time - required time)
  Source:                 u_persp/u_recip/g_stage[2].div_reg[3][21]/C
                            (rising edge-triggered cell FDRE clocked by clk  {rise@0.000ns fall@4.500ns period=9.000ns})
  Destination:            u_persp/u_recip/g_stage[3].div_reg[4][21]/D
                            (rising edge-triggered cell FDRE clocked by clk  {rise@0.000ns fall@4.500ns period=9.000ns})
  Path Group:             clk
  Path Type:              Hold (Min at Fast Process Corner)
  Requirement:            0.000ns  (clk rise@0.000ns - clk rise@0.000ns)
  Data Path Delay:        0.388ns  (logic 0.141ns (36.321%)  route 0.247ns (63.679%))
  Logic Levels:           0  
  Clock Path Skew:        0.258ns (DCD - SCD - CPR)
    Destination Clock Delay (DCD):    0.820ns
    Source Clock Delay      (SCD):    0.557ns
    Clock Pessimism Removal (CPR):    0.005ns

    Location             Delay type                Incr(ns)  Path(ns)    Netlist Resource(s)
  -------------------------------------------------------------------    -------------------
                         (clock clk rise edge)        0.000     0.000 r  <hidden>
                                                      0.000     0.000 r  clk
                         net (fo=9807, unset)         0.557     0.557    u_persp/u_recip/clk
    SLICE_X47Y35         FDRE                                         r  u_persp/u_recip/g_stage[2].div_reg[3][21]/C
  -------------------------------------------------------------------    -------------------
    SLICE_X47Y35         FDRE (Prop_fdre_C_Q)         0.141     0.698 r  u_persp/u_recip/g_stage[2].div_reg[3][21]/Q
                         net (fo=4, routed)           0.247     0.945    u_persp/u_recip/g_stage[2].div_reg[3]_4[21]
    SLICE_X51Y35         FDRE                                         r  u_persp/u_recip/g_stage[3].div_reg[4][21]/D
  -------------------------------------------------------------------    -------------------

                         (clock clk rise edge)        0.000     0.000 r  <hidden>
                                                      0.000     0.000 r  clk
                         net (fo=9807, unset)         0.820     0.820    u_persp/u_recip/clk
    SLICE_X51Y35         FDRE                                         r  u_persp/u_recip/g_stage[3].div_reg[4][21]/C
                         clock pessimism             -0.005     0.815    <hidden>
    SLICE_X51Y35         FDRE (Hold_fdre_C_D)         0.072     0.887    u_persp/u_recip/g_stage[3].div_reg[4][21]
  -------------------------------------------------------------------
                         required time                         -0.887    <hidden>
                         arrival time                           0.945    <hidden>
  -------------------------------------------------------------------
                         slack                                  0.058    <hidden>

Slack (MET) :             0.059ns  (arrival time - required time)
  Source:                 u_persp/u_recip/g_stage[2].div_reg[3][10]/C
                            (rising edge-triggered cell FDRE clocked by clk  {rise@0.000ns fall@4.500ns period=9.000ns})
  Destination:            u_persp/u_recip/g_stage[3].div_reg[4][10]/D
                            (rising edge-triggered cell FDRE clocked by clk  {rise@0.000ns fall@4.500ns period=9.000ns})
  Path Group:             clk
  Path Type:              Hold (Min at Fast Process Corner)
  Requirement:            0.000ns  (clk rise@0.000ns - clk rise@0.000ns)
  Data Path Delay:        0.386ns  (logic 0.141ns (36.560%)  route 0.245ns (63.440%))
  Logic Levels:           0  
  Clock Path Skew:        0.257ns (DCD - SCD - CPR)
    Destination Clock Delay (DCD):    0.818ns
    Source Clock Delay      (SCD):    0.556ns
    Clock Pessimism Removal (CPR):    0.005ns

    Location             Delay type                Incr(ns)  Path(ns)    Netlist Resource(s)
  -------------------------------------------------------------------    -------------------
                         (clock clk rise edge)        0.000     0.000 r  <hidden>
                                                      0.000     0.000 r  clk
                         net (fo=9807, unset)         0.556     0.556    u_persp/u_recip/clk
    SLICE_X47Y33         FDRE                                         r  u_persp/u_recip/g_stage[2].div_reg[3][10]/C
  -------------------------------------------------------------------    -------------------
    SLICE_X47Y33         FDRE (Prop_fdre_C_Q)         0.141     0.697 r  u_persp/u_recip/g_stage[2].div_reg[3][10]/Q
                         net (fo=4, routed)           0.245     0.942    u_persp/u_recip/g_stage[2].div_reg[3]_4[10]
    SLICE_X51Y33         FDRE                                         r  u_persp/u_recip/g_stage[3].div_reg[4][10]/D
  -------------------------------------------------------------------    -------------------

                         (clock clk rise edge)        0.000     0.000 r  <hidden>
                                                      0.000     0.000 r  clk
                         net (fo=9807, unset)         0.818     0.818    u_persp/u_recip/clk
    SLICE_X51Y33         FDRE                                         r  u_persp/u_recip/g_stage[3].div_reg[4][10]/C
                         clock pessimism             -0.005     0.813    <hidden>
    SLICE_X51Y33         FDRE (Hold_fdre_C_D)         0.070     0.883    u_persp/u_recip/g_stage[3].div_reg[4][10]
  -------------------------------------------------------------------
                         required time                         -0.883    <hidden>
                         arrival time                           0.942    <hidden>
  -------------------------------------------------------------------
                         slack                                  0.059    <hidden>

Slack (MET) :             0.059ns  (arrival time - required time)
  Source:                 u_prim/out_flags_reg[2][7]/C
                            (rising edge-triggered cell FDRE clocked by clk  {rise@0.000ns fall@4.500ns period=9.000ns})
  Destination:            u_setup/vf_reg[2][7]/D
                            (rising edge-triggered cell FDRE clocked by clk  {rise@0.000ns fall@4.500ns period=9.000ns})
  Path Group:             clk
  Path Type:              Hold (Min at Fast Process Corner)
  Requirement:            0.000ns  (clk rise@0.000ns - clk rise@0.000ns)
  Data Path Delay:        0.341ns  (logic 0.128ns (37.560%)  route 0.213ns (62.440%))
  Logic Levels:           0  
  Clock Path Skew:        0.263ns (DCD - SCD - CPR)
    Destination Clock Delay (DCD):    0.848ns
    Source Clock Delay      (SCD):    0.585ns
    Clock Pessimism Removal (CPR):    -0.000ns

    Location             Delay type                Incr(ns)  Path(ns)    Netlist Resource(s)
  -------------------------------------------------------------------    -------------------
                         (clock clk rise edge)        0.000     0.000 r  <hidden>
                                                      0.000     0.000 r  clk
                         net (fo=9807, unset)         0.585     0.585    u_prim/clk
    SLICE_X60Y49         FDRE                                         r  u_prim/out_flags_reg[2][7]/C
  -------------------------------------------------------------------    -------------------
    SLICE_X60Y49         FDRE (Prop_fdre_C_Q)         0.128     0.713 r  u_prim/out_flags_reg[2][7]/Q
                         net (fo=1, routed)           0.213     0.926    u_setup/vf_reg[2][7]_0[7]
    SLICE_X60Y50         FDRE                                         r  u_setup/vf_reg[2][7]/D
  -------------------------------------------------------------------    -------------------

                         (clock clk rise edge)        0.000     0.000 r  <hidden>
                                                      0.000     0.000 r  clk
                         net (fo=9807, unset)         0.848     0.848    u_setup/clk
    SLICE_X60Y50         FDRE                                         r  u_setup/vf_reg[2][7]/C
                         clock pessimism              0.000     0.848    <hidden>
    SLICE_X60Y50         FDRE (Hold_fdre_C_D)         0.019     0.867    u_setup/vf_reg[2][7]
  -------------------------------------------------------------------
                         required time                         -0.867    <hidden>
                         arrival time                           0.926    <hidden>
  -------------------------------------------------------------------
                         slack                                  0.059    <hidden>

Slack (MET) :             0.059ns  (arrival time - required time)
  Source:                 u_fetch/asm_words_reg[10]/C
                            (rising edge-triggered cell FDRE clocked by clk  {rise@0.000ns fall@4.500ns period=9.000ns})
  Destination:            u_fetch/fifo_mem_reg_0/DIADI[10]
                            (rising edge-triggered cell RAMB36E1 clocked by clk  {rise@0.000ns fall@4.500ns period=9.000ns})
  Path Group:             clk
  Path Type:              Hold (Min at Fast Process Corner)
  Requirement:            0.000ns  (clk rise@0.000ns - clk rise@0.000ns)
  Data Path Delay:        0.272ns  (logic 0.164ns (60.336%)  route 0.108ns (39.664%))
  Logic Levels:           0  
  Clock Path Skew:        0.057ns (DCD - SCD - CPR)
    Destination Clock Delay (DCD):    0.895ns
    Source Clock Delay      (SCD):    0.585ns
    Clock Pessimism Removal (CPR):    0.253ns

    Location             Delay type                Incr(ns)  Path(ns)    Netlist Resource(s)
  -------------------------------------------------------------------    -------------------
                         (clock clk rise edge)        0.000     0.000 r  <hidden>
                                                      0.000     0.000 r  clk
                         net (fo=9807, unset)         0.585     0.585    u_fetch/clk
    SLICE_X8Y21          FDRE                                         r  u_fetch/asm_words_reg[10]/C
  -------------------------------------------------------------------    -------------------
    SLICE_X8Y21          FDRE (Prop_fdre_C_Q)         0.164     0.749 r  u_fetch/asm_words_reg[10]/Q
                         net (fo=1, routed)           0.108     0.857    u_fetch/asm_words_reg_n_0_[10]
    RAMB36_X0Y4          RAMB36E1                                     r  u_fetch/fifo_mem_reg_0/DIADI[10]
  -------------------------------------------------------------------    -------------------

                         (clock clk rise edge)        0.000     0.000 r  <hidden>
                                                      0.000     0.000 r  clk
                         net (fo=9807, unset)         0.895     0.895    u_fetch/clk
    RAMB36_X0Y4          RAMB36E1                                     r  u_fetch/fifo_mem_reg_0/CLKBWRCLK
                         clock pessimism             -0.253     0.642    <hidden>
    RAMB36_X0Y4          RAMB36E1 (Hold_ramb36e1_CLKBWRCLK_DIADI[10])
                                                      0.155     0.797    u_fetch/fifo_mem_reg_0
  -------------------------------------------------------------------
                         required time                         -0.797    <hidden>
                         arrival time                           0.857    <hidden>
  -------------------------------------------------------------------
                         slack                                  0.059    <hidden>

Slack (MET) :             0.059ns  (arrival time - required time)
  Source:                 u_fetch/asm_words_reg[12]/C
                            (rising edge-triggered cell FDRE clocked by clk  {rise@0.000ns fall@4.500ns period=9.000ns})
  Destination:            u_fetch/fifo_mem_reg_0/DIADI[12]
                            (rising edge-triggered cell RAMB36E1 clocked by clk  {rise@0.000ns fall@4.500ns period=9.000ns})
  Path Group:             clk
  Path Type:              Hold (Min at Fast Process Corner)
  Requirement:            0.000ns  (clk rise@0.000ns - clk rise@0.000ns)
  Data Path Delay:        0.272ns  (logic 0.164ns (60.336%)  route 0.108ns (39.664%))
  Logic Levels:           0  
  Clock Path Skew:        0.057ns (DCD - SCD - CPR)
    Destination Clock Delay (DCD):    0.895ns
    Source Clock Delay      (SCD):    0.585ns
    Clock Pessimism Removal (CPR):    0.253ns

    Location             Delay type                Incr(ns)  Path(ns)    Netlist Resource(s)
  -------------------------------------------------------------------    -------------------
                         (clock clk rise edge)        0.000     0.000 r  <hidden>
                                                      0.000     0.000 r  clk
                         net (fo=9807, unset)         0.585     0.585    u_fetch/clk
    SLICE_X8Y21          FDRE                                         r  u_fetch/asm_words_reg[12]/C
  -------------------------------------------------------------------    -------------------
    SLICE_X8Y21          FDRE (Prop_fdre_C_Q)         0.164     0.749 r  u_fetch/asm_words_reg[12]/Q
                         net (fo=1, routed)           0.108     0.857    u_fetch/asm_words_reg_n_0_[12]
    RAMB36_X0Y4          RAMB36E1                                     r  u_fetch/fifo_mem_reg_0/DIADI[12]
  -------------------------------------------------------------------    -------------------

                         (clock clk rise edge)        0.000     0.000 r  <hidden>
                                                      0.000     0.000 r  clk
                         net (fo=9807, unset)         0.895     0.895    u_fetch/clk
    RAMB36_X0Y4          RAMB36E1                                     r  u_fetch/fifo_mem_reg_0/CLKBWRCLK
                         clock pessimism             -0.253     0.642    <hidden>
    RAMB36_X0Y4          RAMB36E1 (Hold_ramb36e1_CLKBWRCLK_DIADI[12])
                                                      0.155     0.797    u_fetch/fifo_mem_reg_0
  -------------------------------------------------------------------
                         required time                         -0.797    <hidden>
                         arrival time                           0.857    <hidden>
  -------------------------------------------------------------------
                         slack                                  0.059    <hidden>

Slack (MET) :             0.059ns  (arrival time - required time)
  Source:                 u_fetch/asm_words_reg[14]/C
                            (rising edge-triggered cell FDRE clocked by clk  {rise@0.000ns fall@4.500ns period=9.000ns})
  Destination:            u_fetch/fifo_mem_reg_0/DIADI[14]
                            (rising edge-triggered cell RAMB36E1 clocked by clk  {rise@0.000ns fall@4.500ns period=9.000ns})
  Path Group:             clk
  Path Type:              Hold (Min at Fast Process Corner)
  Requirement:            0.000ns  (clk rise@0.000ns - clk rise@0.000ns)
  Data Path Delay:        0.272ns  (logic 0.164ns (60.336%)  route 0.108ns (39.664%))
  Logic Levels:           0  
  Clock Path Skew:        0.057ns (DCD - SCD - CPR)
    Destination Clock Delay (DCD):    0.895ns
    Source Clock Delay      (SCD):    0.585ns
    Clock Pessimism Removal (CPR):    0.253ns

    Location             Delay type                Incr(ns)  Path(ns)    Netlist Resource(s)
  -------------------------------------------------------------------    -------------------
                         (clock clk rise edge)        0.000     0.000 r  <hidden>
                                                      0.000     0.000 r  clk
                         net (fo=9807, unset)         0.585     0.585    u_fetch/clk
    SLICE_X8Y21          FDRE                                         r  u_fetch/asm_words_reg[14]/C
  -------------------------------------------------------------------    -------------------
    SLICE_X8Y21          FDRE (Prop_fdre_C_Q)         0.164     0.749 r  u_fetch/asm_words_reg[14]/Q
                         net (fo=1, routed)           0.108     0.857    u_fetch/asm_words_reg_n_0_[14]
    RAMB36_X0Y4          RAMB36E1                                     r  u_fetch/fifo_mem_reg_0/DIADI[14]
  -------------------------------------------------------------------    -------------------

                         (clock clk rise edge)        0.000     0.000 r  <hidden>
                                                      0.000     0.000 r  clk
                         net (fo=9807, unset)         0.895     0.895    u_fetch/clk
    RAMB36_X0Y4          RAMB36E1                                     r  u_fetch/fifo_mem_reg_0/CLKBWRCLK
                         clock pessimism             -0.253     0.642    <hidden>
    RAMB36_X0Y4          RAMB36E1 (Hold_ramb36e1_CLKBWRCLK_DIADI[14])
                                                      0.155     0.797    u_fetch/fifo_mem_reg_0
  -------------------------------------------------------------------
                         required time                         -0.797    <hidden>
                         arrival time                           0.857    <hidden>
  -------------------------------------------------------------------
                         slack                                  0.059    <hidden>

Slack (MET) :             0.059ns  (arrival time - required time)
  Source:                 u_persp/u_recip/g_stage[2].div_reg[3][13]/C
                            (rising edge-triggered cell FDRE clocked by clk  {rise@0.000ns fall@4.500ns period=9.000ns})
  Destination:            u_persp/u_recip/g_stage[3].div_reg[4][13]/D
                            (rising edge-triggered cell FDRE clocked by clk  {rise@0.000ns fall@4.500ns period=9.000ns})
  Path Group:             clk
  Path Type:              Hold (Min at Fast Process Corner)
  Requirement:            0.000ns  (clk rise@0.000ns - clk rise@0.000ns)
  Data Path Delay:        0.386ns  (logic 0.141ns (36.492%)  route 0.245ns (63.508%))
  Logic Levels:           0  
  Clock Path Skew:        0.257ns (DCD - SCD - CPR)
    Destination Clock Delay (DCD):    0.818ns
    Source Clock Delay      (SCD):    0.556ns
    Clock Pessimism Removal (CPR):    0.005ns

    Location             Delay type                Incr(ns)  Path(ns)    Netlist Resource(s)
  -------------------------------------------------------------------    -------------------
                         (clock clk rise edge)        0.000     0.000 r  <hidden>
                                                      0.000     0.000 r  clk
                         net (fo=9807, unset)         0.556     0.556    u_persp/u_recip/clk
    SLICE_X47Y33         FDRE                                         r  u_persp/u_recip/g_stage[2].div_reg[3][13]/C
  -------------------------------------------------------------------    -------------------
    SLICE_X47Y33         FDRE (Prop_fdre_C_Q)         0.141     0.697 r  u_persp/u_recip/g_stage[2].div_reg[3][13]/Q
                         net (fo=4, routed)           0.245     0.942    u_persp/u_recip/g_stage[2].div_reg[3]_4[13]
    SLICE_X51Y34         FDRE                                         r  u_persp/u_recip/g_stage[3].div_reg[4][13]/D
  -------------------------------------------------------------------    -------------------

                         (clock clk rise edge)        0.000     0.000 r  <hidden>
                                                      0.000     0.000 r  clk
                         net (fo=9807, unset)         0.818     0.818    u_persp/u_recip/clk
    SLICE_X51Y34         FDRE                                         r  u_persp/u_recip/g_stage[3].div_reg[4][13]/C
                         clock pessimism             -0.005     0.813    <hidden>
    SLICE_X51Y34         FDRE (Hold_fdre_C_D)         0.070     0.883    u_persp/u_recip/g_stage[3].div_reg[4][13]
  -------------------------------------------------------------------
                         required time                         -0.883    <hidden>
                         arrival time                           0.942    <hidden>
  -------------------------------------------------------------------
                         slack                                  0.059    <hidden>

Slack (MET) :             0.060ns  (arrival time - required time)
  Source:                 u_rop/w_addr_reg[0][6]_rep__2/C
                            (rising edge-triggered cell FDRE clocked by clk  {rise@0.000ns fall@4.500ns period=9.000ns})
  Destination:            u_rop/u_zbuf/mem_reg_1_15__0/ADDRARDADDR[6]
                            (rising edge-triggered cell RAMB36E1 clocked by clk  {rise@0.000ns fall@4.500ns period=9.000ns})
  Path Group:             clk
  Path Type:              Hold (Min at Fast Process Corner)
  Requirement:            0.000ns  (clk rise@0.000ns - clk rise@0.000ns)
  Data Path Delay:        0.318ns  (logic 0.141ns (44.311%)  route 0.177ns (55.689%))
  Logic Levels:           0  
  Clock Path Skew:        0.075ns (DCD - SCD - CPR)
    Destination Clock Delay (DCD):    0.885ns
    Source Clock Delay      (SCD):    0.576ns
    Clock Pessimism Removal (CPR):    0.234ns

    Location             Delay type                Incr(ns)  Path(ns)    Netlist Resource(s)
  -------------------------------------------------------------------    -------------------
                         (clock clk rise edge)        0.000     0.000 r  <hidden>
                                                      0.000     0.000 r  clk
                         net (fo=9807, unset)         0.576     0.576    u_rop/clk
    SLICE_X57Y32         FDRE                                         r  u_rop/w_addr_reg[0][6]_rep__2/C
  -------------------------------------------------------------------    -------------------
    SLICE_X57Y32         FDRE (Prop_fdre_C_Q)         0.141     0.717 r  u_rop/w_addr_reg[0][6]_rep__2/Q
                         net (fo=3, routed)           0.177     0.894    u_rop/u_zbuf/mem_reg_1_8__0_0[6]
    RAMB36_X3Y6          RAMB36E1                                     r  u_rop/u_zbuf/mem_reg_1_15__0/ADDRARDADDR[6]
  -------------------------------------------------------------------    -------------------

                         (clock clk rise edge)        0.000     0.000 r  <hidden>
                                                      0.000     0.000 r  clk
                         net (fo=9807, unset)         0.885     0.885    u_rop/u_zbuf/clk
    RAMB36_X3Y6          RAMB36E1                                     r  u_rop/u_zbuf/mem_reg_1_15__0/CLKARDCLK
                         clock pessimism             -0.234     0.651    <hidden>
    RAMB36_X3Y6          RAMB36E1 (Hold_ramb36e1_CLKARDCLK_ADDRARDADDR[6])
                                                      0.183     0.834    u_rop/u_zbuf/mem_reg_1_15__0
  -------------------------------------------------------------------
                         required time                         -0.834    <hidden>
                         arrival time                           0.894    <hidden>
  -------------------------------------------------------------------
                         slack                                  0.060    <hidden>

Slack (MET) :             0.060ns  (arrival time - required time)
  Source:                 u_persp/u_recip/g_stage[12].div_reg[13][20]/C
                            (rising edge-triggered cell FDRE clocked by clk  {rise@0.000ns fall@4.500ns period=9.000ns})
  Destination:            u_persp/u_recip/g_stage[13].div_reg[14][20]/D
                            (rising edge-triggered cell FDRE clocked by clk  {rise@0.000ns fall@4.500ns period=9.000ns})
  Path Group:             clk
  Path Type:              Hold (Min at Fast Process Corner)
  Requirement:            0.000ns  (clk rise@0.000ns - clk rise@0.000ns)
  Data Path Delay:        0.388ns  (logic 0.141ns (36.363%)  route 0.247ns (63.637%))
  Logic Levels:           0  
  Clock Path Skew:        0.266ns (DCD - SCD - CPR)
    Destination Clock Delay (DCD):    0.828ns
    Source Clock Delay      (SCD):    0.557ns
    Clock Pessimism Removal (CPR):    0.005ns

    Location             Delay type                Incr(ns)  Path(ns)    Netlist Resource(s)
  -------------------------------------------------------------------    -------------------
                         (clock clk rise edge)        0.000     0.000 r  <hidden>
                                                      0.000     0.000 r  clk
                         net (fo=9807, unset)         0.557     0.557    u_persp/u_recip/clk
    SLICE_X51Y45         FDRE                                         r  u_persp/u_recip/g_stage[12].div_reg[13][20]/C
  -------------------------------------------------------------------    -------------------
    SLICE_X51Y45         FDRE (Prop_fdre_C_Q)         0.141     0.698 r  u_persp/u_recip/g_stage[12].div_reg[13][20]/Q
                         net (fo=4, routed)           0.247     0.945    u_persp/u_recip/g_stage[12].div_reg[13]_14[20]
    SLICE_X49Y45         FDRE                                         r  u_persp/u_recip/g_stage[13].div_reg[14][20]/D
  -------------------------------------------------------------------    -------------------

                         (clock clk rise edge)        0.000     0.000 r  <hidden>
                                                      0.000     0.000 r  clk
                         net (fo=9807, unset)         0.828     0.828    u_persp/u_recip/clk
    SLICE_X49Y45         FDRE                                         r  u_persp/u_recip/g_stage[13].div_reg[14][20]/C
                         clock pessimism             -0.005     0.823    <hidden>
    SLICE_X49Y45         FDRE (Hold_fdre_C_D)         0.062     0.885    u_persp/u_recip/g_stage[13].div_reg[14][20]
  -------------------------------------------------------------------
                         required time                         -0.885    <hidden>
                         arrival time                           0.945    <hidden>
  -------------------------------------------------------------------
                         slack                                  0.060    <hidden>





Pulse Width Checks
--------------------------------------------------------------------------------------
Clock Name:         clk
Waveform(ns):       { 0.000 4.500 }
Period(ns):         9.000
Sources:            { clk }

Check Type        Corner  Lib Pin             Reference Pin  Required(ns)  Actual(ns)  Slack(ns)  Location      Pin
Min Period        n/a     DSP48E1/CLK         n/a            3.884         9.000       5.116      DSP48_X1Y7    u_geom/p1_reg[0]/CLK
Min Period        n/a     DSP48E1/CLK         n/a            3.884         9.000       5.116      DSP48_X0Y10   u_geom/p1_reg[1]/CLK
Min Period        n/a     DSP48E1/CLK         n/a            3.884         9.000       5.116      DSP48_X1Y11   u_geom/p1_reg[2]/CLK
Min Period        n/a     DSP48E1/CLK         n/a            3.884         9.000       5.116      DSP48_X1Y3    u_geom/p1_reg[3]/CLK
Min Period        n/a     DSP48E1/CLK         n/a            3.884         9.000       5.116      DSP48_X1Y15   u_persp/px1_reg/CLK
Min Period        n/a     DSP48E1/CLK         n/a            3.884         9.000       5.116      DSP48_X1Y13   u_persp/px1_reg__0/CLK
Min Period        n/a     DSP48E1/CLK         n/a            3.884         9.000       5.116      DSP48_X1Y17   u_persp/py1_reg/CLK
Min Period        n/a     DSP48E1/CLK         n/a            3.884         9.000       5.116      DSP48_X1Y19   u_persp/py1_reg__0/CLK
Min Period        n/a     DSP48E1/CLK         n/a            3.884         9.000       5.116      DSP48_X2Y17   u_persp/pz1_reg/CLK
Min Period        n/a     DSP48E1/CLK         n/a            3.884         9.000       5.116      DSP48_X2Y15   u_persp/pz1_reg__0/CLK
Min Period        n/a     DSP48E1/CLK         n/a            3.884         9.000       5.116      DSP48_X3Y18   u_rop/a1_reg/CLK
Min Period        n/a     DSP48E1/CLK         n/a            3.884         9.000       5.116      DSP48_X2Y24   u_setup/prod_a_reg/CLK
Min Period        n/a     DSP48E1/CLK         n/a            3.884         9.000       5.116      DSP48_X2Y23   u_setup/prod_b_reg/CLK
Min Period        n/a     DSP48E1/CLK         n/a            3.687         9.000       5.313      DSP48_X0Y5    u_geom/p1_reg[0]__0/CLK
Min Period        n/a     DSP48E1/CLK         n/a            3.687         9.000       5.313      DSP48_X0Y7    u_geom/p1_reg[1]__0/CLK
Min Period        n/a     DSP48E1/CLK         n/a            3.687         9.000       5.313      DSP48_X1Y9    u_geom/p1_reg[2]__0/CLK
Min Period        n/a     RAMB36E1/CLKARDCLK  n/a            3.363         9.000       5.637      RAMB36_X4Y6   u_rop/u_cbuf/mem_reg_0_0/CLKARDCLK
Min Period        n/a     RAMB36E1/CLKARDCLK  n/a            3.363         9.000       5.637      RAMB36_X4Y0   u_rop/u_cbuf/mem_reg_0_1/CLKARDCLK
Min Period        n/a     RAMB36E1/CLKARDCLK  n/a            3.363         9.000       5.637      RAMB36_X1Y8   u_rop/u_cbuf/mem_reg_0_10/CLKARDCLK
Min Period        n/a     RAMB36E1/CLKARDCLK  n/a            3.363         9.000       5.637      RAMB36_X2Y13  u_rop/u_cbuf/mem_reg_0_11/CLKARDCLK
Low Pulse Width   Slow    RAMD32/CLK          n/a            1.250         4.500       3.250      SLICE_X34Y24  u_fetch/len_q_reg_0_3_0_2/RAMA/CLK
Low Pulse Width   Fast    RAMD32/CLK          n/a            1.250         4.500       3.250      SLICE_X34Y24  u_fetch/len_q_reg_0_3_0_2/RAMA/CLK
Low Pulse Width   Slow    RAMD32/CLK          n/a            1.250         4.500       3.250      SLICE_X34Y24  u_fetch/len_q_reg_0_3_0_2/RAMA_D1/CLK
Low Pulse Width   Fast    RAMD32/CLK          n/a            1.250         4.500       3.250      SLICE_X34Y24  u_fetch/len_q_reg_0_3_0_2/RAMA_D1/CLK
Low Pulse Width   Slow    RAMD32/CLK          n/a            1.250         4.500       3.250      SLICE_X34Y24  u_fetch/len_q_reg_0_3_0_2/RAMB/CLK
Low Pulse Width   Fast    RAMD32/CLK          n/a            1.250         4.500       3.250      SLICE_X34Y24  u_fetch/len_q_reg_0_3_0_2/RAMB/CLK
Low Pulse Width   Slow    RAMD32/CLK          n/a            1.250         4.500       3.250      SLICE_X34Y24  u_fetch/len_q_reg_0_3_0_2/RAMB_D1/CLK
Low Pulse Width   Fast    RAMD32/CLK          n/a            1.250         4.500       3.250      SLICE_X34Y24  u_fetch/len_q_reg_0_3_0_2/RAMB_D1/CLK
Low Pulse Width   Slow    RAMD32/CLK          n/a            1.250         4.500       3.250      SLICE_X34Y24  u_fetch/len_q_reg_0_3_0_2/RAMC/CLK
Low Pulse Width   Fast    RAMD32/CLK          n/a            1.250         4.500       3.250      SLICE_X34Y24  u_fetch/len_q_reg_0_3_0_2/RAMC/CLK
Low Pulse Width   Slow    RAMD32/CLK          n/a            1.250         4.500       3.250      SLICE_X34Y24  u_fetch/len_q_reg_0_3_0_2/RAMC_D1/CLK
Low Pulse Width   Fast    RAMD32/CLK          n/a            1.250         4.500       3.250      SLICE_X34Y24  u_fetch/len_q_reg_0_3_0_2/RAMC_D1/CLK
Low Pulse Width   Slow    RAMS32/CLK          n/a            1.250         4.500       3.250      SLICE_X34Y24  u_fetch/len_q_reg_0_3_0_2/RAMD/CLK
Low Pulse Width   Fast    RAMS32/CLK          n/a            1.250         4.500       3.250      SLICE_X34Y24  u_fetch/len_q_reg_0_3_0_2/RAMD/CLK
Low Pulse Width   Slow    RAMS32/CLK          n/a            1.250         4.500       3.250      SLICE_X34Y24  u_fetch/len_q_reg_0_3_0_2/RAMD_D1/CLK
Low Pulse Width   Fast    RAMS32/CLK          n/a            1.250         4.500       3.250      SLICE_X34Y24  u_fetch/len_q_reg_0_3_0_2/RAMD_D1/CLK
Low Pulse Width   Slow    SRL16E/CLK          n/a            0.980         4.500       3.520      SLICE_X26Y34  u_geom/col_s_reg[0]_srl4/CLK
Low Pulse Width   Fast    SRL16E/CLK          n/a            0.980         4.500       3.520      SLICE_X26Y34  u_geom/col_s_reg[0]_srl4/CLK
Low Pulse Width   Slow    SRL16E/CLK          n/a            0.980         4.500       3.520      SLICE_X26Y32  u_geom/col_s_reg[10]_srl4/CLK
Low Pulse Width   Fast    SRL16E/CLK          n/a            0.980         4.500       3.520      SLICE_X26Y32  u_geom/col_s_reg[10]_srl4/CLK
High Pulse Width  Slow    RAMD32/CLK          n/a            1.250         4.500       3.250      SLICE_X34Y24  u_fetch/len_q_reg_0_3_0_2/RAMA/CLK
High Pulse Width  Fast    RAMD32/CLK          n/a            1.250         4.500       3.250      SLICE_X34Y24  u_fetch/len_q_reg_0_3_0_2/RAMA/CLK
High Pulse Width  Slow    RAMD32/CLK          n/a            1.250         4.500       3.250      SLICE_X34Y24  u_fetch/len_q_reg_0_3_0_2/RAMA_D1/CLK
High Pulse Width  Fast    RAMD32/CLK          n/a            1.250         4.500       3.250      SLICE_X34Y24  u_fetch/len_q_reg_0_3_0_2/RAMA_D1/CLK
High Pulse Width  Slow    RAMD32/CLK          n/a            1.250         4.500       3.250      SLICE_X34Y24  u_fetch/len_q_reg_0_3_0_2/RAMB/CLK
High Pulse Width  Fast    RAMD32/CLK          n/a            1.250         4.500       3.250      SLICE_X34Y24  u_fetch/len_q_reg_0_3_0_2/RAMB/CLK
High Pulse Width  Slow    RAMD32/CLK          n/a            1.250         4.500       3.250      SLICE_X34Y24  u_fetch/len_q_reg_0_3_0_2/RAMB_D1/CLK
High Pulse Width  Fast    RAMD32/CLK          n/a            1.250         4.500       3.250      SLICE_X34Y24  u_fetch/len_q_reg_0_3_0_2/RAMB_D1/CLK
High Pulse Width  Slow    RAMD32/CLK          n/a            1.250         4.500       3.250      SLICE_X34Y24  u_fetch/len_q_reg_0_3_0_2/RAMC/CLK
High Pulse Width  Fast    RAMD32/CLK          n/a            1.250         4.500       3.250      SLICE_X34Y24  u_fetch/len_q_reg_0_3_0_2/RAMC/CLK
High Pulse Width  Slow    RAMD32/CLK          n/a            1.250         4.500       3.250      SLICE_X34Y24  u_fetch/len_q_reg_0_3_0_2/RAMC_D1/CLK
High Pulse Width  Fast    RAMD32/CLK          n/a            1.250         4.500       3.250      SLICE_X34Y24  u_fetch/len_q_reg_0_3_0_2/RAMC_D1/CLK
High Pulse Width  Slow    RAMS32/CLK          n/a            1.250         4.500       3.250      SLICE_X34Y24  u_fetch/len_q_reg_0_3_0_2/RAMD/CLK
High Pulse Width  Fast    RAMS32/CLK          n/a            1.250         4.500       3.250      SLICE_X34Y24  u_fetch/len_q_reg_0_3_0_2/RAMD/CLK
High Pulse Width  Slow    RAMS32/CLK          n/a            1.250         4.500       3.250      SLICE_X34Y24  u_fetch/len_q_reg_0_3_0_2/RAMD_D1/CLK
High Pulse Width  Fast    RAMS32/CLK          n/a            1.250         4.500       3.250      SLICE_X34Y24  u_fetch/len_q_reg_0_3_0_2/RAMD_D1/CLK
High Pulse Width  Slow    SRL16E/CLK          n/a            0.980         4.500       3.520      SLICE_X26Y34  u_geom/col_s_reg[0]_srl4/CLK
High Pulse Width  Fast    SRL16E/CLK          n/a            0.980         4.500       3.520      SLICE_X26Y34  u_geom/col_s_reg[0]_srl4/CLK
High Pulse Width  Slow    SRL16E/CLK          n/a            0.980         4.500       3.520      SLICE_X26Y32  u_geom/col_s_reg[10]_srl4/CLK
High Pulse Width  Fast    SRL16E/CLK          n/a            0.980         4.500       3.520      SLICE_X26Y32  u_geom/col_s_reg[10]_srl4/CLK



