Copyright 1986-2022 Xilinx, Inc. All Rights Reserved. Copyright 2022-2026 Advanced Micro Devices, Inc. All Rights Reserved.
---------------------------------------------------------------------------------------------------------------------------------------------
| Tool Version : Vivado v.2026.1 (win64) Build 6511674 Tue Jun 16 11:02:23 MDT 2026
| Date         : Thu Sep 24 13:59:14 2026
| Host         : AdiLap running 64-bit major release  (build 9200)
| Command      : report_timing_summary -max_paths 20 -file fpga/reports/period_8ns/timing.rpt
| Design       : gpu_top
| Device       : 7z020-clg400
| Speed File   : -1  PRODUCTION 1.12 2019-11-22
| Design State : Routed
---------------------------------------------------------------------------------------------------------------------------------------------

Timing Summary Report

------------------------------------------------------------------------------------------------
| Timer Settings
| --------------
------------------------------------------------------------------------------------------------

  Enable Multi Corner Analysis               :  Yes
  Enable Pessimism Removal                   :  Yes
  Pessimism Removal Resolution               :  Nearest Common Node
  Enable Input Delay Default Clock           :  No
  Enable Preset / Clear Arcs                 :  No
  Disable Flight Delays                      :  No
  Ignore I/O Paths                           :  No
  Timing Early Launch at Borrowing Latches   :  No
  Borrow Time for Max Delay Exceptions       :  Yes
  Merge Timing Exceptions                    :  Yes
  Inter-SLR Compensation                     :  Conservative

  Corner  Analyze    Analyze    
  Name    Max Paths  Min Paths  
  ------  ---------  ---------  
  Slow    Yes        Yes        
  Fast    Yes        Yes        


------------------------------------------------------------------------------------------------
| Report Methodology
| ------------------
------------------------------------------------------------------------------------------------

No report available as report_methodology has not been run prior. Run report_methodology on the current design for the summary of methodology violations.



check_timing report

Table of Contents
-----------------
1. checking no_clock (0)
2. checking constant_clock (0)
3. checking pulse_width_clock (0)
4. checking unconstrained_internal_endpoints (0)
5. checking no_input_delay (109)
6. checking no_output_delay (93)
7. checking multiple_clock (0)
8. checking generated_clocks (0)
9. checking loops (0)
10. checking partial_input_delay (0)
11. checking partial_output_delay (0)
12. checking latch_loops (0)

1. checking no_clock (0)
------------------------
 There are 0 register/latch pins with no clock.


2. checking constant_clock (0)
------------------------------
 There are 0 register/latch pins with constant_clock.


3. checking pulse_width_clock (0)
---------------------------------
 There are 0 register/latch pins which need pulse_width check


4. checking unconstrained_internal_endpoints (0)
------------------------------------------------
 There are 0 pins that are not constrained for maximum delay.

 There are 0 pins that are not constrained for maximum delay due to constant clock.


5. checking no_input_delay (109)
--------------------------------
 There are 109 input ports with no input delay specified. (HIGH)

 There are 0 input ports with no input delay but user has a false path constraint.


6. checking no_output_delay (93)
--------------------------------
 There are 93 ports with no output delay specified. (HIGH)

 There are 0 ports with no output delay but user has a false path constraint

 There are 0 ports with no output delay but with a timing clock defined on it or propagating through it


7. checking multiple_clock (0)
------------------------------
 There are 0 register/latch pins with multiple clocks.


8. checking generated_clocks (0)
--------------------------------
 There are 0 generated clocks that are not connected to a clock source.


9. checking loops (0)
---------------------
 There are 0 combinational loops in the design.


10. checking partial_input_delay (0)
------------------------------------
 There are 0 input ports with partial input delay specified.


11. checking partial_output_delay (0)
-------------------------------------
 There are 0 ports with partial output delay specified.


12. checking latch_loops (0)
----------------------------
 There are 0 combinational latch loops in the design through latch input



------------------------------------------------------------------------------------------------
| Design Timing Summary
| ---------------------
------------------------------------------------------------------------------------------------

    WNS(ns)      TNS(ns)  TNS Failing Endpoints  TNS Total Endpoints      WHS(ns)      THS(ns)  THS Failing Endpoints  THS Total Endpoints     WPWS(ns)     TPWS(ns)  TPWS Failing Endpoints  TPWS Total Endpoints  
    -------      -------  ---------------------  -------------------      -------      -------  ---------------------  -------------------     --------     --------  ----------------------  --------------------  
     -2.213     -241.167                    261                23492        0.022        0.000                      0                23492        2.750        0.000                       0                  9808  


Timing constraints are not met.


------------------------------------------------------------------------------------------------
| Clock Summary
| -------------
------------------------------------------------------------------------------------------------

Clock  Waveform(ns)         Period(ns)      Frequency(MHz)
-----  ------------         ----------      --------------
clk    {0.000 4.000}        8.000           125.000         


------------------------------------------------------------------------------------------------
| Intra Clock Table
| -----------------
------------------------------------------------------------------------------------------------

Clock             WNS(ns)      TNS(ns)  TNS Failing Endpoints  TNS Total Endpoints      WHS(ns)      THS(ns)  THS Failing Endpoints  THS Total Endpoints     WPWS(ns)     TPWS(ns)  TPWS Failing Endpoints  TPWS Total Endpoints  
-----             -------      -------  ---------------------  -------------------      -------      -------  ---------------------  -------------------     --------     --------  ----------------------  --------------------  
clk                -2.213     -241.167                    261                23492        0.022        0.000                      0                23492        2.750        0.000                       0                  9808  


------------------------------------------------------------------------------------------------
| Inter Clock Table
| -----------------
------------------------------------------------------------------------------------------------

From Clock    To Clock          WNS(ns)      TNS(ns)  TNS Failing Endpoints  TNS Total Endpoints      WHS(ns)      THS(ns)  THS Failing Endpoints  THS Total Endpoints  
----------    --------          -------      -------  ---------------------  -------------------      -------      -------  ---------------------  -------------------  


------------------------------------------------------------------------------------------------
| Other Path Groups Table
| -----------------------
------------------------------------------------------------------------------------------------

Path Group    From Clock    To Clock          WNS(ns)      TNS(ns)  TNS Failing Endpoints  TNS Total Endpoints      WHS(ns)      THS(ns)  THS Failing Endpoints  THS Total Endpoints  
----------    ----------    --------          -------      -------  ---------------------  -------------------      -------      -------  ---------------------  -------------------  


------------------------------------------------------------------------------------------------
| Timing Details
| --------------
------------------------------------------------------------------------------------------------


---------------------------------------------------------------------------------------------------
From Clock:  clk
  To Clock:  clk

Setup :          261  Failing Endpoints,  Worst Slack       -2.213ns,  Total Violation     -241.167ns
Hold  :            0  Failing Endpoints,  Worst Slack        0.022ns,  Total Violation        0.000ns
PW    :            0  Failing Endpoints,  Worst Slack        2.750ns,  Total Violation        0.000ns
---------------------------------------------------------------------------------------------------


Max Delay Paths
--------------------------------------------------------------------------------------
Slack (VIOLATED) :        -2.213ns  (required time - arrival time)
  Source:                 u_persp/pz2_reg[44]/C
                            (rising edge-triggered cell FDRE clocked by clk  {rise@0.000ns fall@4.000ns period=8.000ns})
  Destination:            u_persp/depth_v1_reg[34]/D
                            (rising edge-triggered cell FDRE clocked by clk  {rise@0.000ns fall@4.000ns period=8.000ns})
  Path Group:             clk
  Path Type:              Setup (Max at Slow Process Corner)
  Requirement:            8.000ns  (clk rise@8.000ns - clk rise@0.000ns)
  Data Path Delay:        10.004ns  (logic 5.422ns (54.196%)  route 4.582ns (45.804%))
  Logic Levels:           18  (CARRY4=12 LUT1=1 LUT2=1 LUT3=2 LUT5=1 LUT6=1)
  Clock Path Skew:        -0.235ns (DCD - SCD + CPR)
    Destination Clock Delay (DCD):    1.521ns = ( 9.521 - 8.000 ) 
    Source Clock Delay      (SCD):    1.756ns
    Clock Pessimism Removal (CPR):    0.000ns
  Clock Uncertainty:      0.035ns  ((TSJ^2 + TIJ^2)^1/2 + DJ) / 2 + PE
    Total System Jitter     (TSJ):    0.071ns
    Total Input Jitter      (TIJ):    0.000ns
    Discrete Jitter          (DJ):    0.000ns
    Phase Error              (PE):    0.000ns

    Location             Delay type                Incr(ns)  Path(ns)    Netlist Resource(s)
  -------------------------------------------------------------------    -------------------
                         (clock clk rise edge)        0.000     0.000 r  <hidden>
                                                      0.000     0.000 r  clk
                         net (fo=9811, unset)         1.756     1.756    u_persp/clk
    SLICE_X17Y43         FDRE                                         r  u_persp/pz2_reg[44]/C
  -------------------------------------------------------------------    -------------------
    SLICE_X17Y43         FDRE (Prop_fdre_C_Q)         0.456     2.212 f  u_persp/pz2_reg[44]/Q
                         net (fo=2, routed)           0.315     2.527    u_persp/nz[20]
    SLICE_X16Y44         LUT1 (Prop_lut1_I0_O)        0.124     2.651 r  u_persp/depth_v1[20]_i_35/O
                         net (fo=1, routed)           0.000     2.651    u_persp/depth_v1[20]_i_35_n_0
    SLICE_X16Y44         CARRY4 (Prop_carry4_S[1]_CO[3])
                                                      0.533     3.184 r  u_persp/depth_v1_reg[20]_i_17/CO[3]
                         net (fo=1, routed)           0.000     3.184    u_persp/depth_v1_reg[20]_i_17_n_0
    SLICE_X16Y45         CARRY4 (Prop_carry4_CI_O[1])
                                                      0.323     3.507 r  u_persp/depth_v1_reg[20]_i_15/O[1]
                         net (fo=16, routed)          1.096     4.604    u_persp/depth_full1[24]
    SLICE_X26Y43         LUT2 (Prop_lut2_I1_O)        0.306     4.910 r  u_persp/depth_v1[12]_i_47/O
                         net (fo=1, routed)           0.000     4.910    u_persp/depth_v1[12]_i_47_n_0
    SLICE_X26Y43         CARRY4 (Prop_carry4_S[0]_CO[3])
                                                      0.513     5.423 r  u_persp/depth_v1_reg[12]_i_35/CO[3]
                         net (fo=1, routed)           0.000     5.423    u_persp/depth_v1_reg[12]_i_35_n_0
    SLICE_X26Y44         CARRY4 (Prop_carry4_CI_O[1])
                                                      0.323     5.746 r  u_persp/depth_v1_reg[16]_i_35/O[1]
                         net (fo=3, routed)           0.859     6.605    u_persp/depth_v1_reg[16]_i_35_n_6
    SLICE_X27Y51         LUT3 (Prop_lut3_I2_O)        0.306     6.911 r  u_persp/depth_v1[12]_i_26/O
                         net (fo=1, routed)           0.802     7.713    u_persp/depth_v1[12]_i_26_n_0
    SLICE_X26Y55         CARRY4 (Prop_carry4_DI[2]_CO[3])
                                                      0.404     8.117 r  u_persp/depth_v1_reg[12]_i_13/CO[3]
                         net (fo=1, routed)           0.000     8.117    u_persp/depth_v1_reg[12]_i_13_n_0
    SLICE_X26Y56         CARRY4 (Prop_carry4_CI_CO[3])
                                                      0.117     8.234 r  u_persp/depth_v1_reg[16]_i_13/CO[3]
                         net (fo=1, routed)           0.000     8.234    u_persp/depth_v1_reg[16]_i_13_n_0
    SLICE_X26Y57         CARRY4 (Prop_carry4_CI_CO[3])
                                                      0.117     8.351 r  u_persp/depth_v1_reg[20]_i_13/CO[3]
                         net (fo=1, routed)           0.000     8.351    u_persp/depth_v1_reg[20]_i_13_n_0
    SLICE_X26Y58         CARRY4 (Prop_carry4_CI_O[2])
                                                      0.239     8.590 r  u_persp/depth_v1_reg[24]_i_13/O[2]
                         net (fo=3, routed)           0.698     9.287    u_persp/depth_v1_reg[24]_i_13_n_5
    SLICE_X33Y57         LUT3 (Prop_lut3_I1_O)        0.301     9.588 r  u_persp/depth_v1[24]_i_16/O
                         net (fo=2, routed)           0.166     9.754    u_persp/depth_v1[24]_i_16_n_0
    SLICE_X33Y57         LUT5 (Prop_lut5_I1_O)        0.124     9.878 r  u_persp/depth_v1[24]_i_4/O
                         net (fo=2, routed)           0.646    10.524    u_persp/depth_v1[24]_i_4_n_0
    SLICE_X29Y58         LUT6 (Prop_lut6_I0_O)        0.124    10.648 r  u_persp/depth_v1[24]_i_8/O
                         net (fo=1, routed)           0.000    10.648    u_persp/depth_v1[24]_i_8_n_0
    SLICE_X29Y58         CARRY4 (Prop_carry4_S[1]_CO[3])
                                                      0.550    11.198 r  u_persp/depth_v1_reg[24]_i_1/CO[3]
                         net (fo=1, routed)           0.000    11.198    u_persp/depth_v1_reg[24]_i_1_n_0
    SLICE_X29Y59         CARRY4 (Prop_carry4_CI_CO[3])
                                                      0.114    11.312 r  u_persp/depth_v1_reg[28]_i_1/CO[3]
                         net (fo=1, routed)           0.000    11.312    u_persp/depth_v1_reg[28]_i_1_n_0
    SLICE_X29Y60         CARRY4 (Prop_carry4_CI_CO[3])
                                                      0.114    11.426 r  u_persp/depth_v1_reg[32]_i_1/CO[3]
                         net (fo=1, routed)           0.000    11.426    u_persp/depth_v1_reg[32]_i_1_n_0
    SLICE_X29Y61         CARRY4 (Prop_carry4_CI_O[1])
                                                      0.334    11.760 r  u_persp/depth_v1_reg[47]_i_1/O[1]
                         net (fo=1, routed)           0.000    11.760    u_persp/depth_v1_reg[47]_i_1_n_6
    SLICE_X29Y61         FDRE                                         r  u_persp/depth_v1_reg[34]/D
  -------------------------------------------------------------------    -------------------

                         (clock clk rise edge)        8.000     8.000 r  <hidden>
                                                      0.000     8.000 r  clk
                         net (fo=9811, unset)         1.521     9.521    u_persp/clk
    SLICE_X29Y61         FDRE                                         r  u_persp/depth_v1_reg[34]/C
                         clock pessimism              0.000     9.521    <hidden>
                         clock uncertainty           -0.035     9.486    <hidden>
    SLICE_X29Y61         FDRE (Setup_fdre_C_D)        0.062     9.548    u_persp/depth_v1_reg[34]
  -------------------------------------------------------------------
                         required time                          9.548    <hidden>
                         arrival time                         -11.760    <hidden>
  -------------------------------------------------------------------
                         slack                                 -2.213    <hidden>

Slack (VIOLATED) :        -2.192ns  (required time - arrival time)
  Source:                 u_persp/pz2_reg[44]/C
                            (rising edge-triggered cell FDRE clocked by clk  {rise@0.000ns fall@4.000ns period=8.000ns})
  Destination:            u_persp/depth_v1_reg[47]/D
                            (rising edge-triggered cell FDRE clocked by clk  {rise@0.000ns fall@4.000ns period=8.000ns})
  Path Group:             clk
  Path Type:              Setup (Max at Slow Process Corner)
  Requirement:            8.000ns  (clk rise@8.000ns - clk rise@0.000ns)
  Data Path Delay:        9.983ns  (logic 5.401ns (54.100%)  route 4.582ns (45.900%))
  Logic Levels:           18  (CARRY4=12 LUT1=1 LUT2=1 LUT3=2 LUT5=1 LUT6=1)
  Clock Path Skew:        -0.235ns (DCD - SCD + CPR)
    Destination Clock Delay (DCD):    1.521ns = ( 9.521 - 8.000 ) 
    Source Clock Delay      (SCD):    1.756ns
    Clock Pessimism Removal (CPR):    0.000ns
  Clock Uncertainty:      0.035ns  ((TSJ^2 + TIJ^2)^1/2 + DJ) / 2 + PE
    Total System Jitter     (TSJ):    0.071ns
    Total Input Jitter      (TIJ):    0.000ns
    Discrete Jitter          (DJ):    0.000ns
    Phase Error              (PE):    0.000ns

    Location             Delay type                Incr(ns)  Path(ns)    Netlist Resource(s)
  -------------------------------------------------------------------    -------------------
                         (clock clk rise edge)        0.000     0.000 r  <hidden>
                                                      0.000     0.000 r  clk
                         net (fo=9811, unset)         1.756     1.756    u_persp/clk
    SLICE_X17Y43         FDRE                                         r  u_persp/pz2_reg[44]/C
  -------------------------------------------------------------------    -------------------
    SLICE_X17Y43         FDRE (Prop_fdre_C_Q)         0.456     2.212 f  u_persp/pz2_reg[44]/Q
                         net (fo=2, routed)           0.315     2.527    u_persp/nz[20]
    SLICE_X16Y44         LUT1 (Prop_lut1_I0_O)        0.124     2.651 r  u_persp/depth_v1[20]_i_35/O
                         net (fo=1, routed)           0.000     2.651    u_persp/depth_v1[20]_i_35_n_0
    SLICE_X16Y44         CARRY4 (Prop_carry4_S[1]_CO[3])
                                                      0.533     3.184 r  u_persp/depth_v1_reg[20]_i_17/CO[3]
                         net (fo=1, routed)           0.000     3.184    u_persp/depth_v1_reg[20]_i_17_n_0
    SLICE_X16Y45         CARRY4 (Prop_carry4_CI_O[1])
                                                      0.323     3.507 r  u_persp/depth_v1_reg[20]_i_15/O[1]
                         net (fo=16, routed)          1.096     4.604    u_persp/depth_full1[24]
    SLICE_X26Y43         LUT2 (Prop_lut2_I1_O)        0.306     4.910 r  u_persp/depth_v1[12]_i_47/O
                         net (fo=1, routed)           0.000     4.910    u_persp/depth_v1[12]_i_47_n_0
    SLICE_X26Y43         CARRY4 (Prop_carry4_S[0]_CO[3])
                                                      0.513     5.423 r  u_persp/depth_v1_reg[12]_i_35/CO[3]
                         net (fo=1, routed)           0.000     5.423    u_persp/depth_v1_reg[12]_i_35_n_0
    SLICE_X26Y44         CARRY4 (Prop_carry4_CI_O[1])
                                                      0.323     5.746 r  u_persp/depth_v1_reg[16]_i_35/O[1]
                         net (fo=3, routed)           0.859     6.605    u_persp/depth_v1_reg[16]_i_35_n_6
    SLICE_X27Y51         LUT3 (Prop_lut3_I2_O)        0.306     6.911 r  u_persp/depth_v1[12]_i_26/O
                         net (fo=1, routed)           0.802     7.713    u_persp/depth_v1[12]_i_26_n_0
    SLICE_X26Y55         CARRY4 (Prop_carry4_DI[2]_CO[3])
                                                      0.404     8.117 r  u_persp/depth_v1_reg[12]_i_13/CO[3]
                         net (fo=1, routed)           0.000     8.117    u_persp/depth_v1_reg[12]_i_13_n_0
    SLICE_X26Y56         CARRY4 (Prop_carry4_CI_CO[3])
                                                      0.117     8.234 r  u_persp/depth_v1_reg[16]_i_13/CO[3]
                         net (fo=1, routed)           0.000     8.234    u_persp/depth_v1_reg[16]_i_13_n_0
    SLICE_X26Y57         CARRY4 (Prop_carry4_CI_CO[3])
                                                      0.117     8.351 r  u_persp/depth_v1_reg[20]_i_13/CO[3]
                         net (fo=1, routed)           0.000     8.351    u_persp/depth_v1_reg[20]_i_13_n_0
    SLICE_X26Y58         CARRY4 (Prop_carry4_CI_O[2])
                                                      0.239     8.590 r  u_persp/depth_v1_reg[24]_i_13/O[2]
                         net (fo=3, routed)           0.698     9.287    u_persp/depth_v1_reg[24]_i_13_n_5
    SLICE_X33Y57         LUT3 (Prop_lut3_I1_O)        0.301     9.588 r  u_persp/depth_v1[24]_i_16/O
                         net (fo=2, routed)           0.166     9.754    u_persp/depth_v1[24]_i_16_n_0
    SLICE_X33Y57         LUT5 (Prop_lut5_I1_O)        0.124     9.878 r  u_persp/depth_v1[24]_i_4/O
                         net (fo=2, routed)           0.646    10.524    u_persp/depth_v1[24]_i_4_n_0
    SLICE_X29Y58         LUT6 (Prop_lut6_I0_O)        0.124    10.648 r  u_persp/depth_v1[24]_i_8/O
                         net (fo=1, routed)           0.000    10.648    u_persp/depth_v1[24]_i_8_n_0
    SLICE_X29Y58         CARRY4 (Prop_carry4_S[1]_CO[3])
                                                      0.550    11.198 r  u_persp/depth_v1_reg[24]_i_1/CO[3]
                         net (fo=1, routed)           0.000    11.198    u_persp/depth_v1_reg[24]_i_1_n_0
    SLICE_X29Y59         CARRY4 (Prop_carry4_CI_CO[3])
                                                      0.114    11.312 r  u_persp/depth_v1_reg[28]_i_1/CO[3]
                         net (fo=1, routed)           0.000    11.312    u_persp/depth_v1_reg[28]_i_1_n_0
    SLICE_X29Y60         CARRY4 (Prop_carry4_CI_CO[3])
                                                      0.114    11.426 r  u_persp/depth_v1_reg[32]_i_1/CO[3]
                         net (fo=1, routed)           0.000    11.426    u_persp/depth_v1_reg[32]_i_1_n_0
    SLICE_X29Y61         CARRY4 (Prop_carry4_CI_O[3])
                                                      0.313    11.739 r  u_persp/depth_v1_reg[47]_i_1/O[3]
                         net (fo=1, routed)           0.000    11.739    u_persp/depth_full0
    SLICE_X29Y61         FDRE                                         r  u_persp/depth_v1_reg[47]/D
  -------------------------------------------------------------------    -------------------

                         (clock clk rise edge)        8.000     8.000 r  <hidden>
                                                      0.000     8.000 r  clk
                         net (fo=9811, unset)         1.521     9.521    u_persp/clk
    SLICE_X29Y61         FDRE                                         r  u_persp/depth_v1_reg[47]/C
                         clock pessimism              0.000     9.521    <hidden>
                         clock uncertainty           -0.035     9.486    <hidden>
    SLICE_X29Y61         FDRE (Setup_fdre_C_D)        0.062     9.548    u_persp/depth_v1_reg[47]
  -------------------------------------------------------------------
                         required time                          9.548    <hidden>
                         arrival time                         -11.739    <hidden>
  -------------------------------------------------------------------
                         slack                                 -2.192    <hidden>

Slack (VIOLATED) :        -2.118ns  (required time - arrival time)
  Source:                 u_persp/pz2_reg[44]/C
                            (rising edge-triggered cell FDRE clocked by clk  {rise@0.000ns fall@4.000ns period=8.000ns})
  Destination:            u_persp/depth_v1_reg[35]/D
                            (rising edge-triggered cell FDRE clocked by clk  {rise@0.000ns fall@4.000ns period=8.000ns})
  Path Group:             clk
  Path Type:              Setup (Max at Slow Process Corner)
  Requirement:            8.000ns  (clk rise@8.000ns - clk rise@0.000ns)
  Data Path Delay:        9.909ns  (logic 5.327ns (53.757%)  route 4.582ns (46.243%))
  Logic Levels:           18  (CARRY4=12 LUT1=1 LUT2=1 LUT3=2 LUT5=1 LUT6=1)
  Clock Path Skew:        -0.235ns (DCD - SCD + CPR)
    Destination Clock Delay (DCD):    1.521ns = ( 9.521 - 8.000 ) 
    Source Clock Delay      (SCD):    1.756ns
    Clock Pessimism Removal (CPR):    0.000ns
  Clock Uncertainty:      0.035ns  ((TSJ^2 + TIJ^2)^1/2 + DJ) / 2 + PE
    Total System Jitter     (TSJ):    0.071ns
    Total Input Jitter      (TIJ):    0.000ns
    Discrete Jitter          (DJ):    0.000ns
    Phase Error              (PE):    0.000ns

    Location             Delay type                Incr(ns)  Path(ns)    Netlist Resource(s)
  -------------------------------------------------------------------    -------------------
                         (clock clk rise edge)        0.000     0.000 r  <hidden>
                                                      0.000     0.000 r  clk
                         net (fo=9811, unset)         1.756     1.756    u_persp/clk
    SLICE_X17Y43         FDRE                                         r  u_persp/pz2_reg[44]/C
  -------------------------------------------------------------------    -------------------
    SLICE_X17Y43         FDRE (Prop_fdre_C_Q)         0.456     2.212 f  u_persp/pz2_reg[44]/Q
                         net (fo=2, routed)           0.315     2.527    u_persp/nz[20]
    SLICE_X16Y44         LUT1 (Prop_lut1_I0_O)        0.124     2.651 r  u_persp/depth_v1[20]_i_35/O
                         net (fo=1, routed)           0.000     2.651    u_persp/depth_v1[20]_i_35_n_0
    SLICE_X16Y44         CARRY4 (Prop_carry4_S[1]_CO[3])
                                                      0.533     3.184 r  u_persp/depth_v1_reg[20]_i_17/CO[3]
                         net (fo=1, routed)           0.000     3.184    u_persp/depth_v1_reg[20]_i_17_n_0
    SLICE_X16Y45         CARRY4 (Prop_carry4_CI_O[1])
                                                      0.323     3.507 r  u_persp/depth_v1_reg[20]_i_15/O[1]
                         net (fo=16, routed)          1.096     4.604    u_persp/depth_full1[24]
    SLICE_X26Y43         LUT2 (Prop_lut2_I1_O)        0.306     4.910 r  u_persp/depth_v1[12]_i_47/O
                         net (fo=1, routed)           0.000     4.910    u_persp/depth_v1[12]_i_47_n_0
    SLICE_X26Y43         CARRY4 (Prop_carry4_S[0]_CO[3])
                                                      0.513     5.423 r  u_persp/depth_v1_reg[12]_i_35/CO[3]
                         net (fo=1, routed)           0.000     5.423    u_persp/depth_v1_reg[12]_i_35_n_0
    SLICE_X26Y44         CARRY4 (Prop_carry4_CI_O[1])
                                                      0.323     5.746 r  u_persp/depth_v1_reg[16]_i_35/O[1]
                         net (fo=3, routed)           0.859     6.605    u_persp/depth_v1_reg[16]_i_35_n_6
    SLICE_X27Y51         LUT3 (Prop_lut3_I2_O)        0.306     6.911 r  u_persp/depth_v1[12]_i_26/O
                         net (fo=1, routed)           0.802     7.713    u_persp/depth_v1[12]_i_26_n_0
    SLICE_X26Y55         CARRY4 (Prop_carry4_DI[2]_CO[3])
                                                      0.404     8.117 r  u_persp/depth_v1_reg[12]_i_13/CO[3]
                         net (fo=1, routed)           0.000     8.117    u_persp/depth_v1_reg[12]_i_13_n_0
    SLICE_X26Y56         CARRY4 (Prop_carry4_CI_CO[3])
                                                      0.117     8.234 r  u_persp/depth_v1_reg[16]_i_13/CO[3]
                         net (fo=1, routed)           0.000     8.234    u_persp/depth_v1_reg[16]_i_13_n_0
    SLICE_X26Y57         CARRY4 (Prop_carry4_CI_CO[3])
                                                      0.117     8.351 r  u_persp/depth_v1_reg[20]_i_13/CO[3]
                         net (fo=1, routed)           0.000     8.351    u_persp/depth_v1_reg[20]_i_13_n_0
    SLICE_X26Y58         CARRY4 (Prop_carry4_CI_O[2])
                                                      0.239     8.590 r  u_persp/depth_v1_reg[24]_i_13/O[2]
                         net (fo=3, routed)           0.698     9.287    u_persp/depth_v1_reg[24]_i_13_n_5
    SLICE_X33Y57         LUT3 (Prop_lut3_I1_O)        0.301     9.588 r  u_persp/depth_v1[24]_i_16/O
                         net (fo=2, routed)           0.166     9.754    u_persp/depth_v1[24]_i_16_n_0
    SLICE_X33Y57         LUT5 (Prop_lut5_I1_O)        0.124     9.878 r  u_persp/depth_v1[24]_i_4/O
                         net (fo=2, routed)           0.646    10.524    u_persp/depth_v1[24]_i_4_n_0
    SLICE_X29Y58         LUT6 (Prop_lut6_I0_O)        0.124    10.648 r  u_persp/depth_v1[24]_i_8/O
                         net (fo=1, routed)           0.000    10.648    u_persp/depth_v1[24]_i_8_n_0
    SLICE_X29Y58         CARRY4 (Prop_carry4_S[1]_CO[3])
                                                      0.550    11.198 r  u_persp/depth_v1_reg[24]_i_1/CO[3]
                         net (fo=1, routed)           0.000    11.198    u_persp/depth_v1_reg[24]_i_1_n_0
    SLICE_X29Y59         CARRY4 (Prop_carry4_CI_CO[3])
                                                      0.114    11.312 r  u_persp/depth_v1_reg[28]_i_1/CO[3]
                         net (fo=1, routed)           0.000    11.312    u_persp/depth_v1_reg[28]_i_1_n_0
    SLICE_X29Y60         CARRY4 (Prop_carry4_CI_CO[3])
                                                      0.114    11.426 r  u_persp/depth_v1_reg[32]_i_1/CO[3]
                         net (fo=1, routed)           0.000    11.426    u_persp/depth_v1_reg[32]_i_1_n_0
    SLICE_X29Y61         CARRY4 (Prop_carry4_CI_O[2])
                                                      0.239    11.665 r  u_persp/depth_v1_reg[47]_i_1/O[2]
                         net (fo=1, routed)           0.000    11.665    u_persp/depth_v1_reg[47]_i_1_n_5
    SLICE_X29Y61         FDRE                                         r  u_persp/depth_v1_reg[35]/D
  -------------------------------------------------------------------    -------------------

                         (clock clk rise edge)        8.000     8.000 r  <hidden>
                                                      0.000     8.000 r  clk
                         net (fo=9811, unset)         1.521     9.521    u_persp/clk
    SLICE_X29Y61         FDRE                                         r  u_persp/depth_v1_reg[35]/C
                         clock pessimism              0.000     9.521    <hidden>
                         clock uncertainty           -0.035     9.486    <hidden>
    SLICE_X29Y61         FDRE (Setup_fdre_C_D)        0.062     9.548    u_persp/depth_v1_reg[35]
  -------------------------------------------------------------------
                         required time                          9.548    <hidden>
                         arrival time                         -11.665    <hidden>
  -------------------------------------------------------------------
                         slack                                 -2.118    <hidden>

Slack (VIOLATED) :        -2.102ns  (required time - arrival time)
  Source:                 u_persp/pz2_reg[44]/C
                            (rising edge-triggered cell FDRE clocked by clk  {rise@0.000ns fall@4.000ns period=8.000ns})
  Destination:            u_persp/depth_v1_reg[33]/D
                            (rising edge-triggered cell FDRE clocked by clk  {rise@0.000ns fall@4.000ns period=8.000ns})
  Path Group:             clk
  Path Type:              Setup (Max at Slow Process Corner)
  Requirement:            8.000ns  (clk rise@8.000ns - clk rise@0.000ns)
  Data Path Delay:        9.893ns  (logic 5.311ns (53.682%)  route 4.582ns (46.317%))
  Logic Levels:           18  (CARRY4=12 LUT1=1 LUT2=1 LUT3=2 LUT5=1 LUT6=1)
  Clock Path Skew:        -0.235ns (DCD - SCD + CPR)
    Destination Clock Delay (DCD):    1.521ns = ( 9.521 - 8.000 ) 
    Source Clock Delay      (SCD):    1.756ns
    Clock Pessimism Removal (CPR):    0.000ns
  Clock Uncertainty:      0.035ns  ((TSJ^2 + TIJ^2)^1/2 + DJ) / 2 + PE
    Total System Jitter     (TSJ):    0.071ns
    Total Input Jitter      (TIJ):    0.000ns
    Discrete Jitter          (DJ):    0.000ns
    Phase Error              (PE):    0.000ns

    Location             Delay type                Incr(ns)  Path(ns)    Netlist Resource(s)
  -------------------------------------------------------------------    -------------------
                         (clock clk rise edge)        0.000     0.000 r  <hidden>
                                                      0.000     0.000 r  clk
                         net (fo=9811, unset)         1.756     1.756    u_persp/clk
    SLICE_X17Y43         FDRE                                         r  u_persp/pz2_reg[44]/C
  -------------------------------------------------------------------    -------------------
    SLICE_X17Y43         FDRE (Prop_fdre_C_Q)         0.456     2.212 f  u_persp/pz2_reg[44]/Q
                         net (fo=2, routed)           0.315     2.527    u_persp/nz[20]
    SLICE_X16Y44         LUT1 (Prop_lut1_I0_O)        0.124     2.651 r  u_persp/depth_v1[20]_i_35/O
                         net (fo=1, routed)           0.000     2.651    u_persp/depth_v1[20]_i_35_n_0
    SLICE_X16Y44         CARRY4 (Prop_carry4_S[1]_CO[3])
                                                      0.533     3.184 r  u_persp/depth_v1_reg[20]_i_17/CO[3]
                         net (fo=1, routed)           0.000     3.184    u_persp/depth_v1_reg[20]_i_17_n_0
    SLICE_X16Y45         CARRY4 (Prop_carry4_CI_O[1])
                                                      0.323     3.507 r  u_persp/depth_v1_reg[20]_i_15/O[1]
                         net (fo=16, routed)          1.096     4.604    u_persp/depth_full1[24]
    SLICE_X26Y43         LUT2 (Prop_lut2_I1_O)        0.306     4.910 r  u_persp/depth_v1[12]_i_47/O
                         net (fo=1, routed)           0.000     4.910    u_persp/depth_v1[12]_i_47_n_0
    SLICE_X26Y43         CARRY4 (Prop_carry4_S[0]_CO[3])
                                                      0.513     5.423 r  u_persp/depth_v1_reg[12]_i_35/CO[3]
                         net (fo=1, routed)           0.000     5.423    u_persp/depth_v1_reg[12]_i_35_n_0
    SLICE_X26Y44         CARRY4 (Prop_carry4_CI_O[1])
                                                      0.323     5.746 r  u_persp/depth_v1_reg[16]_i_35/O[1]
                         net (fo=3, routed)           0.859     6.605    u_persp/depth_v1_reg[16]_i_35_n_6
    SLICE_X27Y51         LUT3 (Prop_lut3_I2_O)        0.306     6.911 r  u_persp/depth_v1[12]_i_26/O
                         net (fo=1, routed)           0.802     7.713    u_persp/depth_v1[12]_i_26_n_0
    SLICE_X26Y55         CARRY4 (Prop_carry4_DI[2]_CO[3])
                                                      0.404     8.117 r  u_persp/depth_v1_reg[12]_i_13/CO[3]
                         net (fo=1, routed)           0.000     8.117    u_persp/depth_v1_reg[12]_i_13_n_0
    SLICE_X26Y56         CARRY4 (Prop_carry4_CI_CO[3])
                                                      0.117     8.234 r  u_persp/depth_v1_reg[16]_i_13/CO[3]
                         net (fo=1, routed)           0.000     8.234    u_persp/depth_v1_reg[16]_i_13_n_0
    SLICE_X26Y57         CARRY4 (Prop_carry4_CI_CO[3])
                                                      0.117     8.351 r  u_persp/depth_v1_reg[20]_i_13/CO[3]
                         net (fo=1, routed)           0.000     8.351    u_persp/depth_v1_reg[20]_i_13_n_0
    SLICE_X26Y58         CARRY4 (Prop_carry4_CI_O[2])
                                                      0.239     8.590 r  u_persp/depth_v1_reg[24]_i_13/O[2]
                         net (fo=3, routed)           0.698     9.287    u_persp/depth_v1_reg[24]_i_13_n_5
    SLICE_X33Y57         LUT3 (Prop_lut3_I1_O)        0.301     9.588 r  u_persp/depth_v1[24]_i_16/O
                         net (fo=2, routed)           0.166     9.754    u_persp/depth_v1[24]_i_16_n_0
    SLICE_X33Y57         LUT5 (Prop_lut5_I1_O)        0.124     9.878 r  u_persp/depth_v1[24]_i_4/O
                         net (fo=2, routed)           0.646    10.524    u_persp/depth_v1[24]_i_4_n_0
    SLICE_X29Y58         LUT6 (Prop_lut6_I0_O)        0.124    10.648 r  u_persp/depth_v1[24]_i_8/O
                         net (fo=1, routed)           0.000    10.648    u_persp/depth_v1[24]_i_8_n_0
    SLICE_X29Y58         CARRY4 (Prop_carry4_S[1]_CO[3])
                                                      0.550    11.198 r  u_persp/depth_v1_reg[24]_i_1/CO[3]
                         net (fo=1, routed)           0.000    11.198    u_persp/depth_v1_reg[24]_i_1_n_0
    SLICE_X29Y59         CARRY4 (Prop_carry4_CI_CO[3])
                                                      0.114    11.312 r  u_persp/depth_v1_reg[28]_i_1/CO[3]
                         net (fo=1, routed)           0.000    11.312    u_persp/depth_v1_reg[28]_i_1_n_0
    SLICE_X29Y60         CARRY4 (Prop_carry4_CI_CO[3])
                                                      0.114    11.426 r  u_persp/depth_v1_reg[32]_i_1/CO[3]
                         net (fo=1, routed)           0.000    11.426    u_persp/depth_v1_reg[32]_i_1_n_0
    SLICE_X29Y61         CARRY4 (Prop_carry4_CI_O[0])
                                                      0.223    11.649 r  u_persp/depth_v1_reg[47]_i_1/O[0]
                         net (fo=1, routed)           0.000    11.649    u_persp/depth_v1_reg[47]_i_1_n_7
    SLICE_X29Y61         FDRE                                         r  u_persp/depth_v1_reg[33]/D
  -------------------------------------------------------------------    -------------------

                         (clock clk rise edge)        8.000     8.000 r  <hidden>
                                                      0.000     8.000 r  clk
                         net (fo=9811, unset)         1.521     9.521    u_persp/clk
    SLICE_X29Y61         FDRE                                         r  u_persp/depth_v1_reg[33]/C
                         clock pessimism              0.000     9.521    <hidden>
                         clock uncertainty           -0.035     9.486    <hidden>
    SLICE_X29Y61         FDRE (Setup_fdre_C_D)        0.062     9.548    u_persp/depth_v1_reg[33]
  -------------------------------------------------------------------
                         required time                          9.548    <hidden>
                         arrival time                         -11.649    <hidden>
  -------------------------------------------------------------------
                         slack                                 -2.102    <hidden>

Slack (VIOLATED) :        -2.098ns  (required time - arrival time)
  Source:                 u_persp/pz2_reg[44]/C
                            (rising edge-triggered cell FDRE clocked by clk  {rise@0.000ns fall@4.000ns period=8.000ns})
  Destination:            u_persp/depth_v1_reg[30]/D
                            (rising edge-triggered cell FDRE clocked by clk  {rise@0.000ns fall@4.000ns period=8.000ns})
  Path Group:             clk
  Path Type:              Setup (Max at Slow Process Corner)
  Requirement:            8.000ns  (clk rise@8.000ns - clk rise@0.000ns)
  Data Path Delay:        9.890ns  (logic 5.308ns (53.668%)  route 4.582ns (46.332%))
  Logic Levels:           17  (CARRY4=11 LUT1=1 LUT2=1 LUT3=2 LUT5=1 LUT6=1)
  Clock Path Skew:        -0.234ns (DCD - SCD + CPR)
    Destination Clock Delay (DCD):    1.522ns = ( 9.522 - 8.000 ) 
    Source Clock Delay      (SCD):    1.756ns
    Clock Pessimism Removal (CPR):    0.000ns
  Clock Uncertainty:      0.035ns  ((TSJ^2 + TIJ^2)^1/2 + DJ) / 2 + PE
    Total System Jitter     (TSJ):    0.071ns
    Total Input Jitter      (TIJ):    0.000ns
    Discrete Jitter          (DJ):    0.000ns
    Phase Error              (PE):    0.000ns

    Location             Delay type                Incr(ns)  Path(ns)    Netlist Resource(s)
  -------------------------------------------------------------------    -------------------
                         (clock clk rise edge)        0.000     0.000 r  <hidden>
                                                      0.000     0.000 r  clk
                         net (fo=9811, unset)         1.756     1.756    u_persp/clk
    SLICE_X17Y43         FDRE                                         r  u_persp/pz2_reg[44]/C
  -------------------------------------------------------------------    -------------------
    SLICE_X17Y43         FDRE (Prop_fdre_C_Q)         0.456     2.212 f  u_persp/pz2_reg[44]/Q
                         net (fo=2, routed)           0.315     2.527    u_persp/nz[20]
    SLICE_X16Y44         LUT1 (Prop_lut1_I0_O)        0.124     2.651 r  u_persp/depth_v1[20]_i_35/O
                         net (fo=1, routed)           0.000     2.651    u_persp/depth_v1[20]_i_35_n_0
    SLICE_X16Y44         CARRY4 (Prop_carry4_S[1]_CO[3])
                                                      0.533     3.184 r  u_persp/depth_v1_reg[20]_i_17/CO[3]
                         net (fo=1, routed)           0.000     3.184    u_persp/depth_v1_reg[20]_i_17_n_0
    SLICE_X16Y45         CARRY4 (Prop_carry4_CI_O[1])
                                                      0.323     3.507 r  u_persp/depth_v1_reg[20]_i_15/O[1]
                         net (fo=16, routed)          1.096     4.604    u_persp/depth_full1[24]
    SLICE_X26Y43         LUT2 (Prop_lut2_I1_O)        0.306     4.910 r  u_persp/depth_v1[12]_i_47/O
                         net (fo=1, routed)           0.000     4.910    u_persp/depth_v1[12]_i_47_n_0
    SLICE_X26Y43         CARRY4 (Prop_carry4_S[0]_CO[3])
                                                      0.513     5.423 r  u_persp/depth_v1_reg[12]_i_35/CO[3]
                         net (fo=1, routed)           0.000     5.423    u_persp/depth_v1_reg[12]_i_35_n_0
    SLICE_X26Y44         CARRY4 (Prop_carry4_CI_O[1])
                                                      0.323     5.746 r  u_persp/depth_v1_reg[16]_i_35/O[1]
                         net (fo=3, routed)           0.859     6.605    u_persp/depth_v1_reg[16]_i_35_n_6
    SLICE_X27Y51         LUT3 (Prop_lut3_I2_O)        0.306     6.911 r  u_persp/depth_v1[12]_i_26/O
                         net (fo=1, routed)           0.802     7.713    u_persp/depth_v1[12]_i_26_n_0
    SLICE_X26Y55         CARRY4 (Prop_carry4_DI[2]_CO[3])
                                                      0.404     8.117 r  u_persp/depth_v1_reg[12]_i_13/CO[3]
                         net (fo=1, routed)           0.000     8.117    u_persp/depth_v1_reg[12]_i_13_n_0
    SLICE_X26Y56         CARRY4 (Prop_carry4_CI_CO[3])
                                                      0.117     8.234 r  u_persp/depth_v1_reg[16]_i_13/CO[3]
                         net (fo=1, routed)           0.000     8.234    u_persp/depth_v1_reg[16]_i_13_n_0
    SLICE_X26Y57         CARRY4 (Prop_carry4_CI_CO[3])
                                                      0.117     8.351 r  u_persp/depth_v1_reg[20]_i_13/CO[3]
                         net (fo=1, routed)           0.000     8.351    u_persp/depth_v1_reg[20]_i_13_n_0
    SLICE_X26Y58         CARRY4 (Prop_carry4_CI_O[2])
                                                      0.239     8.590 r  u_persp/depth_v1_reg[24]_i_13/O[2]
                         net (fo=3, routed)           0.698     9.287    u_persp/depth_v1_reg[24]_i_13_n_5
    SLICE_X33Y57         LUT3 (Prop_lut3_I1_O)        0.301     9.588 r  u_persp/depth_v1[24]_i_16/O
                         net (fo=2, routed)           0.166     9.754    u_persp/depth_v1[24]_i_16_n_0
    SLICE_X33Y57         LUT5 (Prop_lut5_I1_O)        0.124     9.878 r  u_persp/depth_v1[24]_i_4/O
                         net (fo=2, routed)           0.646    10.524    u_persp/depth_v1[24]_i_4_n_0
    SLICE_X29Y58         LUT6 (Prop_lut6_I0_O)        0.124    10.648 r  u_persp/depth_v1[24]_i_8/O
                         net (fo=1, routed)           0.000    10.648    u_persp/depth_v1[24]_i_8_n_0
    SLICE_X29Y58         CARRY4 (Prop_carry4_S[1]_CO[3])
                                                      0.550    11.198 r  u_persp/depth_v1_reg[24]_i_1/CO[3]
                         net (fo=1, routed)           0.000    11.198    u_persp/depth_v1_reg[24]_i_1_n_0
    SLICE_X29Y59         CARRY4 (Prop_carry4_CI_CO[3])
                                                      0.114    11.312 r  u_persp/depth_v1_reg[28]_i_1/CO[3]
                         net (fo=1, routed)           0.000    11.312    u_persp/depth_v1_reg[28]_i_1_n_0
    SLICE_X29Y60         CARRY4 (Prop_carry4_CI_O[1])
                                                      0.334    11.646 r  u_persp/depth_v1_reg[32]_i_1/O[1]
                         net (fo=1, routed)           0.000    11.646    u_persp/depth_v1_reg[32]_i_1_n_6
    SLICE_X29Y60         FDRE                                         r  u_persp/depth_v1_reg[30]/D
  -------------------------------------------------------------------    -------------------

                         (clock clk rise edge)        8.000     8.000 r  <hidden>
                                                      0.000     8.000 r  clk
                         net (fo=9811, unset)         1.522     9.522    u_persp/clk
    SLICE_X29Y60         FDRE                                         r  u_persp/depth_v1_reg[30]/C
                         clock pessimism              0.000     9.522    <hidden>
                         clock uncertainty           -0.035     9.487    <hidden>
    SLICE_X29Y60         FDRE (Setup_fdre_C_D)        0.062     9.549    u_persp/depth_v1_reg[30]
  -------------------------------------------------------------------
                         required time                          9.549    <hidden>
                         arrival time                         -11.646    <hidden>
  -------------------------------------------------------------------
                         slack                                 -2.098    <hidden>

Slack (VIOLATED) :        -2.077ns  (required time - arrival time)
  Source:                 u_persp/pz2_reg[44]/C
                            (rising edge-triggered cell FDRE clocked by clk  {rise@0.000ns fall@4.000ns period=8.000ns})
  Destination:            u_persp/depth_v1_reg[32]/D
                            (rising edge-triggered cell FDRE clocked by clk  {rise@0.000ns fall@4.000ns period=8.000ns})
  Path Group:             clk
  Path Type:              Setup (Max at Slow Process Corner)
  Requirement:            8.000ns  (clk rise@8.000ns - clk rise@0.000ns)
  Data Path Delay:        9.869ns  (logic 5.287ns (53.570%)  route 4.582ns (46.430%))
  Logic Levels:           17  (CARRY4=11 LUT1=1 LUT2=1 LUT3=2 LUT5=1 LUT6=1)
  Clock Path Skew:        -0.234ns (DCD - SCD + CPR)
    Destination Clock Delay (DCD):    1.522ns = ( 9.522 - 8.000 ) 
    Source Clock Delay      (SCD):    1.756ns
    Clock Pessimism Removal (CPR):    0.000ns
  Clock Uncertainty:      0.035ns  ((TSJ^2 + TIJ^2)^1/2 + DJ) / 2 + PE
    Total System Jitter     (TSJ):    0.071ns
    Total Input Jitter      (TIJ):    0.000ns
    Discrete Jitter          (DJ):    0.000ns
    Phase Error              (PE):    0.000ns

    Location             Delay type                Incr(ns)  Path(ns)    Netlist Resource(s)
  -------------------------------------------------------------------    -------------------
                         (clock clk rise edge)        0.000     0.000 r  <hidden>
                                                      0.000     0.000 r  clk
                         net (fo=9811, unset)         1.756     1.756    u_persp/clk
    SLICE_X17Y43         FDRE                                         r  u_persp/pz2_reg[44]/C
  -------------------------------------------------------------------    -------------------
    SLICE_X17Y43         FDRE (Prop_fdre_C_Q)         0.456     2.212 f  u_persp/pz2_reg[44]/Q
                         net (fo=2, routed)           0.315     2.527    u_persp/nz[20]
    SLICE_X16Y44         LUT1 (Prop_lut1_I0_O)        0.124     2.651 r  u_persp/depth_v1[20]_i_35/O
                         net (fo=1, routed)           0.000     2.651    u_persp/depth_v1[20]_i_35_n_0
    SLICE_X16Y44         CARRY4 (Prop_carry4_S[1]_CO[3])
                                                      0.533     3.184 r  u_persp/depth_v1_reg[20]_i_17/CO[3]
                         net (fo=1, routed)           0.000     3.184    u_persp/depth_v1_reg[20]_i_17_n_0
    SLICE_X16Y45         CARRY4 (Prop_carry4_CI_O[1])
                                                      0.323     3.507 r  u_persp/depth_v1_reg[20]_i_15/O[1]
                         net (fo=16, routed)          1.096     4.604    u_persp/depth_full1[24]
    SLICE_X26Y43         LUT2 (Prop_lut2_I1_O)        0.306     4.910 r  u_persp/depth_v1[12]_i_47/O
                         net (fo=1, routed)           0.000     4.910    u_persp/depth_v1[12]_i_47_n_0
    SLICE_X26Y43         CARRY4 (Prop_carry4_S[0]_CO[3])
                                                      0.513     5.423 r  u_persp/depth_v1_reg[12]_i_35/CO[3]
                         net (fo=1, routed)           0.000     5.423    u_persp/depth_v1_reg[12]_i_35_n_0
    SLICE_X26Y44         CARRY4 (Prop_carry4_CI_O[1])
                                                      0.323     5.746 r  u_persp/depth_v1_reg[16]_i_35/O[1]
                         net (fo=3, routed)           0.859     6.605    u_persp/depth_v1_reg[16]_i_35_n_6
    SLICE_X27Y51         LUT3 (Prop_lut3_I2_O)        0.306     6.911 r  u_persp/depth_v1[12]_i_26/O
                         net (fo=1, routed)           0.802     7.713    u_persp/depth_v1[12]_i_26_n_0
    SLICE_X26Y55         CARRY4 (Prop_carry4_DI[2]_CO[3])
                                                      0.404     8.117 r  u_persp/depth_v1_reg[12]_i_13/CO[3]
                         net (fo=1, routed)           0.000     8.117    u_persp/depth_v1_reg[12]_i_13_n_0
    SLICE_X26Y56         CARRY4 (Prop_carry4_CI_CO[3])
                                                      0.117     8.234 r  u_persp/depth_v1_reg[16]_i_13/CO[3]
                         net (fo=1, routed)           0.000     8.234    u_persp/depth_v1_reg[16]_i_13_n_0
    SLICE_X26Y57         CARRY4 (Prop_carry4_CI_CO[3])
                                                      0.117     8.351 r  u_persp/depth_v1_reg[20]_i_13/CO[3]
                         net (fo=1, routed)           0.000     8.351    u_persp/depth_v1_reg[20]_i_13_n_0
    SLICE_X26Y58         CARRY4 (Prop_carry4_CI_O[2])
                                                      0.239     8.590 r  u_persp/depth_v1_reg[24]_i_13/O[2]
                         net (fo=3, routed)           0.698     9.287    u_persp/depth_v1_reg[24]_i_13_n_5
    SLICE_X33Y57         LUT3 (Prop_lut3_I1_O)        0.301     9.588 r  u_persp/depth_v1[24]_i_16/O
                         net (fo=2, routed)           0.166     9.754    u_persp/depth_v1[24]_i_16_n_0
    SLICE_X33Y57         LUT5 (Prop_lut5_I1_O)        0.124     9.878 r  u_persp/depth_v1[24]_i_4/O
                         net (fo=2, routed)           0.646    10.524    u_persp/depth_v1[24]_i_4_n_0
    SLICE_X29Y58         LUT6 (Prop_lut6_I0_O)        0.124    10.648 r  u_persp/depth_v1[24]_i_8/O
                         net (fo=1, routed)           0.000    10.648    u_persp/depth_v1[24]_i_8_n_0
    SLICE_X29Y58         CARRY4 (Prop_carry4_S[1]_CO[3])
                                                      0.550    11.198 r  u_persp/depth_v1_reg[24]_i_1/CO[3]
                         net (fo=1, routed)           0.000    11.198    u_persp/depth_v1_reg[24]_i_1_n_0
    SLICE_X29Y59         CARRY4 (Prop_carry4_CI_CO[3])
                                                      0.114    11.312 r  u_persp/depth_v1_reg[28]_i_1/CO[3]
                         net (fo=1, routed)           0.000    11.312    u_persp/depth_v1_reg[28]_i_1_n_0
    SLICE_X29Y60         CARRY4 (Prop_carry4_CI_O[3])
                                                      0.313    11.625 r  u_persp/depth_v1_reg[32]_i_1/O[3]
                         net (fo=1, routed)           0.000    11.625    u_persp/depth_v1_reg[32]_i_1_n_4
    SLICE_X29Y60         FDRE                                         r  u_persp/depth_v1_reg[32]/D
  -------------------------------------------------------------------    -------------------

                         (clock clk rise edge)        8.000     8.000 r  <hidden>
                                                      0.000     8.000 r  clk
                         net (fo=9811, unset)         1.522     9.522    u_persp/clk
    SLICE_X29Y60         FDRE                                         r  u_persp/depth_v1_reg[32]/C
                         clock pessimism              0.000     9.522    <hidden>
                         clock uncertainty           -0.035     9.487    <hidden>
    SLICE_X29Y60         FDRE (Setup_fdre_C_D)        0.062     9.549    u_persp/depth_v1_reg[32]
  -------------------------------------------------------------------
                         required time                          9.549    <hidden>
                         arrival time                         -11.625    <hidden>
  -------------------------------------------------------------------
                         slack                                 -2.077    <hidden>

Slack (VIOLATED) :        -2.003ns  (required time - arrival time)
  Source:                 u_persp/pz2_reg[44]/C
                            (rising edge-triggered cell FDRE clocked by clk  {rise@0.000ns fall@4.000ns period=8.000ns})
  Destination:            u_persp/depth_v1_reg[31]/D
                            (rising edge-triggered cell FDRE clocked by clk  {rise@0.000ns fall@4.000ns period=8.000ns})
  Path Group:             clk
  Path Type:              Setup (Max at Slow Process Corner)
  Requirement:            8.000ns  (clk rise@8.000ns - clk rise@0.000ns)
  Data Path Delay:        9.795ns  (logic 5.213ns (53.219%)  route 4.582ns (46.781%))
  Logic Levels:           17  (CARRY4=11 LUT1=1 LUT2=1 LUT3=2 LUT5=1 LUT6=1)
  Clock Path Skew:        -0.234ns (DCD - SCD + CPR)
    Destination Clock Delay (DCD):    1.522ns = ( 9.522 - 8.000 ) 
    Source Clock Delay      (SCD):    1.756ns
    Clock Pessimism Removal (CPR):    0.000ns
  Clock Uncertainty:      0.035ns  ((TSJ^2 + TIJ^2)^1/2 + DJ) / 2 + PE
    Total System Jitter     (TSJ):    0.071ns
    Total Input Jitter      (TIJ):    0.000ns
    Discrete Jitter          (DJ):    0.000ns
    Phase Error              (PE):    0.000ns

    Location             Delay type                Incr(ns)  Path(ns)    Netlist Resource(s)
  -------------------------------------------------------------------    -------------------
                         (clock clk rise edge)        0.000     0.000 r  <hidden>
                                                      0.000     0.000 r  clk
                         net (fo=9811, unset)         1.756     1.756    u_persp/clk
    SLICE_X17Y43         FDRE                                         r  u_persp/pz2_reg[44]/C
  -------------------------------------------------------------------    -------------------
    SLICE_X17Y43         FDRE (Prop_fdre_C_Q)         0.456     2.212 f  u_persp/pz2_reg[44]/Q
                         net (fo=2, routed)           0.315     2.527    u_persp/nz[20]
    SLICE_X16Y44         LUT1 (Prop_lut1_I0_O)        0.124     2.651 r  u_persp/depth_v1[20]_i_35/O
                         net (fo=1, routed)           0.000     2.651    u_persp/depth_v1[20]_i_35_n_0
    SLICE_X16Y44         CARRY4 (Prop_carry4_S[1]_CO[3])
                                                      0.533     3.184 r  u_persp/depth_v1_reg[20]_i_17/CO[3]
                         net (fo=1, routed)           0.000     3.184    u_persp/depth_v1_reg[20]_i_17_n_0
    SLICE_X16Y45         CARRY4 (Prop_carry4_CI_O[1])
                                                      0.323     3.507 r  u_persp/depth_v1_reg[20]_i_15/O[1]
                         net (fo=16, routed)          1.096     4.604    u_persp/depth_full1[24]
    SLICE_X26Y43         LUT2 (Prop_lut2_I1_O)        0.306     4.910 r  u_persp/depth_v1[12]_i_47/O
                         net (fo=1, routed)           0.000     4.910    u_persp/depth_v1[12]_i_47_n_0
    SLICE_X26Y43         CARRY4 (Prop_carry4_S[0]_CO[3])
                                                      0.513     5.423 r  u_persp/depth_v1_reg[12]_i_35/CO[3]
                         net (fo=1, routed)           0.000     5.423    u_persp/depth_v1_reg[12]_i_35_n_0
    SLICE_X26Y44         CARRY4 (Prop_carry4_CI_O[1])
                                                      0.323     5.746 r  u_persp/depth_v1_reg[16]_i_35/O[1]
                         net (fo=3, routed)           0.859     6.605    u_persp/depth_v1_reg[16]_i_35_n_6
    SLICE_X27Y51         LUT3 (Prop_lut3_I2_O)        0.306     6.911 r  u_persp/depth_v1[12]_i_26/O
                         net (fo=1, routed)           0.802     7.713    u_persp/depth_v1[12]_i_26_n_0
    SLICE_X26Y55         CARRY4 (Prop_carry4_DI[2]_CO[3])
                                                      0.404     8.117 r  u_persp/depth_v1_reg[12]_i_13/CO[3]
                         net (fo=1, routed)           0.000     8.117    u_persp/depth_v1_reg[12]_i_13_n_0
    SLICE_X26Y56         CARRY4 (Prop_carry4_CI_CO[3])
                                                      0.117     8.234 r  u_persp/depth_v1_reg[16]_i_13/CO[3]
                         net (fo=1, routed)           0.000     8.234    u_persp/depth_v1_reg[16]_i_13_n_0
    SLICE_X26Y57         CARRY4 (Prop_carry4_CI_CO[3])
                                                      0.117     8.351 r  u_persp/depth_v1_reg[20]_i_13/CO[3]
                         net (fo=1, routed)           0.000     8.351    u_persp/depth_v1_reg[20]_i_13_n_0
    SLICE_X26Y58         CARRY4 (Prop_carry4_CI_O[2])
                                                      0.239     8.590 r  u_persp/depth_v1_reg[24]_i_13/O[2]
                         net (fo=3, routed)           0.698     9.287    u_persp/depth_v1_reg[24]_i_13_n_5
    SLICE_X33Y57         LUT3 (Prop_lut3_I1_O)        0.301     9.588 r  u_persp/depth_v1[24]_i_16/O
                         net (fo=2, routed)           0.166     9.754    u_persp/depth_v1[24]_i_16_n_0
    SLICE_X33Y57         LUT5 (Prop_lut5_I1_O)        0.124     9.878 r  u_persp/depth_v1[24]_i_4/O
                         net (fo=2, routed)           0.646    10.524    u_persp/depth_v1[24]_i_4_n_0
    SLICE_X29Y58         LUT6 (Prop_lut6_I0_O)        0.124    10.648 r  u_persp/depth_v1[24]_i_8/O
                         net (fo=1, routed)           0.000    10.648    u_persp/depth_v1[24]_i_8_n_0
    SLICE_X29Y58         CARRY4 (Prop_carry4_S[1]_CO[3])
                                                      0.550    11.198 r  u_persp/depth_v1_reg[24]_i_1/CO[3]
                         net (fo=1, routed)           0.000    11.198    u_persp/depth_v1_reg[24]_i_1_n_0
    SLICE_X29Y59         CARRY4 (Prop_carry4_CI_CO[3])
                                                      0.114    11.312 r  u_persp/depth_v1_reg[28]_i_1/CO[3]
                         net (fo=1, routed)           0.000    11.312    u_persp/depth_v1_reg[28]_i_1_n_0
    SLICE_X29Y60         CARRY4 (Prop_carry4_CI_O[2])
                                                      0.239    11.551 r  u_persp/depth_v1_reg[32]_i_1/O[2]
                         net (fo=1, routed)           0.000    11.551    u_persp/depth_v1_reg[32]_i_1_n_5
    SLICE_X29Y60         FDRE                                         r  u_persp/depth_v1_reg[31]/D
  -------------------------------------------------------------------    -------------------

                         (clock clk rise edge)        8.000     8.000 r  <hidden>
                                                      0.000     8.000 r  clk
                         net (fo=9811, unset)         1.522     9.522    u_persp/clk
    SLICE_X29Y60         FDRE                                         r  u_persp/depth_v1_reg[31]/C
                         clock pessimism              0.000     9.522    <hidden>
                         clock uncertainty           -0.035     9.487    <hidden>
    SLICE_X29Y60         FDRE (Setup_fdre_C_D)        0.062     9.549    u_persp/depth_v1_reg[31]
  -------------------------------------------------------------------
                         required time                          9.549    <hidden>
                         arrival time                         -11.551    <hidden>
  -------------------------------------------------------------------
                         slack                                 -2.003    <hidden>

Slack (VIOLATED) :        -1.987ns  (required time - arrival time)
  Source:                 u_persp/pz2_reg[44]/C
                            (rising edge-triggered cell FDRE clocked by clk  {rise@0.000ns fall@4.000ns period=8.000ns})
  Destination:            u_persp/depth_v1_reg[29]/D
                            (rising edge-triggered cell FDRE clocked by clk  {rise@0.000ns fall@4.000ns period=8.000ns})
  Path Group:             clk
  Path Type:              Setup (Max at Slow Process Corner)
  Requirement:            8.000ns  (clk rise@8.000ns - clk rise@0.000ns)
  Data Path Delay:        9.779ns  (logic 5.197ns (53.143%)  route 4.582ns (46.857%))
  Logic Levels:           17  (CARRY4=11 LUT1=1 LUT2=1 LUT3=2 LUT5=1 LUT6=1)
  Clock Path Skew:        -0.234ns (DCD - SCD + CPR)
    Destination Clock Delay (DCD):    1.522ns = ( 9.522 - 8.000 ) 
    Source Clock Delay      (SCD):    1.756ns
    Clock Pessimism Removal (CPR):    0.000ns
  Clock Uncertainty:      0.035ns  ((TSJ^2 + TIJ^2)^1/2 + DJ) / 2 + PE
    Total System Jitter     (TSJ):    0.071ns
    Total Input Jitter      (TIJ):    0.000ns
    Discrete Jitter          (DJ):    0.000ns
    Phase Error              (PE):    0.000ns

    Location             Delay type                Incr(ns)  Path(ns)    Netlist Resource(s)
  -------------------------------------------------------------------    -------------------
                         (clock clk rise edge)        0.000     0.000 r  <hidden>
                                                      0.000     0.000 r  clk
                         net (fo=9811, unset)         1.756     1.756    u_persp/clk
    SLICE_X17Y43         FDRE                                         r  u_persp/pz2_reg[44]/C
  -------------------------------------------------------------------    -------------------
    SLICE_X17Y43         FDRE (Prop_fdre_C_Q)         0.456     2.212 f  u_persp/pz2_reg[44]/Q
                         net (fo=2, routed)           0.315     2.527    u_persp/nz[20]
    SLICE_X16Y44         LUT1 (Prop_lut1_I0_O)        0.124     2.651 r  u_persp/depth_v1[20]_i_35/O
                         net (fo=1, routed)           0.000     2.651    u_persp/depth_v1[20]_i_35_n_0
    SLICE_X16Y44         CARRY4 (Prop_carry4_S[1]_CO[3])
                                                      0.533     3.184 r  u_persp/depth_v1_reg[20]_i_17/CO[3]
                         net (fo=1, routed)           0.000     3.184    u_persp/depth_v1_reg[20]_i_17_n_0
    SLICE_X16Y45         CARRY4 (Prop_carry4_CI_O[1])
                                                      0.323     3.507 r  u_persp/depth_v1_reg[20]_i_15/O[1]
                         net (fo=16, routed)          1.096     4.604    u_persp/depth_full1[24]
    SLICE_X26Y43         LUT2 (Prop_lut2_I1_O)        0.306     4.910 r  u_persp/depth_v1[12]_i_47/O
                         net (fo=1, routed)           0.000     4.910    u_persp/depth_v1[12]_i_47_n_0
    SLICE_X26Y43         CARRY4 (Prop_carry4_S[0]_CO[3])
                                                      0.513     5.423 r  u_persp/depth_v1_reg[12]_i_35/CO[3]
                         net (fo=1, routed)           0.000     5.423    u_persp/depth_v1_reg[12]_i_35_n_0
    SLICE_X26Y44         CARRY4 (Prop_carry4_CI_O[1])
                                                      0.323     5.746 r  u_persp/depth_v1_reg[16]_i_35/O[1]
                         net (fo=3, routed)           0.859     6.605    u_persp/depth_v1_reg[16]_i_35_n_6
    SLICE_X27Y51         LUT3 (Prop_lut3_I2_O)        0.306     6.911 r  u_persp/depth_v1[12]_i_26/O
                         net (fo=1, routed)           0.802     7.713    u_persp/depth_v1[12]_i_26_n_0
    SLICE_X26Y55         CARRY4 (Prop_carry4_DI[2]_CO[3])
                                                      0.404     8.117 r  u_persp/depth_v1_reg[12]_i_13/CO[3]
                         net (fo=1, routed)           0.000     8.117    u_persp/depth_v1_reg[12]_i_13_n_0
    SLICE_X26Y56         CARRY4 (Prop_carry4_CI_CO[3])
                                                      0.117     8.234 r  u_persp/depth_v1_reg[16]_i_13/CO[3]
                         net (fo=1, routed)           0.000     8.234    u_persp/depth_v1_reg[16]_i_13_n_0
    SLICE_X26Y57         CARRY4 (Prop_carry4_CI_CO[3])
                                                      0.117     8.351 r  u_persp/depth_v1_reg[20]_i_13/CO[3]
                         net (fo=1, routed)           0.000     8.351    u_persp/depth_v1_reg[20]_i_13_n_0
    SLICE_X26Y58         CARRY4 (Prop_carry4_CI_O[2])
                                                      0.239     8.590 r  u_persp/depth_v1_reg[24]_i_13/O[2]
                         net (fo=3, routed)           0.698     9.287    u_persp/depth_v1_reg[24]_i_13_n_5
    SLICE_X33Y57         LUT3 (Prop_lut3_I1_O)        0.301     9.588 r  u_persp/depth_v1[24]_i_16/O
                         net (fo=2, routed)           0.166     9.754    u_persp/depth_v1[24]_i_16_n_0
    SLICE_X33Y57         LUT5 (Prop_lut5_I1_O)        0.124     9.878 r  u_persp/depth_v1[24]_i_4/O
                         net (fo=2, routed)           0.646    10.524    u_persp/depth_v1[24]_i_4_n_0
    SLICE_X29Y58         LUT6 (Prop_lut6_I0_O)        0.124    10.648 r  u_persp/depth_v1[24]_i_8/O
                         net (fo=1, routed)           0.000    10.648    u_persp/depth_v1[24]_i_8_n_0
    SLICE_X29Y58         CARRY4 (Prop_carry4_S[1]_CO[3])
                                                      0.550    11.198 r  u_persp/depth_v1_reg[24]_i_1/CO[3]
                         net (fo=1, routed)           0.000    11.198    u_persp/depth_v1_reg[24]_i_1_n_0
    SLICE_X29Y59         CARRY4 (Prop_carry4_CI_CO[3])
                                                      0.114    11.312 r  u_persp/depth_v1_reg[28]_i_1/CO[3]
                         net (fo=1, routed)           0.000    11.312    u_persp/depth_v1_reg[28]_i_1_n_0
    SLICE_X29Y60         CARRY4 (Prop_carry4_CI_O[0])
                                                      0.223    11.535 r  u_persp/depth_v1_reg[32]_i_1/O[0]
                         net (fo=1, routed)           0.000    11.535    u_persp/depth_v1_reg[32]_i_1_n_7
    SLICE_X29Y60         FDRE                                         r  u_persp/depth_v1_reg[29]/D
  -------------------------------------------------------------------    -------------------

                         (clock clk rise edge)        8.000     8.000 r  <hidden>
                                                      0.000     8.000 r  clk
                         net (fo=9811, unset)         1.522     9.522    u_persp/clk
    SLICE_X29Y60         FDRE                                         r  u_persp/depth_v1_reg[29]/C
                         clock pessimism              0.000     9.522    <hidden>
                         clock uncertainty           -0.035     9.487    <hidden>
    SLICE_X29Y60         FDRE (Setup_fdre_C_D)        0.062     9.549    u_persp/depth_v1_reg[29]
  -------------------------------------------------------------------
                         required time                          9.549    <hidden>
                         arrival time                         -11.535    <hidden>
  -------------------------------------------------------------------
                         slack                                 -1.987    <hidden>

Slack (VIOLATED) :        -1.984ns  (required time - arrival time)
  Source:                 u_persp/pz2_reg[44]/C
                            (rising edge-triggered cell FDRE clocked by clk  {rise@0.000ns fall@4.000ns period=8.000ns})
  Destination:            u_persp/depth_v1_reg[26]/D
                            (rising edge-triggered cell FDRE clocked by clk  {rise@0.000ns fall@4.000ns period=8.000ns})
  Path Group:             clk
  Path Type:              Setup (Max at Slow Process Corner)
  Requirement:            8.000ns  (clk rise@8.000ns - clk rise@0.000ns)
  Data Path Delay:        9.776ns  (logic 5.194ns (53.128%)  route 4.582ns (46.872%))
  Logic Levels:           16  (CARRY4=10 LUT1=1 LUT2=1 LUT3=2 LUT5=1 LUT6=1)
  Clock Path Skew:        -0.234ns (DCD - SCD + CPR)
    Destination Clock Delay (DCD):    1.522ns = ( 9.522 - 8.000 ) 
    Source Clock Delay      (SCD):    1.756ns
    Clock Pessimism Removal (CPR):    0.000ns
  Clock Uncertainty:      0.035ns  ((TSJ^2 + TIJ^2)^1/2 + DJ) / 2 + PE
    Total System Jitter     (TSJ):    0.071ns
    Total Input Jitter      (TIJ):    0.000ns
    Discrete Jitter          (DJ):    0.000ns
    Phase Error              (PE):    0.000ns

    Location             Delay type                Incr(ns)  Path(ns)    Netlist Resource(s)
  -------------------------------------------------------------------    -------------------
                         (clock clk rise edge)        0.000     0.000 r  <hidden>
                                                      0.000     0.000 r  clk
                         net (fo=9811, unset)         1.756     1.756    u_persp/clk
    SLICE_X17Y43         FDRE                                         r  u_persp/pz2_reg[44]/C
  -------------------------------------------------------------------    -------------------
    SLICE_X17Y43         FDRE (Prop_fdre_C_Q)         0.456     2.212 f  u_persp/pz2_reg[44]/Q
                         net (fo=2, routed)           0.315     2.527    u_persp/nz[20]
    SLICE_X16Y44         LUT1 (Prop_lut1_I0_O)        0.124     2.651 r  u_persp/depth_v1[20]_i_35/O
                         net (fo=1, routed)           0.000     2.651    u_persp/depth_v1[20]_i_35_n_0
    SLICE_X16Y44         CARRY4 (Prop_carry4_S[1]_CO[3])
                                                      0.533     3.184 r  u_persp/depth_v1_reg[20]_i_17/CO[3]
                         net (fo=1, routed)           0.000     3.184    u_persp/depth_v1_reg[20]_i_17_n_0
    SLICE_X16Y45         CARRY4 (Prop_carry4_CI_O[1])
                                                      0.323     3.507 r  u_persp/depth_v1_reg[20]_i_15/O[1]
                         net (fo=16, routed)          1.096     4.604    u_persp/depth_full1[24]
    SLICE_X26Y43         LUT2 (Prop_lut2_I1_O)        0.306     4.910 r  u_persp/depth_v1[12]_i_47/O
                         net (fo=1, routed)           0.000     4.910    u_persp/depth_v1[12]_i_47_n_0
    SLICE_X26Y43         CARRY4 (Prop_carry4_S[0]_CO[3])
                                                      0.513     5.423 r  u_persp/depth_v1_reg[12]_i_35/CO[3]
                         net (fo=1, routed)           0.000     5.423    u_persp/depth_v1_reg[12]_i_35_n_0
    SLICE_X26Y44         CARRY4 (Prop_carry4_CI_O[1])
                                                      0.323     5.746 r  u_persp/depth_v1_reg[16]_i_35/O[1]
                         net (fo=3, routed)           0.859     6.605    u_persp/depth_v1_reg[16]_i_35_n_6
    SLICE_X27Y51         LUT3 (Prop_lut3_I2_O)        0.306     6.911 r  u_persp/depth_v1[12]_i_26/O
                         net (fo=1, routed)           0.802     7.713    u_persp/depth_v1[12]_i_26_n_0
    SLICE_X26Y55         CARRY4 (Prop_carry4_DI[2]_CO[3])
                                                      0.404     8.117 r  u_persp/depth_v1_reg[12]_i_13/CO[3]
                         net (fo=1, routed)           0.000     8.117    u_persp/depth_v1_reg[12]_i_13_n_0
    SLICE_X26Y56         CARRY4 (Prop_carry4_CI_CO[3])
                                                      0.117     8.234 r  u_persp/depth_v1_reg[16]_i_13/CO[3]
                         net (fo=1, routed)           0.000     8.234    u_persp/depth_v1_reg[16]_i_13_n_0
    SLICE_X26Y57         CARRY4 (Prop_carry4_CI_CO[3])
                                                      0.117     8.351 r  u_persp/depth_v1_reg[20]_i_13/CO[3]
                         net (fo=1, routed)           0.000     8.351    u_persp/depth_v1_reg[20]_i_13_n_0
    SLICE_X26Y58         CARRY4 (Prop_carry4_CI_O[2])
                                                      0.239     8.590 r  u_persp/depth_v1_reg[24]_i_13/O[2]
                         net (fo=3, routed)           0.698     9.287    u_persp/depth_v1_reg[24]_i_13_n_5
    SLICE_X33Y57         LUT3 (Prop_lut3_I1_O)        0.301     9.588 r  u_persp/depth_v1[24]_i_16/O
                         net (fo=2, routed)           0.166     9.754    u_persp/depth_v1[24]_i_16_n_0
    SLICE_X33Y57         LUT5 (Prop_lut5_I1_O)        0.124     9.878 r  u_persp/depth_v1[24]_i_4/O
                         net (fo=2, routed)           0.646    10.524    u_persp/depth_v1[24]_i_4_n_0
    SLICE_X29Y58         LUT6 (Prop_lut6_I0_O)        0.124    10.648 r  u_persp/depth_v1[24]_i_8/O
                         net (fo=1, routed)           0.000    10.648    u_persp/depth_v1[24]_i_8_n_0
    SLICE_X29Y58         CARRY4 (Prop_carry4_S[1]_CO[3])
                                                      0.550    11.198 r  u_persp/depth_v1_reg[24]_i_1/CO[3]
                         net (fo=1, routed)           0.000    11.198    u_persp/depth_v1_reg[24]_i_1_n_0
    SLICE_X29Y59         CARRY4 (Prop_carry4_CI_O[1])
                                                      0.334    11.532 r  u_persp/depth_v1_reg[28]_i_1/O[1]
                         net (fo=1, routed)           0.000    11.532    u_persp/depth_v1_reg[28]_i_1_n_6
    SLICE_X29Y59         FDRE                                         r  u_persp/depth_v1_reg[26]/D
  -------------------------------------------------------------------    -------------------

                         (clock clk rise edge)        8.000     8.000 r  <hidden>
                                                      0.000     8.000 r  clk
                         net (fo=9811, unset)         1.522     9.522    u_persp/clk
    SLICE_X29Y59         FDRE                                         r  u_persp/depth_v1_reg[26]/C
                         clock pessimism              0.000     9.522    <hidden>
                         clock uncertainty           -0.035     9.487    <hidden>
    SLICE_X29Y59         FDRE (Setup_fdre_C_D)        0.062     9.549    u_persp/depth_v1_reg[26]
  -------------------------------------------------------------------
                         required time                          9.549    <hidden>
                         arrival time                         -11.532    <hidden>
  -------------------------------------------------------------------
                         slack                                 -1.984    <hidden>

Slack (VIOLATED) :        -1.963ns  (required time - arrival time)
  Source:                 u_persp/pz2_reg[44]/C
                            (rising edge-triggered cell FDRE clocked by clk  {rise@0.000ns fall@4.000ns period=8.000ns})
  Destination:            u_persp/depth_v1_reg[28]/D
                            (rising edge-triggered cell FDRE clocked by clk  {rise@0.000ns fall@4.000ns period=8.000ns})
  Path Group:             clk
  Path Type:              Setup (Max at Slow Process Corner)
  Requirement:            8.000ns  (clk rise@8.000ns - clk rise@0.000ns)
  Data Path Delay:        9.755ns  (logic 5.173ns (53.027%)  route 4.582ns (46.973%))
  Logic Levels:           16  (CARRY4=10 LUT1=1 LUT2=1 LUT3=2 LUT5=1 LUT6=1)
  Clock Path Skew:        -0.234ns (DCD - SCD + CPR)
    Destination Clock Delay (DCD):    1.522ns = ( 9.522 - 8.000 ) 
    Source Clock Delay      (SCD):    1.756ns
    Clock Pessimism Removal (CPR):    0.000ns
  Clock Uncertainty:      0.035ns  ((TSJ^2 + TIJ^2)^1/2 + DJ) / 2 + PE
    Total System Jitter     (TSJ):    0.071ns
    Total Input Jitter      (TIJ):    0.000ns
    Discrete Jitter          (DJ):    0.000ns
    Phase Error              (PE):    0.000ns

    Location             Delay type                Incr(ns)  Path(ns)    Netlist Resource(s)
  -------------------------------------------------------------------    -------------------
                         (clock clk rise edge)        0.000     0.000 r  <hidden>
                                                      0.000     0.000 r  clk
                         net (fo=9811, unset)         1.756     1.756    u_persp/clk
    SLICE_X17Y43         FDRE                                         r  u_persp/pz2_reg[44]/C
  -------------------------------------------------------------------    -------------------
    SLICE_X17Y43         FDRE (Prop_fdre_C_Q)         0.456     2.212 f  u_persp/pz2_reg[44]/Q
                         net (fo=2, routed)           0.315     2.527    u_persp/nz[20]
    SLICE_X16Y44         LUT1 (Prop_lut1_I0_O)        0.124     2.651 r  u_persp/depth_v1[20]_i_35/O
                         net (fo=1, routed)           0.000     2.651    u_persp/depth_v1[20]_i_35_n_0
    SLICE_X16Y44         CARRY4 (Prop_carry4_S[1]_CO[3])
                                                      0.533     3.184 r  u_persp/depth_v1_reg[20]_i_17/CO[3]
                         net (fo=1, routed)           0.000     3.184    u_persp/depth_v1_reg[20]_i_17_n_0
    SLICE_X16Y45         CARRY4 (Prop_carry4_CI_O[1])
                                                      0.323     3.507 r  u_persp/depth_v1_reg[20]_i_15/O[1]
                         net (fo=16, routed)          1.096     4.604    u_persp/depth_full1[24]
    SLICE_X26Y43         LUT2 (Prop_lut2_I1_O)        0.306     4.910 r  u_persp/depth_v1[12]_i_47/O
                         net (fo=1, routed)           0.000     4.910    u_persp/depth_v1[12]_i_47_n_0
    SLICE_X26Y43         CARRY4 (Prop_carry4_S[0]_CO[3])
                                                      0.513     5.423 r  u_persp/depth_v1_reg[12]_i_35/CO[3]
                         net (fo=1, routed)           0.000     5.423    u_persp/depth_v1_reg[12]_i_35_n_0
    SLICE_X26Y44         CARRY4 (Prop_carry4_CI_O[1])
                                                      0.323     5.746 r  u_persp/depth_v1_reg[16]_i_35/O[1]
                         net (fo=3, routed)           0.859     6.605    u_persp/depth_v1_reg[16]_i_35_n_6
    SLICE_X27Y51         LUT3 (Prop_lut3_I2_O)        0.306     6.911 r  u_persp/depth_v1[12]_i_26/O
                         net (fo=1, routed)           0.802     7.713    u_persp/depth_v1[12]_i_26_n_0
    SLICE_X26Y55         CARRY4 (Prop_carry4_DI[2]_CO[3])
                                                      0.404     8.117 r  u_persp/depth_v1_reg[12]_i_13/CO[3]
                         net (fo=1, routed)           0.000     8.117    u_persp/depth_v1_reg[12]_i_13_n_0
    SLICE_X26Y56         CARRY4 (Prop_carry4_CI_CO[3])
                                                      0.117     8.234 r  u_persp/depth_v1_reg[16]_i_13/CO[3]
                         net (fo=1, routed)           0.000     8.234    u_persp/depth_v1_reg[16]_i_13_n_0
    SLICE_X26Y57         CARRY4 (Prop_carry4_CI_CO[3])
                                                      0.117     8.351 r  u_persp/depth_v1_reg[20]_i_13/CO[3]
                         net (fo=1, routed)           0.000     8.351    u_persp/depth_v1_reg[20]_i_13_n_0
    SLICE_X26Y58         CARRY4 (Prop_carry4_CI_O[2])
                                                      0.239     8.590 r  u_persp/depth_v1_reg[24]_i_13/O[2]
                         net (fo=3, routed)           0.698     9.287    u_persp/depth_v1_reg[24]_i_13_n_5
    SLICE_X33Y57         LUT3 (Prop_lut3_I1_O)        0.301     9.588 r  u_persp/depth_v1[24]_i_16/O
                         net (fo=2, routed)           0.166     9.754    u_persp/depth_v1[24]_i_16_n_0
    SLICE_X33Y57         LUT5 (Prop_lut5_I1_O)        0.124     9.878 r  u_persp/depth_v1[24]_i_4/O
                         net (fo=2, routed)           0.646    10.524    u_persp/depth_v1[24]_i_4_n_0
    SLICE_X29Y58         LUT6 (Prop_lut6_I0_O)        0.124    10.648 r  u_persp/depth_v1[24]_i_8/O
                         net (fo=1, routed)           0.000    10.648    u_persp/depth_v1[24]_i_8_n_0
    SLICE_X29Y58         CARRY4 (Prop_carry4_S[1]_CO[3])
                                                      0.550    11.198 r  u_persp/depth_v1_reg[24]_i_1/CO[3]
                         net (fo=1, routed)           0.000    11.198    u_persp/depth_v1_reg[24]_i_1_n_0
    SLICE_X29Y59         CARRY4 (Prop_carry4_CI_O[3])
                                                      0.313    11.511 r  u_persp/depth_v1_reg[28]_i_1/O[3]
                         net (fo=1, routed)           0.000    11.511    u_persp/depth_v1_reg[28]_i_1_n_4
    SLICE_X29Y59         FDRE                                         r  u_persp/depth_v1_reg[28]/D
  -------------------------------------------------------------------    -------------------

                         (clock clk rise edge)        8.000     8.000 r  <hidden>
                                                      0.000     8.000 r  clk
                         net (fo=9811, unset)         1.522     9.522    u_persp/clk
    SLICE_X29Y59         FDRE                                         r  u_persp/depth_v1_reg[28]/C
                         clock pessimism              0.000     9.522    <hidden>
                         clock uncertainty           -0.035     9.487    <hidden>
    SLICE_X29Y59         FDRE (Setup_fdre_C_D)        0.062     9.549    u_persp/depth_v1_reg[28]
  -------------------------------------------------------------------
                         required time                          9.549    <hidden>
                         arrival time                         -11.511    <hidden>
  -------------------------------------------------------------------
                         slack                                 -1.963    <hidden>

Slack (VIOLATED) :        -1.889ns  (required time - arrival time)
  Source:                 u_persp/pz2_reg[44]/C
                            (rising edge-triggered cell FDRE clocked by clk  {rise@0.000ns fall@4.000ns period=8.000ns})
  Destination:            u_persp/depth_v1_reg[27]/D
                            (rising edge-triggered cell FDRE clocked by clk  {rise@0.000ns fall@4.000ns period=8.000ns})
  Path Group:             clk
  Path Type:              Setup (Max at Slow Process Corner)
  Requirement:            8.000ns  (clk rise@8.000ns - clk rise@0.000ns)
  Data Path Delay:        9.681ns  (logic 5.099ns (52.668%)  route 4.582ns (47.332%))
  Logic Levels:           16  (CARRY4=10 LUT1=1 LUT2=1 LUT3=2 LUT5=1 LUT6=1)
  Clock Path Skew:        -0.234ns (DCD - SCD + CPR)
    Destination Clock Delay (DCD):    1.522ns = ( 9.522 - 8.000 ) 
    Source Clock Delay      (SCD):    1.756ns
    Clock Pessimism Removal (CPR):    0.000ns
  Clock Uncertainty:      0.035ns  ((TSJ^2 + TIJ^2)^1/2 + DJ) / 2 + PE
    Total System Jitter     (TSJ):    0.071ns
    Total Input Jitter      (TIJ):    0.000ns
    Discrete Jitter          (DJ):    0.000ns
    Phase Error              (PE):    0.000ns

    Location             Delay type                Incr(ns)  Path(ns)    Netlist Resource(s)
  -------------------------------------------------------------------    -------------------
                         (clock clk rise edge)        0.000     0.000 r  <hidden>
                                                      0.000     0.000 r  clk
                         net (fo=9811, unset)         1.756     1.756    u_persp/clk
    SLICE_X17Y43         FDRE                                         r  u_persp/pz2_reg[44]/C
  -------------------------------------------------------------------    -------------------
    SLICE_X17Y43         FDRE (Prop_fdre_C_Q)         0.456     2.212 f  u_persp/pz2_reg[44]/Q
                         net (fo=2, routed)           0.315     2.527    u_persp/nz[20]
    SLICE_X16Y44         LUT1 (Prop_lut1_I0_O)        0.124     2.651 r  u_persp/depth_v1[20]_i_35/O
                         net (fo=1, routed)           0.000     2.651    u_persp/depth_v1[20]_i_35_n_0
    SLICE_X16Y44         CARRY4 (Prop_carry4_S[1]_CO[3])
                                                      0.533     3.184 r  u_persp/depth_v1_reg[20]_i_17/CO[3]
                         net (fo=1, routed)           0.000     3.184    u_persp/depth_v1_reg[20]_i_17_n_0
    SLICE_X16Y45         CARRY4 (Prop_carry4_CI_O[1])
                                                      0.323     3.507 r  u_persp/depth_v1_reg[20]_i_15/O[1]
                         net (fo=16, routed)          1.096     4.604    u_persp/depth_full1[24]
    SLICE_X26Y43         LUT2 (Prop_lut2_I1_O)        0.306     4.910 r  u_persp/depth_v1[12]_i_47/O
                         net (fo=1, routed)           0.000     4.910    u_persp/depth_v1[12]_i_47_n_0
    SLICE_X26Y43         CARRY4 (Prop_carry4_S[0]_CO[3])
                                                      0.513     5.423 r  u_persp/depth_v1_reg[12]_i_35/CO[3]
                         net (fo=1, routed)           0.000     5.423    u_persp/depth_v1_reg[12]_i_35_n_0
    SLICE_X26Y44         CARRY4 (Prop_carry4_CI_O[1])
                                                      0.323     5.746 r  u_persp/depth_v1_reg[16]_i_35/O[1]
                         net (fo=3, routed)           0.859     6.605    u_persp/depth_v1_reg[16]_i_35_n_6
    SLICE_X27Y51         LUT3 (Prop_lut3_I2_O)        0.306     6.911 r  u_persp/depth_v1[12]_i_26/O
                         net (fo=1, routed)           0.802     7.713    u_persp/depth_v1[12]_i_26_n_0
    SLICE_X26Y55         CARRY4 (Prop_carry4_DI[2]_CO[3])
                                                      0.404     8.117 r  u_persp/depth_v1_reg[12]_i_13/CO[3]
                         net (fo=1, routed)           0.000     8.117    u_persp/depth_v1_reg[12]_i_13_n_0
    SLICE_X26Y56         CARRY4 (Prop_carry4_CI_CO[3])
                                                      0.117     8.234 r  u_persp/depth_v1_reg[16]_i_13/CO[3]
                         net (fo=1, routed)           0.000     8.234    u_persp/depth_v1_reg[16]_i_13_n_0
    SLICE_X26Y57         CARRY4 (Prop_carry4_CI_CO[3])
                                                      0.117     8.351 r  u_persp/depth_v1_reg[20]_i_13/CO[3]
                         net (fo=1, routed)           0.000     8.351    u_persp/depth_v1_reg[20]_i_13_n_0
    SLICE_X26Y58         CARRY4 (Prop_carry4_CI_O[2])
                                                      0.239     8.590 r  u_persp/depth_v1_reg[24]_i_13/O[2]
                         net (fo=3, routed)           0.698     9.287    u_persp/depth_v1_reg[24]_i_13_n_5
    SLICE_X33Y57         LUT3 (Prop_lut3_I1_O)        0.301     9.588 r  u_persp/depth_v1[24]_i_16/O
                         net (fo=2, routed)           0.166     9.754    u_persp/depth_v1[24]_i_16_n_0
    SLICE_X33Y57         LUT5 (Prop_lut5_I1_O)        0.124     9.878 r  u_persp/depth_v1[24]_i_4/O
                         net (fo=2, routed)           0.646    10.524    u_persp/depth_v1[24]_i_4_n_0
    SLICE_X29Y58         LUT6 (Prop_lut6_I0_O)        0.124    10.648 r  u_persp/depth_v1[24]_i_8/O
                         net (fo=1, routed)           0.000    10.648    u_persp/depth_v1[24]_i_8_n_0
    SLICE_X29Y58         CARRY4 (Prop_carry4_S[1]_CO[3])
                                                      0.550    11.198 r  u_persp/depth_v1_reg[24]_i_1/CO[3]
                         net (fo=1, routed)           0.000    11.198    u_persp/depth_v1_reg[24]_i_1_n_0
    SLICE_X29Y59         CARRY4 (Prop_carry4_CI_O[2])
                                                      0.239    11.437 r  u_persp/depth_v1_reg[28]_i_1/O[2]
                         net (fo=1, routed)           0.000    11.437    u_persp/depth_v1_reg[28]_i_1_n_5
    SLICE_X29Y59         FDRE                                         r  u_persp/depth_v1_reg[27]/D
  -------------------------------------------------------------------    -------------------

                         (clock clk rise edge)        8.000     8.000 r  <hidden>
                                                      0.000     8.000 r  clk
                         net (fo=9811, unset)         1.522     9.522    u_persp/clk
    SLICE_X29Y59         FDRE                                         r  u_persp/depth_v1_reg[27]/C
                         clock pessimism              0.000     9.522    <hidden>
                         clock uncertainty           -0.035     9.487    <hidden>
    SLICE_X29Y59         FDRE (Setup_fdre_C_D)        0.062     9.549    u_persp/depth_v1_reg[27]
  -------------------------------------------------------------------
                         required time                          9.549    <hidden>
                         arrival time                         -11.437    <hidden>
  -------------------------------------------------------------------
                         slack                                 -1.889    <hidden>

Slack (VIOLATED) :        -1.873ns  (required time - arrival time)
  Source:                 u_persp/pz2_reg[44]/C
                            (rising edge-triggered cell FDRE clocked by clk  {rise@0.000ns fall@4.000ns period=8.000ns})
  Destination:            u_persp/depth_v1_reg[25]/D
                            (rising edge-triggered cell FDRE clocked by clk  {rise@0.000ns fall@4.000ns period=8.000ns})
  Path Group:             clk
  Path Type:              Setup (Max at Slow Process Corner)
  Requirement:            8.000ns  (clk rise@8.000ns - clk rise@0.000ns)
  Data Path Delay:        9.665ns  (logic 5.083ns (52.590%)  route 4.582ns (47.410%))
  Logic Levels:           16  (CARRY4=10 LUT1=1 LUT2=1 LUT3=2 LUT5=1 LUT6=1)
  Clock Path Skew:        -0.234ns (DCD - SCD + CPR)
    Destination Clock Delay (DCD):    1.522ns = ( 9.522 - 8.000 ) 
    Source Clock Delay      (SCD):    1.756ns
    Clock Pessimism Removal (CPR):    0.000ns
  Clock Uncertainty:      0.035ns  ((TSJ^2 + TIJ^2)^1/2 + DJ) / 2 + PE
    Total System Jitter     (TSJ):    0.071ns
    Total Input Jitter      (TIJ):    0.000ns
    Discrete Jitter          (DJ):    0.000ns
    Phase Error              (PE):    0.000ns

    Location             Delay type                Incr(ns)  Path(ns)    Netlist Resource(s)
  -------------------------------------------------------------------    -------------------
                         (clock clk rise edge)        0.000     0.000 r  <hidden>
                                                      0.000     0.000 r  clk
                         net (fo=9811, unset)         1.756     1.756    u_persp/clk
    SLICE_X17Y43         FDRE                                         r  u_persp/pz2_reg[44]/C
  -------------------------------------------------------------------    -------------------
    SLICE_X17Y43         FDRE (Prop_fdre_C_Q)         0.456     2.212 f  u_persp/pz2_reg[44]/Q
                         net (fo=2, routed)           0.315     2.527    u_persp/nz[20]
    SLICE_X16Y44         LUT1 (Prop_lut1_I0_O)        0.124     2.651 r  u_persp/depth_v1[20]_i_35/O
                         net (fo=1, routed)           0.000     2.651    u_persp/depth_v1[20]_i_35_n_0
    SLICE_X16Y44         CARRY4 (Prop_carry4_S[1]_CO[3])
                                                      0.533     3.184 r  u_persp/depth_v1_reg[20]_i_17/CO[3]
                         net (fo=1, routed)           0.000     3.184    u_persp/depth_v1_reg[20]_i_17_n_0
    SLICE_X16Y45         CARRY4 (Prop_carry4_CI_O[1])
                                                      0.323     3.507 r  u_persp/depth_v1_reg[20]_i_15/O[1]
                         net (fo=16, routed)          1.096     4.604    u_persp/depth_full1[24]
    SLICE_X26Y43         LUT2 (Prop_lut2_I1_O)        0.306     4.910 r  u_persp/depth_v1[12]_i_47/O
                         net (fo=1, routed)           0.000     4.910    u_persp/depth_v1[12]_i_47_n_0
    SLICE_X26Y43         CARRY4 (Prop_carry4_S[0]_CO[3])
                                                      0.513     5.423 r  u_persp/depth_v1_reg[12]_i_35/CO[3]
                         net (fo=1, routed)           0.000     5.423    u_persp/depth_v1_reg[12]_i_35_n_0
    SLICE_X26Y44         CARRY4 (Prop_carry4_CI_O[1])
                                                      0.323     5.746 r  u_persp/depth_v1_reg[16]_i_35/O[1]
                         net (fo=3, routed)           0.859     6.605    u_persp/depth_v1_reg[16]_i_35_n_6
    SLICE_X27Y51         LUT3 (Prop_lut3_I2_O)        0.306     6.911 r  u_persp/depth_v1[12]_i_26/O
                         net (fo=1, routed)           0.802     7.713    u_persp/depth_v1[12]_i_26_n_0
    SLICE_X26Y55         CARRY4 (Prop_carry4_DI[2]_CO[3])
                                                      0.404     8.117 r  u_persp/depth_v1_reg[12]_i_13/CO[3]
                         net (fo=1, routed)           0.000     8.117    u_persp/depth_v1_reg[12]_i_13_n_0
    SLICE_X26Y56         CARRY4 (Prop_carry4_CI_CO[3])
                                                      0.117     8.234 r  u_persp/depth_v1_reg[16]_i_13/CO[3]
                         net (fo=1, routed)           0.000     8.234    u_persp/depth_v1_reg[16]_i_13_n_0
    SLICE_X26Y57         CARRY4 (Prop_carry4_CI_CO[3])
                                                      0.117     8.351 r  u_persp/depth_v1_reg[20]_i_13/CO[3]
                         net (fo=1, routed)           0.000     8.351    u_persp/depth_v1_reg[20]_i_13_n_0
    SLICE_X26Y58         CARRY4 (Prop_carry4_CI_O[2])
                                                      0.239     8.590 r  u_persp/depth_v1_reg[24]_i_13/O[2]
                         net (fo=3, routed)           0.698     9.287    u_persp/depth_v1_reg[24]_i_13_n_5
    SLICE_X33Y57         LUT3 (Prop_lut3_I1_O)        0.301     9.588 r  u_persp/depth_v1[24]_i_16/O
                         net (fo=2, routed)           0.166     9.754    u_persp/depth_v1[24]_i_16_n_0
    SLICE_X33Y57         LUT5 (Prop_lut5_I1_O)        0.124     9.878 r  u_persp/depth_v1[24]_i_4/O
                         net (fo=2, routed)           0.646    10.524    u_persp/depth_v1[24]_i_4_n_0
    SLICE_X29Y58         LUT6 (Prop_lut6_I0_O)        0.124    10.648 r  u_persp/depth_v1[24]_i_8/O
                         net (fo=1, routed)           0.000    10.648    u_persp/depth_v1[24]_i_8_n_0
    SLICE_X29Y58         CARRY4 (Prop_carry4_S[1]_CO[3])
                                                      0.550    11.198 r  u_persp/depth_v1_reg[24]_i_1/CO[3]
                         net (fo=1, routed)           0.000    11.198    u_persp/depth_v1_reg[24]_i_1_n_0
    SLICE_X29Y59         CARRY4 (Prop_carry4_CI_O[0])
                                                      0.223    11.421 r  u_persp/depth_v1_reg[28]_i_1/O[0]
                         net (fo=1, routed)           0.000    11.421    u_persp/depth_v1_reg[28]_i_1_n_7
    SLICE_X29Y59         FDRE                                         r  u_persp/depth_v1_reg[25]/D
  -------------------------------------------------------------------    -------------------

                         (clock clk rise edge)        8.000     8.000 r  <hidden>
                                                      0.000     8.000 r  clk
                         net (fo=9811, unset)         1.522     9.522    u_persp/clk
    SLICE_X29Y59         FDRE                                         r  u_persp/depth_v1_reg[25]/C
                         clock pessimism              0.000     9.522    <hidden>
                         clock uncertainty           -0.035     9.487    <hidden>
    SLICE_X29Y59         FDRE (Setup_fdre_C_D)        0.062     9.549    u_persp/depth_v1_reg[25]
  -------------------------------------------------------------------
                         required time                          9.549    <hidden>
                         arrival time                         -11.421    <hidden>
  -------------------------------------------------------------------
                         slack                                 -1.873    <hidden>

Slack (VIOLATED) :        -1.827ns  (required time - arrival time)
  Source:                 u_persp/pz2_reg[44]/C
                            (rising edge-triggered cell FDRE clocked by clk  {rise@0.000ns fall@4.000ns period=8.000ns})
  Destination:            u_persp/depth_v1_reg[22]/D
                            (rising edge-triggered cell FDRE clocked by clk  {rise@0.000ns fall@4.000ns period=8.000ns})
  Path Group:             clk
  Path Type:              Setup (Max at Slow Process Corner)
  Requirement:            8.000ns  (clk rise@8.000ns - clk rise@0.000ns)
  Data Path Delay:        9.621ns  (logic 5.004ns (52.011%)  route 4.617ns (47.989%))
  Logic Levels:           15  (CARRY4=9 LUT1=1 LUT2=1 LUT3=2 LUT5=1 LUT6=1)
  Clock Path Skew:        -0.233ns (DCD - SCD + CPR)
    Destination Clock Delay (DCD):    1.523ns = ( 9.523 - 8.000 ) 
    Source Clock Delay      (SCD):    1.756ns
    Clock Pessimism Removal (CPR):    0.000ns
  Clock Uncertainty:      0.035ns  ((TSJ^2 + TIJ^2)^1/2 + DJ) / 2 + PE
    Total System Jitter     (TSJ):    0.071ns
    Total Input Jitter      (TIJ):    0.000ns
    Discrete Jitter          (DJ):    0.000ns
    Phase Error              (PE):    0.000ns

    Location             Delay type                Incr(ns)  Path(ns)    Netlist Resource(s)
  -------------------------------------------------------------------    -------------------
                         (clock clk rise edge)        0.000     0.000 r  <hidden>
                                                      0.000     0.000 r  clk
                         net (fo=9811, unset)         1.756     1.756    u_persp/clk
    SLICE_X17Y43         FDRE                                         r  u_persp/pz2_reg[44]/C
  -------------------------------------------------------------------    -------------------
    SLICE_X17Y43         FDRE (Prop_fdre_C_Q)         0.456     2.212 f  u_persp/pz2_reg[44]/Q
                         net (fo=2, routed)           0.315     2.527    u_persp/nz[20]
    SLICE_X16Y44         LUT1 (Prop_lut1_I0_O)        0.124     2.651 r  u_persp/depth_v1[20]_i_35/O
                         net (fo=1, routed)           0.000     2.651    u_persp/depth_v1[20]_i_35_n_0
    SLICE_X16Y44         CARRY4 (Prop_carry4_S[1]_CO[3])
                                                      0.533     3.184 r  u_persp/depth_v1_reg[20]_i_17/CO[3]
                         net (fo=1, routed)           0.000     3.184    u_persp/depth_v1_reg[20]_i_17_n_0
    SLICE_X16Y45         CARRY4 (Prop_carry4_CI_O[1])
                                                      0.323     3.507 r  u_persp/depth_v1_reg[20]_i_15/O[1]
                         net (fo=16, routed)          1.096     4.604    u_persp/depth_full1[24]
    SLICE_X26Y43         LUT2 (Prop_lut2_I1_O)        0.306     4.910 r  u_persp/depth_v1[12]_i_47/O
                         net (fo=1, routed)           0.000     4.910    u_persp/depth_v1[12]_i_47_n_0
    SLICE_X26Y43         CARRY4 (Prop_carry4_S[0]_CO[3])
                                                      0.513     5.423 r  u_persp/depth_v1_reg[12]_i_35/CO[3]
                         net (fo=1, routed)           0.000     5.423    u_persp/depth_v1_reg[12]_i_35_n_0
    SLICE_X26Y44         CARRY4 (Prop_carry4_CI_O[1])
                                                      0.323     5.746 r  u_persp/depth_v1_reg[16]_i_35/O[1]
                         net (fo=3, routed)           0.859     6.605    u_persp/depth_v1_reg[16]_i_35_n_6
    SLICE_X27Y51         LUT3 (Prop_lut3_I2_O)        0.306     6.911 r  u_persp/depth_v1[12]_i_26/O
                         net (fo=1, routed)           0.802     7.713    u_persp/depth_v1[12]_i_26_n_0
    SLICE_X26Y55         CARRY4 (Prop_carry4_DI[2]_CO[3])
                                                      0.404     8.117 r  u_persp/depth_v1_reg[12]_i_13/CO[3]
                         net (fo=1, routed)           0.000     8.117    u_persp/depth_v1_reg[12]_i_13_n_0
    SLICE_X26Y56         CARRY4 (Prop_carry4_CI_O[3])
                                                      0.315     8.432 r  u_persp/depth_v1_reg[16]_i_13/O[3]
                         net (fo=3, routed)           0.597     9.028    u_persp/depth_v1_reg[16]_i_13_n_4
    SLICE_X32Y55         LUT3 (Prop_lut3_I1_O)        0.307     9.335 r  u_persp/depth_v1[16]_i_14/O
                         net (fo=2, routed)           0.304     9.639    u_persp/depth_v1[16]_i_14_n_0
    SLICE_X33Y56         LUT5 (Prop_lut5_I1_O)        0.124     9.763 r  u_persp/depth_v1[16]_i_3/O
                         net (fo=2, routed)           0.644    10.407    u_persp/depth_v1[16]_i_3_n_0
    SLICE_X29Y56         LUT6 (Prop_lut6_I0_O)        0.124    10.531 r  u_persp/depth_v1[16]_i_7/O
                         net (fo=1, routed)           0.000    10.531    u_persp/depth_v1[16]_i_7_n_0
    SLICE_X29Y56         CARRY4 (Prop_carry4_S[2]_CO[3])
                                                      0.398    10.929 r  u_persp/depth_v1_reg[16]_i_1/CO[3]
                         net (fo=1, routed)           0.000    10.929    u_persp/depth_v1_reg[16]_i_1_n_0
    SLICE_X29Y57         CARRY4 (Prop_carry4_CI_CO[3])
                                                      0.114    11.043 r  u_persp/depth_v1_reg[20]_i_1/CO[3]
                         net (fo=1, routed)           0.000    11.043    u_persp/depth_v1_reg[20]_i_1_n_0
    SLICE_X29Y58         CARRY4 (Prop_carry4_CI_O[1])
                                                      0.334    11.377 r  u_persp/depth_v1_reg[24]_i_1/O[1]
                         net (fo=1, routed)           0.000    11.377    u_persp/depth_v1_reg[24]_i_1_n_6
    SLICE_X29Y58         FDRE                                         r  u_persp/depth_v1_reg[22]/D
  -------------------------------------------------------------------    -------------------

                         (clock clk rise edge)        8.000     8.000 r  <hidden>
                                                      0.000     8.000 r  clk
                         net (fo=9811, unset)         1.523     9.523    u_persp/clk
    SLICE_X29Y58         FDRE                                         r  u_persp/depth_v1_reg[22]/C
                         clock pessimism              0.000     9.523    <hidden>
                         clock uncertainty           -0.035     9.488    <hidden>
    SLICE_X29Y58         FDRE (Setup_fdre_C_D)        0.062     9.550    u_persp/depth_v1_reg[22]
  -------------------------------------------------------------------
                         required time                          9.550    <hidden>
                         arrival time                         -11.377    <hidden>
  -------------------------------------------------------------------
                         slack                                 -1.827    <hidden>

Slack (VIOLATED) :        -1.806ns  (required time - arrival time)
  Source:                 u_persp/pz2_reg[44]/C
                            (rising edge-triggered cell FDRE clocked by clk  {rise@0.000ns fall@4.000ns period=8.000ns})
  Destination:            u_persp/depth_v1_reg[24]/D
                            (rising edge-triggered cell FDRE clocked by clk  {rise@0.000ns fall@4.000ns period=8.000ns})
  Path Group:             clk
  Path Type:              Setup (Max at Slow Process Corner)
  Requirement:            8.000ns  (clk rise@8.000ns - clk rise@0.000ns)
  Data Path Delay:        9.600ns  (logic 4.983ns (51.906%)  route 4.617ns (48.094%))
  Logic Levels:           15  (CARRY4=9 LUT1=1 LUT2=1 LUT3=2 LUT5=1 LUT6=1)
  Clock Path Skew:        -0.233ns (DCD - SCD + CPR)
    Destination Clock Delay (DCD):    1.523ns = ( 9.523 - 8.000 ) 
    Source Clock Delay      (SCD):    1.756ns
    Clock Pessimism Removal (CPR):    0.000ns
  Clock Uncertainty:      0.035ns  ((TSJ^2 + TIJ^2)^1/2 + DJ) / 2 + PE
    Total System Jitter     (TSJ):    0.071ns
    Total Input Jitter      (TIJ):    0.000ns
    Discrete Jitter          (DJ):    0.000ns
    Phase Error              (PE):    0.000ns

    Location             Delay type                Incr(ns)  Path(ns)    Netlist Resource(s)
  -------------------------------------------------------------------    -------------------
                         (clock clk rise edge)        0.000     0.000 r  <hidden>
                                                      0.000     0.000 r  clk
                         net (fo=9811, unset)         1.756     1.756    u_persp/clk
    SLICE_X17Y43         FDRE                                         r  u_persp/pz2_reg[44]/C
  -------------------------------------------------------------------    -------------------
    SLICE_X17Y43         FDRE (Prop_fdre_C_Q)         0.456     2.212 f  u_persp/pz2_reg[44]/Q
                         net (fo=2, routed)           0.315     2.527    u_persp/nz[20]
    SLICE_X16Y44         LUT1 (Prop_lut1_I0_O)        0.124     2.651 r  u_persp/depth_v1[20]_i_35/O
                         net (fo=1, routed)           0.000     2.651    u_persp/depth_v1[20]_i_35_n_0
    SLICE_X16Y44         CARRY4 (Prop_carry4_S[1]_CO[3])
                                                      0.533     3.184 r  u_persp/depth_v1_reg[20]_i_17/CO[3]
                         net (fo=1, routed)           0.000     3.184    u_persp/depth_v1_reg[20]_i_17_n_0
    SLICE_X16Y45         CARRY4 (Prop_carry4_CI_O[1])
                                                      0.323     3.507 r  u_persp/depth_v1_reg[20]_i_15/O[1]
                         net (fo=16, routed)          1.096     4.604    u_persp/depth_full1[24]
    SLICE_X26Y43         LUT2 (Prop_lut2_I1_O)        0.306     4.910 r  u_persp/depth_v1[12]_i_47/O
                         net (fo=1, routed)           0.000     4.910    u_persp/depth_v1[12]_i_47_n_0
    SLICE_X26Y43         CARRY4 (Prop_carry4_S[0]_CO[3])
                                                      0.513     5.423 r  u_persp/depth_v1_reg[12]_i_35/CO[3]
                         net (fo=1, routed)           0.000     5.423    u_persp/depth_v1_reg[12]_i_35_n_0
    SLICE_X26Y44         CARRY4 (Prop_carry4_CI_O[1])
                                                      0.323     5.746 r  u_persp/depth_v1_reg[16]_i_35/O[1]
                         net (fo=3, routed)           0.859     6.605    u_persp/depth_v1_reg[16]_i_35_n_6
    SLICE_X27Y51         LUT3 (Prop_lut3_I2_O)        0.306     6.911 r  u_persp/depth_v1[12]_i_26/O
                         net (fo=1, routed)           0.802     7.713    u_persp/depth_v1[12]_i_26_n_0
    SLICE_X26Y55         CARRY4 (Prop_carry4_DI[2]_CO[3])
                                                      0.404     8.117 r  u_persp/depth_v1_reg[12]_i_13/CO[3]
                         net (fo=1, routed)           0.000     8.117    u_persp/depth_v1_reg[12]_i_13_n_0
    SLICE_X26Y56         CARRY4 (Prop_carry4_CI_O[3])
                                                      0.315     8.432 r  u_persp/depth_v1_reg[16]_i_13/O[3]
                         net (fo=3, routed)           0.597     9.028    u_persp/depth_v1_reg[16]_i_13_n_4
    SLICE_X32Y55         LUT3 (Prop_lut3_I1_O)        0.307     9.335 r  u_persp/depth_v1[16]_i_14/O
                         net (fo=2, routed)           0.304     9.639    u_persp/depth_v1[16]_i_14_n_0
    SLICE_X33Y56         LUT5 (Prop_lut5_I1_O)        0.124     9.763 r  u_persp/depth_v1[16]_i_3/O
                         net (fo=2, routed)           0.644    10.407    u_persp/depth_v1[16]_i_3_n_0
    SLICE_X29Y56         LUT6 (Prop_lut6_I0_O)        0.124    10.531 r  u_persp/depth_v1[16]_i_7/O
                         net (fo=1, routed)           0.000    10.531    u_persp/depth_v1[16]_i_7_n_0
    SLICE_X29Y56         CARRY4 (Prop_carry4_S[2]_CO[3])
                                                      0.398    10.929 r  u_persp/depth_v1_reg[16]_i_1/CO[3]
                         net (fo=1, routed)           0.000    10.929    u_persp/depth_v1_reg[16]_i_1_n_0
    SLICE_X29Y57         CARRY4 (Prop_carry4_CI_CO[3])
                                                      0.114    11.043 r  u_persp/depth_v1_reg[20]_i_1/CO[3]
                         net (fo=1, routed)           0.000    11.043    u_persp/depth_v1_reg[20]_i_1_n_0
    SLICE_X29Y58         CARRY4 (Prop_carry4_CI_O[3])
                                                      0.313    11.356 r  u_persp/depth_v1_reg[24]_i_1/O[3]
                         net (fo=1, routed)           0.000    11.356    u_persp/depth_v1_reg[24]_i_1_n_4
    SLICE_X29Y58         FDRE                                         r  u_persp/depth_v1_reg[24]/D
  -------------------------------------------------------------------    -------------------

                         (clock clk rise edge)        8.000     8.000 r  <hidden>
                                                      0.000     8.000 r  clk
                         net (fo=9811, unset)         1.523     9.523    u_persp/clk
    SLICE_X29Y58         FDRE                                         r  u_persp/depth_v1_reg[24]/C
                         clock pessimism              0.000     9.523    <hidden>
                         clock uncertainty           -0.035     9.488    <hidden>
    SLICE_X29Y58         FDRE (Setup_fdre_C_D)        0.062     9.550    u_persp/depth_v1_reg[24]
  -------------------------------------------------------------------
                         required time                          9.550    <hidden>
                         arrival time                         -11.356    <hidden>
  -------------------------------------------------------------------
                         slack                                 -1.806    <hidden>

Slack (VIOLATED) :        -1.732ns  (required time - arrival time)
  Source:                 u_persp/pz2_reg[44]/C
                            (rising edge-triggered cell FDRE clocked by clk  {rise@0.000ns fall@4.000ns period=8.000ns})
  Destination:            u_persp/depth_v1_reg[23]/D
                            (rising edge-triggered cell FDRE clocked by clk  {rise@0.000ns fall@4.000ns period=8.000ns})
  Path Group:             clk
  Path Type:              Setup (Max at Slow Process Corner)
  Requirement:            8.000ns  (clk rise@8.000ns - clk rise@0.000ns)
  Data Path Delay:        9.526ns  (logic 4.909ns (51.532%)  route 4.617ns (48.468%))
  Logic Levels:           15  (CARRY4=9 LUT1=1 LUT2=1 LUT3=2 LUT5=1 LUT6=1)
  Clock Path Skew:        -0.233ns (DCD - SCD + CPR)
    Destination Clock Delay (DCD):    1.523ns = ( 9.523 - 8.000 ) 
    Source Clock Delay      (SCD):    1.756ns
    Clock Pessimism Removal (CPR):    0.000ns
  Clock Uncertainty:      0.035ns  ((TSJ^2 + TIJ^2)^1/2 + DJ) / 2 + PE
    Total System Jitter     (TSJ):    0.071ns
    Total Input Jitter      (TIJ):    0.000ns
    Discrete Jitter          (DJ):    0.000ns
    Phase Error              (PE):    0.000ns

    Location             Delay type                Incr(ns)  Path(ns)    Netlist Resource(s)
  -------------------------------------------------------------------    -------------------
                         (clock clk rise edge)        0.000     0.000 r  <hidden>
                                                      0.000     0.000 r  clk
                         net (fo=9811, unset)         1.756     1.756    u_persp/clk
    SLICE_X17Y43         FDRE                                         r  u_persp/pz2_reg[44]/C
  -------------------------------------------------------------------    -------------------
    SLICE_X17Y43         FDRE (Prop_fdre_C_Q)         0.456     2.212 f  u_persp/pz2_reg[44]/Q
                         net (fo=2, routed)           0.315     2.527    u_persp/nz[20]
    SLICE_X16Y44         LUT1 (Prop_lut1_I0_O)        0.124     2.651 r  u_persp/depth_v1[20]_i_35/O
                         net (fo=1, routed)           0.000     2.651    u_persp/depth_v1[20]_i_35_n_0
    SLICE_X16Y44         CARRY4 (Prop_carry4_S[1]_CO[3])
                                                      0.533     3.184 r  u_persp/depth_v1_reg[20]_i_17/CO[3]
                         net (fo=1, routed)           0.000     3.184    u_persp/depth_v1_reg[20]_i_17_n_0
    SLICE_X16Y45         CARRY4 (Prop_carry4_CI_O[1])
                                                      0.323     3.507 r  u_persp/depth_v1_reg[20]_i_15/O[1]
                         net (fo=16, routed)          1.096     4.604    u_persp/depth_full1[24]
    SLICE_X26Y43         LUT2 (Prop_lut2_I1_O)        0.306     4.910 r  u_persp/depth_v1[12]_i_47/O
                         net (fo=1, routed)           0.000     4.910    u_persp/depth_v1[12]_i_47_n_0
    SLICE_X26Y43         CARRY4 (Prop_carry4_S[0]_CO[3])
                                                      0.513     5.423 r  u_persp/depth_v1_reg[12]_i_35/CO[3]
                         net (fo=1, routed)           0.000     5.423    u_persp/depth_v1_reg[12]_i_35_n_0
    SLICE_X26Y44         CARRY4 (Prop_carry4_CI_O[1])
                                                      0.323     5.746 r  u_persp/depth_v1_reg[16]_i_35/O[1]
                         net (fo=3, routed)           0.859     6.605    u_persp/depth_v1_reg[16]_i_35_n_6
    SLICE_X27Y51         LUT3 (Prop_lut3_I2_O)        0.306     6.911 r  u_persp/depth_v1[12]_i_26/O
                         net (fo=1, routed)           0.802     7.713    u_persp/depth_v1[12]_i_26_n_0
    SLICE_X26Y55         CARRY4 (Prop_carry4_DI[2]_CO[3])
                                                      0.404     8.117 r  u_persp/depth_v1_reg[12]_i_13/CO[3]
                         net (fo=1, routed)           0.000     8.117    u_persp/depth_v1_reg[12]_i_13_n_0
    SLICE_X26Y56         CARRY4 (Prop_carry4_CI_O[3])
                                                      0.315     8.432 r  u_persp/depth_v1_reg[16]_i_13/O[3]
                         net (fo=3, routed)           0.597     9.028    u_persp/depth_v1_reg[16]_i_13_n_4
    SLICE_X32Y55         LUT3 (Prop_lut3_I1_O)        0.307     9.335 r  u_persp/depth_v1[16]_i_14/O
                         net (fo=2, routed)           0.304     9.639    u_persp/depth_v1[16]_i_14_n_0
    SLICE_X33Y56         LUT5 (Prop_lut5_I1_O)        0.124     9.763 r  u_persp/depth_v1[16]_i_3/O
                         net (fo=2, routed)           0.644    10.407    u_persp/depth_v1[16]_i_3_n_0
    SLICE_X29Y56         LUT6 (Prop_lut6_I0_O)        0.124    10.531 r  u_persp/depth_v1[16]_i_7/O
                         net (fo=1, routed)           0.000    10.531    u_persp/depth_v1[16]_i_7_n_0
    SLICE_X29Y56         CARRY4 (Prop_carry4_S[2]_CO[3])
                                                      0.398    10.929 r  u_persp/depth_v1_reg[16]_i_1/CO[3]
                         net (fo=1, routed)           0.000    10.929    u_persp/depth_v1_reg[16]_i_1_n_0
    SLICE_X29Y57         CARRY4 (Prop_carry4_CI_CO[3])
                                                      0.114    11.043 r  u_persp/depth_v1_reg[20]_i_1/CO[3]
                         net (fo=1, routed)           0.000    11.043    u_persp/depth_v1_reg[20]_i_1_n_0
    SLICE_X29Y58         CARRY4 (Prop_carry4_CI_O[2])
                                                      0.239    11.282 r  u_persp/depth_v1_reg[24]_i_1/O[2]
                         net (fo=1, routed)           0.000    11.282    u_persp/depth_v1_reg[24]_i_1_n_5
    SLICE_X29Y58         FDRE                                         r  u_persp/depth_v1_reg[23]/D
  -------------------------------------------------------------------    -------------------

                         (clock clk rise edge)        8.000     8.000 r  <hidden>
                                                      0.000     8.000 r  clk
                         net (fo=9811, unset)         1.523     9.523    u_persp/clk
    SLICE_X29Y58         FDRE                                         r  u_persp/depth_v1_reg[23]/C
                         clock pessimism              0.000     9.523    <hidden>
                         clock uncertainty           -0.035     9.488    <hidden>
    SLICE_X29Y58         FDRE (Setup_fdre_C_D)        0.062     9.550    u_persp/depth_v1_reg[23]
  -------------------------------------------------------------------
                         required time                          9.550    <hidden>
                         arrival time                         -11.282    <hidden>
  -------------------------------------------------------------------
                         slack                                 -1.732    <hidden>

Slack (VIOLATED) :        -1.716ns  (required time - arrival time)
  Source:                 u_persp/pz2_reg[44]/C
                            (rising edge-triggered cell FDRE clocked by clk  {rise@0.000ns fall@4.000ns period=8.000ns})
  Destination:            u_persp/depth_v1_reg[21]/D
                            (rising edge-triggered cell FDRE clocked by clk  {rise@0.000ns fall@4.000ns period=8.000ns})
  Path Group:             clk
  Path Type:              Setup (Max at Slow Process Corner)
  Requirement:            8.000ns  (clk rise@8.000ns - clk rise@0.000ns)
  Data Path Delay:        9.510ns  (logic 4.893ns (51.451%)  route 4.617ns (48.549%))
  Logic Levels:           15  (CARRY4=9 LUT1=1 LUT2=1 LUT3=2 LUT5=1 LUT6=1)
  Clock Path Skew:        -0.233ns (DCD - SCD + CPR)
    Destination Clock Delay (DCD):    1.523ns = ( 9.523 - 8.000 ) 
    Source Clock Delay      (SCD):    1.756ns
    Clock Pessimism Removal (CPR):    0.000ns
  Clock Uncertainty:      0.035ns  ((TSJ^2 + TIJ^2)^1/2 + DJ) / 2 + PE
    Total System Jitter     (TSJ):    0.071ns
    Total Input Jitter      (TIJ):    0.000ns
    Discrete Jitter          (DJ):    0.000ns
    Phase Error              (PE):    0.000ns

    Location             Delay type                Incr(ns)  Path(ns)    Netlist Resource(s)
  -------------------------------------------------------------------    -------------------
                         (clock clk rise edge)        0.000     0.000 r  <hidden>
                                                      0.000     0.000 r  clk
                         net (fo=9811, unset)         1.756     1.756    u_persp/clk
    SLICE_X17Y43         FDRE                                         r  u_persp/pz2_reg[44]/C
  -------------------------------------------------------------------    -------------------
    SLICE_X17Y43         FDRE (Prop_fdre_C_Q)         0.456     2.212 f  u_persp/pz2_reg[44]/Q
                         net (fo=2, routed)           0.315     2.527    u_persp/nz[20]
    SLICE_X16Y44         LUT1 (Prop_lut1_I0_O)        0.124     2.651 r  u_persp/depth_v1[20]_i_35/O
                         net (fo=1, routed)           0.000     2.651    u_persp/depth_v1[20]_i_35_n_0
    SLICE_X16Y44         CARRY4 (Prop_carry4_S[1]_CO[3])
                                                      0.533     3.184 r  u_persp/depth_v1_reg[20]_i_17/CO[3]
                         net (fo=1, routed)           0.000     3.184    u_persp/depth_v1_reg[20]_i_17_n_0
    SLICE_X16Y45         CARRY4 (Prop_carry4_CI_O[1])
                                                      0.323     3.507 r  u_persp/depth_v1_reg[20]_i_15/O[1]
                         net (fo=16, routed)          1.096     4.604    u_persp/depth_full1[24]
    SLICE_X26Y43         LUT2 (Prop_lut2_I1_O)        0.306     4.910 r  u_persp/depth_v1[12]_i_47/O
                         net (fo=1, routed)           0.000     4.910    u_persp/depth_v1[12]_i_47_n_0
    SLICE_X26Y43         CARRY4 (Prop_carry4_S[0]_CO[3])
                                                      0.513     5.423 r  u_persp/depth_v1_reg[12]_i_35/CO[3]
                         net (fo=1, routed)           0.000     5.423    u_persp/depth_v1_reg[12]_i_35_n_0
    SLICE_X26Y44         CARRY4 (Prop_carry4_CI_O[1])
                                                      0.323     5.746 r  u_persp/depth_v1_reg[16]_i_35/O[1]
                         net (fo=3, routed)           0.859     6.605    u_persp/depth_v1_reg[16]_i_35_n_6
    SLICE_X27Y51         LUT3 (Prop_lut3_I2_O)        0.306     6.911 r  u_persp/depth_v1[12]_i_26/O
                         net (fo=1, routed)           0.802     7.713    u_persp/depth_v1[12]_i_26_n_0
    SLICE_X26Y55         CARRY4 (Prop_carry4_DI[2]_CO[3])
                                                      0.404     8.117 r  u_persp/depth_v1_reg[12]_i_13/CO[3]
                         net (fo=1, routed)           0.000     8.117    u_persp/depth_v1_reg[12]_i_13_n_0
    SLICE_X26Y56         CARRY4 (Prop_carry4_CI_O[3])
                                                      0.315     8.432 r  u_persp/depth_v1_reg[16]_i_13/O[3]
                         net (fo=3, routed)           0.597     9.028    u_persp/depth_v1_reg[16]_i_13_n_4
    SLICE_X32Y55         LUT3 (Prop_lut3_I1_O)        0.307     9.335 r  u_persp/depth_v1[16]_i_14/O
                         net (fo=2, routed)           0.304     9.639    u_persp/depth_v1[16]_i_14_n_0
    SLICE_X33Y56         LUT5 (Prop_lut5_I1_O)        0.124     9.763 r  u_persp/depth_v1[16]_i_3/O
                         net (fo=2, routed)           0.644    10.407    u_persp/depth_v1[16]_i_3_n_0
    SLICE_X29Y56         LUT6 (Prop_lut6_I0_O)        0.124    10.531 r  u_persp/depth_v1[16]_i_7/O
                         net (fo=1, routed)           0.000    10.531    u_persp/depth_v1[16]_i_7_n_0
    SLICE_X29Y56         CARRY4 (Prop_carry4_S[2]_CO[3])
                                                      0.398    10.929 r  u_persp/depth_v1_reg[16]_i_1/CO[3]
                         net (fo=1, routed)           0.000    10.929    u_persp/depth_v1_reg[16]_i_1_n_0
    SLICE_X29Y57         CARRY4 (Prop_carry4_CI_CO[3])
                                                      0.114    11.043 r  u_persp/depth_v1_reg[20]_i_1/CO[3]
                         net (fo=1, routed)           0.000    11.043    u_persp/depth_v1_reg[20]_i_1_n_0
    SLICE_X29Y58         CARRY4 (Prop_carry4_CI_O[0])
                                                      0.223    11.266 r  u_persp/depth_v1_reg[24]_i_1/O[0]
                         net (fo=1, routed)           0.000    11.266    u_persp/depth_v1_reg[24]_i_1_n_7
    SLICE_X29Y58         FDRE                                         r  u_persp/depth_v1_reg[21]/D
  -------------------------------------------------------------------    -------------------

                         (clock clk rise edge)        8.000     8.000 r  <hidden>
                                                      0.000     8.000 r  clk
                         net (fo=9811, unset)         1.523     9.523    u_persp/clk
    SLICE_X29Y58         FDRE                                         r  u_persp/depth_v1_reg[21]/C
                         clock pessimism              0.000     9.523    <hidden>
                         clock uncertainty           -0.035     9.488    <hidden>
    SLICE_X29Y58         FDRE (Setup_fdre_C_D)        0.062     9.550    u_persp/depth_v1_reg[21]
  -------------------------------------------------------------------
                         required time                          9.550    <hidden>
                         arrival time                         -11.266    <hidden>
  -------------------------------------------------------------------
                         slack                                 -1.716    <hidden>

Slack (VIOLATED) :        -1.713ns  (required time - arrival time)
  Source:                 u_persp/pz2_reg[44]/C
                            (rising edge-triggered cell FDRE clocked by clk  {rise@0.000ns fall@4.000ns period=8.000ns})
  Destination:            u_persp/depth_v1_reg[18]/D
                            (rising edge-triggered cell FDRE clocked by clk  {rise@0.000ns fall@4.000ns period=8.000ns})
  Path Group:             clk
  Path Type:              Setup (Max at Slow Process Corner)
  Requirement:            8.000ns  (clk rise@8.000ns - clk rise@0.000ns)
  Data Path Delay:        9.507ns  (logic 4.890ns (51.435%)  route 4.617ns (48.565%))
  Logic Levels:           14  (CARRY4=8 LUT1=1 LUT2=1 LUT3=2 LUT5=1 LUT6=1)
  Clock Path Skew:        -0.233ns (DCD - SCD + CPR)
    Destination Clock Delay (DCD):    1.523ns = ( 9.523 - 8.000 ) 
    Source Clock Delay      (SCD):    1.756ns
    Clock Pessimism Removal (CPR):    0.000ns
  Clock Uncertainty:      0.035ns  ((TSJ^2 + TIJ^2)^1/2 + DJ) / 2 + PE
    Total System Jitter     (TSJ):    0.071ns
    Total Input Jitter      (TIJ):    0.000ns
    Discrete Jitter          (DJ):    0.000ns
    Phase Error              (PE):    0.000ns

    Location             Delay type                Incr(ns)  Path(ns)    Netlist Resource(s)
  -------------------------------------------------------------------    -------------------
                         (clock clk rise edge)        0.000     0.000 r  <hidden>
                                                      0.000     0.000 r  clk
                         net (fo=9811, unset)         1.756     1.756    u_persp/clk
    SLICE_X17Y43         FDRE                                         r  u_persp/pz2_reg[44]/C
  -------------------------------------------------------------------    -------------------
    SLICE_X17Y43         FDRE (Prop_fdre_C_Q)         0.456     2.212 f  u_persp/pz2_reg[44]/Q
                         net (fo=2, routed)           0.315     2.527    u_persp/nz[20]
    SLICE_X16Y44         LUT1 (Prop_lut1_I0_O)        0.124     2.651 r  u_persp/depth_v1[20]_i_35/O
                         net (fo=1, routed)           0.000     2.651    u_persp/depth_v1[20]_i_35_n_0
    SLICE_X16Y44         CARRY4 (Prop_carry4_S[1]_CO[3])
                                                      0.533     3.184 r  u_persp/depth_v1_reg[20]_i_17/CO[3]
                         net (fo=1, routed)           0.000     3.184    u_persp/depth_v1_reg[20]_i_17_n_0
    SLICE_X16Y45         CARRY4 (Prop_carry4_CI_O[1])
                                                      0.323     3.507 r  u_persp/depth_v1_reg[20]_i_15/O[1]
                         net (fo=16, routed)          1.096     4.604    u_persp/depth_full1[24]
    SLICE_X26Y43         LUT2 (Prop_lut2_I1_O)        0.306     4.910 r  u_persp/depth_v1[12]_i_47/O
                         net (fo=1, routed)           0.000     4.910    u_persp/depth_v1[12]_i_47_n_0
    SLICE_X26Y43         CARRY4 (Prop_carry4_S[0]_CO[3])
                                                      0.513     5.423 r  u_persp/depth_v1_reg[12]_i_35/CO[3]
                         net (fo=1, routed)           0.000     5.423    u_persp/depth_v1_reg[12]_i_35_n_0
    SLICE_X26Y44         CARRY4 (Prop_carry4_CI_O[1])
                                                      0.323     5.746 r  u_persp/depth_v1_reg[16]_i_35/O[1]
                         net (fo=3, routed)           0.859     6.605    u_persp/depth_v1_reg[16]_i_35_n_6
    SLICE_X27Y51         LUT3 (Prop_lut3_I2_O)        0.306     6.911 r  u_persp/depth_v1[12]_i_26/O
                         net (fo=1, routed)           0.802     7.713    u_persp/depth_v1[12]_i_26_n_0
    SLICE_X26Y55         CARRY4 (Prop_carry4_DI[2]_CO[3])
                                                      0.404     8.117 r  u_persp/depth_v1_reg[12]_i_13/CO[3]
                         net (fo=1, routed)           0.000     8.117    u_persp/depth_v1_reg[12]_i_13_n_0
    SLICE_X26Y56         CARRY4 (Prop_carry4_CI_O[3])
                                                      0.315     8.432 r  u_persp/depth_v1_reg[16]_i_13/O[3]
                         net (fo=3, routed)           0.597     9.028    u_persp/depth_v1_reg[16]_i_13_n_4
    SLICE_X32Y55         LUT3 (Prop_lut3_I1_O)        0.307     9.335 r  u_persp/depth_v1[16]_i_14/O
                         net (fo=2, routed)           0.304     9.639    u_persp/depth_v1[16]_i_14_n_0
    SLICE_X33Y56         LUT5 (Prop_lut5_I1_O)        0.124     9.763 r  u_persp/depth_v1[16]_i_3/O
                         net (fo=2, routed)           0.644    10.407    u_persp/depth_v1[16]_i_3_n_0
    SLICE_X29Y56         LUT6 (Prop_lut6_I0_O)        0.124    10.531 r  u_persp/depth_v1[16]_i_7/O
                         net (fo=1, routed)           0.000    10.531    u_persp/depth_v1[16]_i_7_n_0
    SLICE_X29Y56         CARRY4 (Prop_carry4_S[2]_CO[3])
                                                      0.398    10.929 r  u_persp/depth_v1_reg[16]_i_1/CO[3]
                         net (fo=1, routed)           0.000    10.929    u_persp/depth_v1_reg[16]_i_1_n_0
    SLICE_X29Y57         CARRY4 (Prop_carry4_CI_O[1])
                                                      0.334    11.263 r  u_persp/depth_v1_reg[20]_i_1/O[1]
                         net (fo=1, routed)           0.000    11.263    u_persp/depth_v1_reg[20]_i_1_n_6
    SLICE_X29Y57         FDRE                                         r  u_persp/depth_v1_reg[18]/D
  -------------------------------------------------------------------    -------------------

                         (clock clk rise edge)        8.000     8.000 r  <hidden>
                                                      0.000     8.000 r  clk
                         net (fo=9811, unset)         1.523     9.523    u_persp/clk
    SLICE_X29Y57         FDRE                                         r  u_persp/depth_v1_reg[18]/C
                         clock pessimism              0.000     9.523    <hidden>
                         clock uncertainty           -0.035     9.488    <hidden>
    SLICE_X29Y57         FDRE (Setup_fdre_C_D)        0.062     9.550    u_persp/depth_v1_reg[18]
  -------------------------------------------------------------------
                         required time                          9.550    <hidden>
                         arrival time                         -11.263    <hidden>
  -------------------------------------------------------------------
                         slack                                 -1.713    <hidden>

Slack (VIOLATED) :        -1.693ns  (required time - arrival time)
  Source:                 u_fetch/req_left_reg[30]/C
                            (rising edge-triggered cell FDCE clocked by clk  {rise@0.000ns fall@4.000ns period=8.000ns})
  Destination:            u_fetch/req_addr_reg[31]/D
                            (rising edge-triggered cell FDCE clocked by clk  {rise@0.000ns fall@4.000ns period=8.000ns})
  Path Group:             clk
  Path Type:              Setup (Max at Slow Process Corner)
  Requirement:            8.000ns  (clk rise@8.000ns - clk rise@0.000ns)
  Data Path Delay:        9.663ns  (logic 4.029ns (41.693%)  route 5.634ns (58.307%))
  Logic Levels:           18  (CARRY4=9 LUT3=2 LUT4=1 LUT5=1 LUT6=5)
  Clock Path Skew:        -0.056ns (DCD - SCD + CPR)
    Destination Clock Delay (DCD):    1.550ns = ( 9.550 - 8.000 ) 
    Source Clock Delay      (SCD):    1.721ns
    Clock Pessimism Removal (CPR):    0.115ns
  Clock Uncertainty:      0.035ns  ((TSJ^2 + TIJ^2)^1/2 + DJ) / 2 + PE
    Total System Jitter     (TSJ):    0.071ns
    Total Input Jitter      (TIJ):    0.000ns
    Discrete Jitter          (DJ):    0.000ns
    Phase Error              (PE):    0.000ns

    Location             Delay type                Incr(ns)  Path(ns)    Netlist Resource(s)
  -------------------------------------------------------------------    -------------------
                         (clock clk rise edge)        0.000     0.000 r  <hidden>
                                                      0.000     0.000 r  clk
                         net (fo=9811, unset)         1.721     1.721    u_fetch/clk
    SLICE_X82Y27         FDCE                                         r  u_fetch/req_left_reg[30]/C
  -------------------------------------------------------------------    -------------------
    SLICE_X82Y27         FDCE (Prop_fdce_C_Q)         0.518     2.239 f  u_fetch/req_left_reg[30]/Q
                         net (fo=2, routed)           0.820     3.059    u_fetch/req_left_reg_n_0_[30]
    SLICE_X83Y25         LUT4 (Prop_lut4_I1_O)        0.124     3.183 f  u_fetch/m_axi_arlen[2]_i_7/O
                         net (fo=3, routed)           1.048     4.231    u_fetch/m_axi_arlen[2]_i_7_n_0
    SLICE_X81Y20         LUT6 (Prop_lut6_I4_O)        0.124     4.355 r  u_fetch/m_axi_arlen[3]_i_2_comp_1/O
                         net (fo=9, routed)           0.453     4.808    u_fetch/m_axi_arlen[3]_i_2_n_0
    SLICE_X80Y21         LUT5 (Prop_lut5_I1_O)        0.124     4.932 r  u_fetch/m_axi_arlen[3]_i_10/O
                         net (fo=1, routed)           0.000     4.932    u_fetch/m_axi_arlen[3]_i_10_n_0
    SLICE_X80Y21         CARRY4 (Prop_carry4_S[1]_CO[3])
                                                      0.550     5.482 r  u_fetch/m_axi_arlen_reg[3]_i_4/CO[3]
                         net (fo=1, routed)           0.000     5.482    u_fetch/m_axi_arlen_reg[3]_i_4_n_0
    SLICE_X80Y22         CARRY4 (Prop_carry4_CI_CO[0])
                                                      0.271     5.753 r  u_fetch/m_axi_arlen_reg[3]_i_3/CO[0]
                         net (fo=8, routed)           0.526     6.279    u_fetch/m_axi_arlen_reg[3]_i_3_n_3
    SLICE_X78Y23         LUT6 (Prop_lut6_I1_O)        0.373     6.652 r  u_fetch/len_q_reg_0_3_0_2_i_3/O
                         net (fo=10, routed)          0.540     7.192    u_fetch/burst_v[0]
    SLICE_X79Y24         LUT6 (Prop_lut6_I3_O)        0.124     7.316 f  u_fetch/m_axi_araddr[31]_i_13/O
                         net (fo=1, routed)           0.606     7.922    u_fetch/m_axi_araddr[31]_i_13_n_0
    SLICE_X78Y22         LUT6 (Prop_lut6_I1_O)        0.124     8.046 f  u_fetch/m_axi_araddr[31]_i_5/O
                         net (fo=1, routed)           0.404     8.450    u_fetch/m_axi_araddr[31]_i_5_n_0
    SLICE_X79Y21         LUT6 (Prop_lut6_I4_O)        0.124     8.574 r  u_fetch/m_axi_araddr[31]_i_2/O
                         net (fo=45, routed)          0.656     9.230    u_fetch/m_axi_araddr[31]_i_2_n_0
    SLICE_X83Y21         LUT3 (Prop_lut3_I0_O)        0.124     9.354 r  u_fetch/req_left[31]_i_3/O
                         net (fo=65, routed)          0.572     9.926    u_fetch/req_left[31]_i_3_n_0
    SLICE_X81Y22         LUT3 (Prop_lut3_I1_O)        0.124    10.050 r  u_fetch/req_addr[10]_i_5/O
                         net (fo=1, routed)           0.000    10.050    u_fetch/req_addr[10]_i_5_n_0
    SLICE_X81Y22         CARRY4 (Prop_carry4_S[0]_CO[3])
                                                      0.532    10.582 r  u_fetch/req_addr_reg[10]_i_1/CO[3]
                         net (fo=1, routed)           0.000    10.582    u_fetch/req_addr_reg[10]_i_1_n_0
    SLICE_X81Y23         CARRY4 (Prop_carry4_CI_CO[3])
                                                      0.114    10.696 r  u_fetch/req_addr_reg[14]_i_1/CO[3]
                         net (fo=1, routed)           0.000    10.696    u_fetch/req_addr_reg[14]_i_1_n_0
    SLICE_X81Y24         CARRY4 (Prop_carry4_CI_CO[3])
                                                      0.114    10.810 r  u_fetch/req_addr_reg[18]_i_1/CO[3]
                         net (fo=1, routed)           0.009    10.819    u_fetch/req_addr_reg[18]_i_1_n_0
    SLICE_X81Y25         CARRY4 (Prop_carry4_CI_CO[3])
                                                      0.114    10.933 r  u_fetch/req_addr_reg[22]_i_1/CO[3]
                         net (fo=1, routed)           0.000    10.933    u_fetch/req_addr_reg[22]_i_1_n_0
    SLICE_X81Y26         CARRY4 (Prop_carry4_CI_CO[3])
                                                      0.114    11.047 r  u_fetch/req_addr_reg[26]_i_1/CO[3]
                         net (fo=1, routed)           0.000    11.047    u_fetch/req_addr_reg[26]_i_1_n_0
    SLICE_X81Y27         CARRY4 (Prop_carry4_CI_CO[3])
                                                      0.114    11.161 r  u_fetch/req_addr_reg[30]_i_1/CO[3]
                         net (fo=1, routed)           0.000    11.161    u_fetch/req_addr_reg[30]_i_1_n_0
    SLICE_X81Y28         CARRY4 (Prop_carry4_CI_O[0])
                                                      0.223    11.384 r  u_fetch/req_addr_reg[31]_i_1/O[0]
                         net (fo=1, routed)           0.000    11.384    u_fetch/req_addr_reg[31]_i_1_n_7
    SLICE_X81Y28         FDCE                                         r  u_fetch/req_addr_reg[31]/D
  -------------------------------------------------------------------    -------------------

                         (clock clk rise edge)        8.000     8.000 r  <hidden>
                                                      0.000     8.000 r  clk
                         net (fo=9811, unset)         1.550     9.550    u_fetch/clk
    SLICE_X81Y28         FDCE                                         r  u_fetch/req_addr_reg[31]/C
                         clock pessimism              0.115     9.665    <hidden>
                         clock uncertainty           -0.035     9.630    <hidden>
    SLICE_X81Y28         FDCE (Setup_fdce_C_D)        0.062     9.692    u_fetch/req_addr_reg[31]
  -------------------------------------------------------------------
                         required time                          9.692    <hidden>
                         arrival time                         -11.384    <hidden>
  -------------------------------------------------------------------
                         slack                                 -1.693    <hidden>

Slack (VIOLATED) :        -1.692ns  (required time - arrival time)
  Source:                 u_persp/pz2_reg[44]/C
                            (rising edge-triggered cell FDRE clocked by clk  {rise@0.000ns fall@4.000ns period=8.000ns})
  Destination:            u_persp/depth_v1_reg[20]/D
                            (rising edge-triggered cell FDRE clocked by clk  {rise@0.000ns fall@4.000ns period=8.000ns})
  Path Group:             clk
  Path Type:              Setup (Max at Slow Process Corner)
  Requirement:            8.000ns  (clk rise@8.000ns - clk rise@0.000ns)
  Data Path Delay:        9.486ns  (logic 4.869ns (51.328%)  route 4.617ns (48.672%))
  Logic Levels:           14  (CARRY4=8 LUT1=1 LUT2=1 LUT3=2 LUT5=1 LUT6=1)
  Clock Path Skew:        -0.233ns (DCD - SCD + CPR)
    Destination Clock Delay (DCD):    1.523ns = ( 9.523 - 8.000 ) 
    Source Clock Delay      (SCD):    1.756ns
    Clock Pessimism Removal (CPR):    0.000ns
  Clock Uncertainty:      0.035ns  ((TSJ^2 + TIJ^2)^1/2 + DJ) / 2 + PE
    Total System Jitter     (TSJ):    0.071ns
    Total Input Jitter      (TIJ):    0.000ns
    Discrete Jitter          (DJ):    0.000ns
    Phase Error              (PE):    0.000ns

    Location             Delay type                Incr(ns)  Path(ns)    Netlist Resource(s)
  -------------------------------------------------------------------    -------------------
                         (clock clk rise edge)        0.000     0.000 r  <hidden>
                                                      0.000     0.000 r  clk
                         net (fo=9811, unset)         1.756     1.756    u_persp/clk
    SLICE_X17Y43         FDRE                                         r  u_persp/pz2_reg[44]/C
  -------------------------------------------------------------------    -------------------
    SLICE_X17Y43         FDRE (Prop_fdre_C_Q)         0.456     2.212 f  u_persp/pz2_reg[44]/Q
                         net (fo=2, routed)           0.315     2.527    u_persp/nz[20]
    SLICE_X16Y44         LUT1 (Prop_lut1_I0_O)        0.124     2.651 r  u_persp/depth_v1[20]_i_35/O
                         net (fo=1, routed)           0.000     2.651    u_persp/depth_v1[20]_i_35_n_0
    SLICE_X16Y44         CARRY4 (Prop_carry4_S[1]_CO[3])
                                                      0.533     3.184 r  u_persp/depth_v1_reg[20]_i_17/CO[3]
                         net (fo=1, routed)           0.000     3.184    u_persp/depth_v1_reg[20]_i_17_n_0
    SLICE_X16Y45         CARRY4 (Prop_carry4_CI_O[1])
                                                      0.323     3.507 r  u_persp/depth_v1_reg[20]_i_15/O[1]
                         net (fo=16, routed)          1.096     4.604    u_persp/depth_full1[24]
    SLICE_X26Y43         LUT2 (Prop_lut2_I1_O)        0.306     4.910 r  u_persp/depth_v1[12]_i_47/O
                         net (fo=1, routed)           0.000     4.910    u_persp/depth_v1[12]_i_47_n_0
    SLICE_X26Y43         CARRY4 (Prop_carry4_S[0]_CO[3])
                                                      0.513     5.423 r  u_persp/depth_v1_reg[12]_i_35/CO[3]
                         net (fo=1, routed)           0.000     5.423    u_persp/depth_v1_reg[12]_i_35_n_0
    SLICE_X26Y44         CARRY4 (Prop_carry4_CI_O[1])
                                                      0.323     5.746 r  u_persp/depth_v1_reg[16]_i_35/O[1]
                         net (fo=3, routed)           0.859     6.605    u_persp/depth_v1_reg[16]_i_35_n_6
    SLICE_X27Y51         LUT3 (Prop_lut3_I2_O)        0.306     6.911 r  u_persp/depth_v1[12]_i_26/O
                         net (fo=1, routed)           0.802     7.713    u_persp/depth_v1[12]_i_26_n_0
    SLICE_X26Y55         CARRY4 (Prop_carry4_DI[2]_CO[3])
                                                      0.404     8.117 r  u_persp/depth_v1_reg[12]_i_13/CO[3]
                         net (fo=1, routed)           0.000     8.117    u_persp/depth_v1_reg[12]_i_13_n_0
    SLICE_X26Y56         CARRY4 (Prop_carry4_CI_O[3])
                                                      0.315     8.432 r  u_persp/depth_v1_reg[16]_i_13/O[3]
                         net (fo=3, routed)           0.597     9.028    u_persp/depth_v1_reg[16]_i_13_n_4
    SLICE_X32Y55         LUT3 (Prop_lut3_I1_O)        0.307     9.335 r  u_persp/depth_v1[16]_i_14/O
                         net (fo=2, routed)           0.304     9.639    u_persp/depth_v1[16]_i_14_n_0
    SLICE_X33Y56         LUT5 (Prop_lut5_I1_O)        0.124     9.763 r  u_persp/depth_v1[16]_i_3/O
                         net (fo=2, routed)           0.644    10.407    u_persp/depth_v1[16]_i_3_n_0
    SLICE_X29Y56         LUT6 (Prop_lut6_I0_O)        0.124    10.531 r  u_persp/depth_v1[16]_i_7/O
                         net (fo=1, routed)           0.000    10.531    u_persp/depth_v1[16]_i_7_n_0
    SLICE_X29Y56         CARRY4 (Prop_carry4_S[2]_CO[3])
                                                      0.398    10.929 r  u_persp/depth_v1_reg[16]_i_1/CO[3]
                         net (fo=1, routed)           0.000    10.929    u_persp/depth_v1_reg[16]_i_1_n_0
    SLICE_X29Y57         CARRY4 (Prop_carry4_CI_O[3])
                                                      0.313    11.242 r  u_persp/depth_v1_reg[20]_i_1/O[3]
                         net (fo=1, routed)           0.000    11.242    u_persp/depth_v1_reg[20]_i_1_n_4
    SLICE_X29Y57         FDRE                                         r  u_persp/depth_v1_reg[20]/D
  -------------------------------------------------------------------    -------------------

                         (clock clk rise edge)        8.000     8.000 r  <hidden>
                                                      0.000     8.000 r  clk
                         net (fo=9811, unset)         1.523     9.523    u_persp/clk
    SLICE_X29Y57         FDRE                                         r  u_persp/depth_v1_reg[20]/C
                         clock pessimism              0.000     9.523    <hidden>
                         clock uncertainty           -0.035     9.488    <hidden>
    SLICE_X29Y57         FDRE (Setup_fdre_C_D)        0.062     9.550    u_persp/depth_v1_reg[20]
  -------------------------------------------------------------------
                         required time                          9.550    <hidden>
                         arrival time                         -11.242    <hidden>
  -------------------------------------------------------------------
                         slack                                 -1.692    <hidden>

Slack (VIOLATED) :        -1.692ns  (required time - arrival time)
  Source:                 u_fetch/req_left_reg[30]/C
                            (rising edge-triggered cell FDCE clocked by clk  {rise@0.000ns fall@4.000ns period=8.000ns})
  Destination:            u_fetch/req_addr_reg[28]/D
                            (rising edge-triggered cell FDCE clocked by clk  {rise@0.000ns fall@4.000ns period=8.000ns})
  Path Group:             clk
  Path Type:              Setup (Max at Slow Process Corner)
  Requirement:            8.000ns  (clk rise@8.000ns - clk rise@0.000ns)
  Data Path Delay:        9.660ns  (logic 4.026ns (41.675%)  route 5.634ns (58.325%))
  Logic Levels:           17  (CARRY4=8 LUT3=2 LUT4=1 LUT5=1 LUT6=5)
  Clock Path Skew:        -0.058ns (DCD - SCD + CPR)
    Destination Clock Delay (DCD):    1.548ns = ( 9.548 - 8.000 ) 
    Source Clock Delay      (SCD):    1.721ns
    Clock Pessimism Removal (CPR):    0.115ns
  Clock Uncertainty:      0.035ns  ((TSJ^2 + TIJ^2)^1/2 + DJ) / 2 + PE
    Total System Jitter     (TSJ):    0.071ns
    Total Input Jitter      (TIJ):    0.000ns
    Discrete Jitter          (DJ):    0.000ns
    Phase Error              (PE):    0.000ns

    Location             Delay type                Incr(ns)  Path(ns)    Netlist Resource(s)
  -------------------------------------------------------------------    -------------------
                         (clock clk rise edge)        0.000     0.000 r  <hidden>
                                                      0.000     0.000 r  clk
                         net (fo=9811, unset)         1.721     1.721    u_fetch/clk
    SLICE_X82Y27         FDCE                                         r  u_fetch/req_left_reg[30]/C
  -------------------------------------------------------------------    -------------------
    SLICE_X82Y27         FDCE (Prop_fdce_C_Q)         0.518     2.239 f  u_fetch/req_left_reg[30]/Q
                         net (fo=2, routed)           0.820     3.059    u_fetch/req_left_reg_n_0_[30]
    SLICE_X83Y25         LUT4 (Prop_lut4_I1_O)        0.124     3.183 f  u_fetch/m_axi_arlen[2]_i_7/O
                         net (fo=3, routed)           1.048     4.231    u_fetch/m_axi_arlen[2]_i_7_n_0
    SLICE_X81Y20         LUT6 (Prop_lut6_I4_O)        0.124     4.355 r  u_fetch/m_axi_arlen[3]_i_2_comp_1/O
                         net (fo=9, routed)           0.453     4.808    u_fetch/m_axi_arlen[3]_i_2_n_0
    SLICE_X80Y21         LUT5 (Prop_lut5_I1_O)        0.124     4.932 r  u_fetch/m_axi_arlen[3]_i_10/O
                         net (fo=1, routed)           0.000     4.932    u_fetch/m_axi_arlen[3]_i_10_n_0
    SLICE_X80Y21         CARRY4 (Prop_carry4_S[1]_CO[3])
                                                      0.550     5.482 r  u_fetch/m_axi_arlen_reg[3]_i_4/CO[3]
                         net (fo=1, routed)           0.000     5.482    u_fetch/m_axi_arlen_reg[3]_i_4_n_0
    SLICE_X80Y22         CARRY4 (Prop_carry4_CI_CO[0])
                                                      0.271     5.753 r  u_fetch/m_axi_arlen_reg[3]_i_3/CO[0]
                         net (fo=8, routed)           0.526     6.279    u_fetch/m_axi_arlen_reg[3]_i_3_n_3
    SLICE_X78Y23         LUT6 (Prop_lut6_I1_O)        0.373     6.652 r  u_fetch/len_q_reg_0_3_0_2_i_3/O
                         net (fo=10, routed)          0.540     7.192    u_fetch/burst_v[0]
    SLICE_X79Y24         LUT6 (Prop_lut6_I3_O)        0.124     7.316 f  u_fetch/m_axi_araddr[31]_i_13/O
                         net (fo=1, routed)           0.606     7.922    u_fetch/m_axi_araddr[31]_i_13_n_0
    SLICE_X78Y22         LUT6 (Prop_lut6_I1_O)        0.124     8.046 f  u_fetch/m_axi_araddr[31]_i_5/O
                         net (fo=1, routed)           0.404     8.450    u_fetch/m_axi_araddr[31]_i_5_n_0
    SLICE_X79Y21         LUT6 (Prop_lut6_I4_O)        0.124     8.574 r  u_fetch/m_axi_araddr[31]_i_2/O
                         net (fo=45, routed)          0.656     9.230    u_fetch/m_axi_araddr[31]_i_2_n_0
    SLICE_X83Y21         LUT3 (Prop_lut3_I0_O)        0.124     9.354 r  u_fetch/req_left[31]_i_3/O
                         net (fo=65, routed)          0.572     9.926    u_fetch/req_left[31]_i_3_n_0
    SLICE_X81Y22         LUT3 (Prop_lut3_I1_O)        0.124    10.050 r  u_fetch/req_addr[10]_i_5/O
                         net (fo=1, routed)           0.000    10.050    u_fetch/req_addr[10]_i_5_n_0
    SLICE_X81Y22         CARRY4 (Prop_carry4_S[0]_CO[3])
                                                      0.532    10.582 r  u_fetch/req_addr_reg[10]_i_1/CO[3]
                         net (fo=1, routed)           0.000    10.582    u_fetch/req_addr_reg[10]_i_1_n_0
    SLICE_X81Y23         CARRY4 (Prop_carry4_CI_CO[3])
                                                      0.114    10.696 r  u_fetch/req_addr_reg[14]_i_1/CO[3]
                         net (fo=1, routed)           0.000    10.696    u_fetch/req_addr_reg[14]_i_1_n_0
    SLICE_X81Y24         CARRY4 (Prop_carry4_CI_CO[3])
                                                      0.114    10.810 r  u_fetch/req_addr_reg[18]_i_1/CO[3]
                         net (fo=1, routed)           0.009    10.819    u_fetch/req_addr_reg[18]_i_1_n_0
    SLICE_X81Y25         CARRY4 (Prop_carry4_CI_CO[3])
                                                      0.114    10.933 r  u_fetch/req_addr_reg[22]_i_1/CO[3]
                         net (fo=1, routed)           0.000    10.933    u_fetch/req_addr_reg[22]_i_1_n_0
    SLICE_X81Y26         CARRY4 (Prop_carry4_CI_CO[3])
                                                      0.114    11.047 r  u_fetch/req_addr_reg[26]_i_1/CO[3]
                         net (fo=1, routed)           0.000    11.047    u_fetch/req_addr_reg[26]_i_1_n_0
    SLICE_X81Y27         CARRY4 (Prop_carry4_CI_O[1])
                                                      0.334    11.381 r  u_fetch/req_addr_reg[30]_i_1/O[1]
                         net (fo=1, routed)           0.000    11.381    u_fetch/req_addr_reg[30]_i_1_n_6
    SLICE_X81Y27         FDCE                                         r  u_fetch/req_addr_reg[28]/D
  -------------------------------------------------------------------    -------------------

                         (clock clk rise edge)        8.000     8.000 r  <hidden>
                                                      0.000     8.000 r  clk
                         net (fo=9811, unset)         1.548     9.548    u_fetch/clk
    SLICE_X81Y27         FDCE                                         r  u_fetch/req_addr_reg[28]/C
                         clock pessimism              0.115     9.663    <hidden>
                         clock uncertainty           -0.035     9.628    <hidden>
    SLICE_X81Y27         FDCE (Setup_fdce_C_D)        0.062     9.690    u_fetch/req_addr_reg[28]
  -------------------------------------------------------------------
                         required time                          9.690    <hidden>
                         arrival time                         -11.381    <hidden>
  -------------------------------------------------------------------
                         slack                                 -1.692    <hidden>





Min Delay Paths
--------------------------------------------------------------------------------------
Slack (MET) :             0.022ns  (arrival time - required time)
  Source:                 u_persp/u_recip/g_stage[9].div_reg[10][19]/C
                            (rising edge-triggered cell FDRE clocked by clk  {rise@0.000ns fall@4.000ns period=8.000ns})
  Destination:            u_persp/u_recip/g_stage[10].div_reg[11][19]/D
                            (rising edge-triggered cell FDRE clocked by clk  {rise@0.000ns fall@4.000ns period=8.000ns})
  Path Group:             clk
  Path Type:              Hold (Min at Fast Process Corner)
  Requirement:            0.000ns  (clk rise@0.000ns - clk rise@0.000ns)
  Data Path Delay:        0.354ns  (logic 0.141ns (39.831%)  route 0.213ns (60.169%))
  Logic Levels:           0  
  Clock Path Skew:        0.266ns (DCD - SCD - CPR)
    Destination Clock Delay (DCD):    0.823ns
    Source Clock Delay      (SCD):    0.552ns
    Clock Pessimism Removal (CPR):    0.005ns

    Location             Delay type                Incr(ns)  Path(ns)    Netlist Resource(s)
  -------------------------------------------------------------------    -------------------
                         (clock clk rise edge)        0.000     0.000 r  <hidden>
                                                      0.000     0.000 r  clk
                         net (fo=9811, unset)         0.552     0.552    u_persp/u_recip/clk
    SLICE_X52Y51         FDRE                                         r  u_persp/u_recip/g_stage[9].div_reg[10][19]/C
  -------------------------------------------------------------------    -------------------
    SLICE_X52Y51         FDRE (Prop_fdre_C_Q)         0.141     0.693 r  u_persp/u_recip/g_stage[9].div_reg[10][19]/Q
                         net (fo=4, routed)           0.213     0.906    u_persp/u_recip/g_stage[9].div_reg[10]_11[19]
    SLICE_X48Y53         FDRE                                         r  u_persp/u_recip/g_stage[10].div_reg[11][19]/D
  -------------------------------------------------------------------    -------------------

                         (clock clk rise edge)        0.000     0.000 r  <hidden>
                                                      0.000     0.000 r  clk
                         net (fo=9811, unset)         0.823     0.823    u_persp/u_recip/clk
    SLICE_X48Y53         FDRE                                         r  u_persp/u_recip/g_stage[10].div_reg[11][19]/C
                         clock pessimism             -0.005     0.818    <hidden>
    SLICE_X48Y53         FDRE (Hold_fdre_C_D)         0.066     0.884    u_persp/u_recip/g_stage[10].div_reg[11][19]
  -------------------------------------------------------------------
                         required time                         -0.884    <hidden>
                         arrival time                           0.906    <hidden>
  -------------------------------------------------------------------
                         slack                                  0.022    <hidden>

Slack (MET) :             0.027ns  (arrival time - required time)
  Source:                 u_persp/u_recip/g_stage[12].rem_reg[13][2]/C
                            (rising edge-triggered cell FDRE clocked by clk  {rise@0.000ns fall@4.000ns period=8.000ns})
  Destination:            u_persp/u_recip/g_stage[13].rem_reg[14][3]/D
                            (rising edge-triggered cell FDRE clocked by clk  {rise@0.000ns fall@4.000ns period=8.000ns})
  Path Group:             clk
  Path Type:              Hold (Min at Fast Process Corner)
  Requirement:            0.000ns  (clk rise@0.000ns - clk rise@0.000ns)
  Data Path Delay:        0.416ns  (logic 0.190ns (45.645%)  route 0.226ns (54.355%))
  Logic Levels:           1  (LUT3=1)
  Clock Path Skew:        0.258ns (DCD - SCD - CPR)
    Destination Clock Delay (DCD):    0.819ns
    Source Clock Delay      (SCD):    0.556ns
    Clock Pessimism Removal (CPR):    0.005ns

    Location             Delay type                Incr(ns)  Path(ns)    Netlist Resource(s)
  -------------------------------------------------------------------    -------------------
                         (clock clk rise edge)        0.000     0.000 r  <hidden>
                                                      0.000     0.000 r  clk
                         net (fo=9811, unset)         0.556     0.556    u_persp/u_recip/clk
    SLICE_X47Y51         FDRE                                         r  u_persp/u_recip/g_stage[12].rem_reg[13][2]/C
  -------------------------------------------------------------------    -------------------
    SLICE_X47Y51         FDRE (Prop_fdre_C_Q)         0.141     0.697 r  u_persp/u_recip/g_stage[12].rem_reg[13][2]/Q
                         net (fo=5, routed)           0.226     0.923    u_persp/u_recip/g_stage[13].shifted[3]
    SLICE_X50Y54         LUT3 (Prop_lut3_I2_O)        0.049     0.972 r  u_persp/u_recip/g_stage[13].rem[14][3]_i_1/O
                         net (fo=1, routed)           0.000     0.972    u_persp/u_recip/g_stage[13].rem[14][3]_i_1_n_0
    SLICE_X50Y54         FDRE                                         r  u_persp/u_recip/g_stage[13].rem_reg[14][3]/D
  -------------------------------------------------------------------    -------------------

                         (clock clk rise edge)        0.000     0.000 r  <hidden>
                                                      0.000     0.000 r  clk
                         net (fo=9811, unset)         0.819     0.819    u_persp/u_recip/clk
    SLICE_X50Y54         FDRE                                         r  u_persp/u_recip/g_stage[13].rem_reg[14][3]/C
                         clock pessimism             -0.005     0.814    <hidden>
    SLICE_X50Y54         FDRE (Hold_fdre_C_D)         0.131     0.945    u_persp/u_recip/g_stage[13].rem_reg[14][3]
  -------------------------------------------------------------------
                         required time                         -0.945    <hidden>
                         arrival time                           0.972    <hidden>
  -------------------------------------------------------------------
                         slack                                  0.027    <hidden>

Slack (MET) :             0.030ns  (arrival time - required time)
  Source:                 u_setup/out_ay_reg[1][8]/C
                            (rising edge-triggered cell FDRE clocked by clk  {rise@0.000ns fall@4.000ns period=8.000ns})
  Destination:            u_rast/ay_reg[1][8]/D
                            (rising edge-triggered cell FDRE clocked by clk  {rise@0.000ns fall@4.000ns period=8.000ns})
  Path Group:             clk
  Path Type:              Hold (Min at Fast Process Corner)
  Requirement:            0.000ns  (clk rise@0.000ns - clk rise@0.000ns)
  Data Path Delay:        0.310ns  (logic 0.128ns (41.286%)  route 0.182ns (58.714%))
  Logic Levels:           0  
  Clock Path Skew:        0.258ns (DCD - SCD - CPR)
    Destination Clock Delay (DCD):    0.814ns
    Source Clock Delay      (SCD):    0.551ns
    Clock Pessimism Removal (CPR):    0.005ns

    Location             Delay type                Incr(ns)  Path(ns)    Netlist Resource(s)
  -------------------------------------------------------------------    -------------------
                         (clock clk rise edge)        0.000     0.000 r  <hidden>
                                                      0.000     0.000 r  clk
                         net (fo=9811, unset)         0.551     0.551    u_setup/clk
    SLICE_X47Y85         FDRE                                         r  u_setup/out_ay_reg[1][8]/C
  -------------------------------------------------------------------    -------------------
    SLICE_X47Y85         FDRE (Prop_fdre_C_Q)         0.128     0.679 r  u_setup/out_ay_reg[1][8]/Q
                         net (fo=1, routed)           0.182     0.861    u_rast/ay_reg[1][37]_0[4]
    SLICE_X51Y86         FDRE                                         r  u_rast/ay_reg[1][8]/D
  -------------------------------------------------------------------    -------------------

                         (clock clk rise edge)        0.000     0.000 r  <hidden>
                                                      0.000     0.000 r  clk
                         net (fo=9811, unset)         0.814     0.814    u_rast/clk
    SLICE_X51Y86         FDRE                                         r  u_rast/ay_reg[1][8]/C
                         clock pessimism             -0.005     0.809    <hidden>
    SLICE_X51Y86         FDRE (Hold_fdre_C_D)         0.022     0.831    u_rast/ay_reg[1][8]
  -------------------------------------------------------------------
                         required time                         -0.831    <hidden>
                         arrival time                           0.861    <hidden>
  -------------------------------------------------------------------
                         slack                                  0.030    <hidden>

Slack (MET) :             0.033ns  (arrival time - required time)
  Source:                 u_setup/grad_reg[0][0][21]/C
                            (rising edge-triggered cell FDRE clocked by clk  {rise@0.000ns fall@4.000ns period=8.000ns})
  Destination:            u_setup/out_ax_reg[0][25]/D
                            (rising edge-triggered cell FDRE clocked by clk  {rise@0.000ns fall@4.000ns period=8.000ns})
  Path Group:             clk
  Path Type:              Hold (Min at Fast Process Corner)
  Requirement:            0.000ns  (clk rise@0.000ns - clk rise@0.000ns)
  Data Path Delay:        0.317ns  (logic 0.148ns (46.614%)  route 0.169ns (53.386%))
  Logic Levels:           0  
  Clock Path Skew:        0.267ns (DCD - SCD - CPR)
    Destination Clock Delay (DCD):    0.909ns
    Source Clock Delay      (SCD):    0.634ns
    Clock Pessimism Removal (CPR):    0.008ns

    Location             Delay type                Incr(ns)  Path(ns)    Netlist Resource(s)
  -------------------------------------------------------------------    -------------------
                         (clock clk rise edge)        0.000     0.000 r  <hidden>
                                                      0.000     0.000 r  clk
                         net (fo=9811, unset)         0.634     0.634    u_setup/clk
    SLICE_X50Y103        FDRE                                         r  u_setup/grad_reg[0][0][21]/C
  -------------------------------------------------------------------    -------------------
    SLICE_X50Y103        FDRE (Prop_fdre_C_Q)         0.148     0.782 r  u_setup/grad_reg[0][0][21]/Q
                         net (fo=2, routed)           0.169     0.951    u_setup/grad_reg[0][0]_20[21]
    SLICE_X49Y104        FDRE                                         r  u_setup/out_ax_reg[0][25]/D
  -------------------------------------------------------------------    -------------------

                         (clock clk rise edge)        0.000     0.000 r  <hidden>
                                                      0.000     0.000 r  clk
                         net (fo=9811, unset)         0.909     0.909    u_setup/clk
    SLICE_X49Y104        FDRE                                         r  u_setup/out_ax_reg[0][25]/C
                         clock pessimism             -0.008     0.901    <hidden>
    SLICE_X49Y104        FDRE (Hold_fdre_C_D)         0.017     0.918    u_setup/out_ax_reg[0][25]
  -------------------------------------------------------------------
                         required time                         -0.918    <hidden>
                         arrival time                           0.951    <hidden>
  -------------------------------------------------------------------
                         slack                                  0.033    <hidden>

Slack (MET) :             0.036ns  (arrival time - required time)
  Source:                 u_prim/out_sx_reg[0][0]/C
                            (rising edge-triggered cell FDRE clocked by clk  {rise@0.000ns fall@4.000ns period=8.000ns})
  Destination:            u_setup/vx_reg[0][0]/D
                            (rising edge-triggered cell FDRE clocked by clk  {rise@0.000ns fall@4.000ns period=8.000ns})
  Path Group:             clk
  Path Type:              Hold (Min at Fast Process Corner)
  Requirement:            0.000ns  (clk rise@0.000ns - clk rise@0.000ns)
  Data Path Delay:        0.374ns  (logic 0.141ns (37.707%)  route 0.233ns (62.293%))
  Logic Levels:           0  
  Clock Path Skew:        0.263ns (DCD - SCD - CPR)
    Destination Clock Delay (DCD):    0.815ns
    Source Clock Delay      (SCD):    0.547ns
    Clock Pessimism Removal (CPR):    0.005ns

    Location             Delay type                Incr(ns)  Path(ns)    Netlist Resource(s)
  -------------------------------------------------------------------    -------------------
                         (clock clk rise edge)        0.000     0.000 r  <hidden>
                                                      0.000     0.000 r  clk
                         net (fo=9811, unset)         0.547     0.547    u_prim/clk
    SLICE_X52Y64         FDRE                                         r  u_prim/out_sx_reg[0][0]/C
  -------------------------------------------------------------------    -------------------
    SLICE_X52Y64         FDRE (Prop_fdre_C_Q)         0.141     0.688 r  u_prim/out_sx_reg[0][0]/Q
                         net (fo=1, routed)           0.233     0.921    u_setup/vx_reg[0][15]_0[0]
    SLICE_X48Y67         FDRE                                         r  u_setup/vx_reg[0][0]/D
  -------------------------------------------------------------------    -------------------

                         (clock clk rise edge)        0.000     0.000 r  <hidden>
                                                      0.000     0.000 r  clk
                         net (fo=9811, unset)         0.815     0.815    u_setup/clk
    SLICE_X48Y67         FDRE                                         r  u_setup/vx_reg[0][0]/C
                         clock pessimism             -0.005     0.810    <hidden>
    SLICE_X48Y67         FDRE (Hold_fdre_C_D)         0.075     0.885    u_setup/vx_reg[0][0]
  -------------------------------------------------------------------
                         required time                         -0.885    <hidden>
                         arrival time                           0.921    <hidden>
  -------------------------------------------------------------------
                         slack                                  0.036    <hidden>

Slack (MET) :             0.038ns  (arrival time - required time)
  Source:                 u_rast/frag_z_reg[0]/C
                            (rising edge-triggered cell FDRE clocked by clk  {rise@0.000ns fall@4.000ns period=8.000ns})
  Destination:            u_rop/z2_reg[0]_srl2/D
                            (rising edge-triggered cell SRL16E clocked by clk  {rise@0.000ns fall@4.000ns period=8.000ns})
  Path Group:             clk
  Path Type:              Hold (Min at Fast Process Corner)
  Requirement:            0.000ns  (clk rise@0.000ns - clk rise@0.000ns)
  Data Path Delay:        0.319ns  (logic 0.141ns (44.257%)  route 0.178ns (55.743%))
  Logic Levels:           0  
  Clock Path Skew:        0.179ns (DCD - SCD - CPR)
    Destination Clock Delay (DCD):    0.843ns
    Source Clock Delay      (SCD):    0.659ns
    Clock Pessimism Removal (CPR):    0.005ns

    Location             Delay type                Incr(ns)  Path(ns)    Netlist Resource(s)
  -------------------------------------------------------------------    -------------------
                         (clock clk rise edge)        0.000     0.000 r  <hidden>
                                                      0.000     0.000 r  clk
                         net (fo=9811, unset)         0.659     0.659    u_rast/clk
    SLICE_X31Y100        FDRE                                         r  u_rast/frag_z_reg[0]/C
  -------------------------------------------------------------------    -------------------
    SLICE_X31Y100        FDRE (Prop_fdre_C_Q)         0.141     0.800 r  u_rast/frag_z_reg[0]/Q
                         net (fo=1, routed)           0.178     0.978    u_rop/frag_z[0]
    SLICE_X30Y96         SRL16E                                       r  u_rop/z2_reg[0]_srl2/D
  -------------------------------------------------------------------    -------------------

                         (clock clk rise edge)        0.000     0.000 r  <hidden>
                                                      0.000     0.000 r  clk
                         net (fo=9811, unset)         0.843     0.843    u_rop/clk
    SLICE_X30Y96         SRL16E                                       r  u_rop/z2_reg[0]_srl2/CLK
                         clock pessimism             -0.005     0.838    <hidden>
    SLICE_X30Y96         SRL16E (Hold_srl16e_CLK_D)
                                                      0.102     0.940    u_rop/z2_reg[0]_srl2
  -------------------------------------------------------------------
                         required time                         -0.940    <hidden>
                         arrival time                           0.978    <hidden>
  -------------------------------------------------------------------
                         slack                                  0.038    <hidden>

Slack (MET) :             0.040ns  (arrival time - required time)
  Source:                 u_rast/a_cur_reg[1][31]/C
                            (rising edge-triggered cell FDRE clocked by clk  {rise@0.000ns fall@4.000ns period=8.000ns})
  Destination:            u_rast/s_a_reg[1][31]/D
                            (rising edge-triggered cell FDRE clocked by clk  {rise@0.000ns fall@4.000ns period=8.000ns})
  Path Group:             clk
  Path Type:              Hold (Min at Fast Process Corner)
  Requirement:            0.000ns  (clk rise@0.000ns - clk rise@0.000ns)
  Data Path Delay:        0.455ns  (logic 0.164ns (36.045%)  route 0.291ns (63.955%))
  Logic Levels:           0  
  Clock Path Skew:        0.349ns (DCD - SCD - CPR)
    Destination Clock Delay (DCD):    0.906ns
    Source Clock Delay      (SCD):    0.552ns
    Clock Pessimism Removal (CPR):    0.005ns

    Location             Delay type                Incr(ns)  Path(ns)    Netlist Resource(s)
  -------------------------------------------------------------------    -------------------
                         (clock clk rise edge)        0.000     0.000 r  <hidden>
                                                      0.000     0.000 r  clk
                         net (fo=9811, unset)         0.552     0.552    u_rast/clk
    SLICE_X50Y98         FDRE                                         r  u_rast/a_cur_reg[1][31]/C
  -------------------------------------------------------------------    -------------------
    SLICE_X50Y98         FDRE (Prop_fdre_C_Q)         0.164     0.716 r  u_rast/a_cur_reg[1][31]/Q
                         net (fo=3, routed)           0.291     1.007    u_rast/a_cur_reg[1]_19[31]
    SLICE_X51Y102        FDRE                                         r  u_rast/s_a_reg[1][31]/D
  -------------------------------------------------------------------    -------------------

                         (clock clk rise edge)        0.000     0.000 r  <hidden>
                                                      0.000     0.000 r  clk
                         net (fo=9811, unset)         0.906     0.906    u_rast/clk
    SLICE_X51Y102        FDRE                                         r  u_rast/s_a_reg[1][31]/C
                         clock pessimism             -0.005     0.901    <hidden>
    SLICE_X51Y102        FDRE (Hold_fdre_C_D)         0.066     0.967    u_rast/s_a_reg[1][31]
  -------------------------------------------------------------------
                         required time                         -0.967    <hidden>
                         arrival time                           1.007    <hidden>
  -------------------------------------------------------------------
                         slack                                  0.040    <hidden>

Slack (MET) :             0.043ns  (arrival time - required time)
  Source:                 u_persp/u_recip/g_stage[11].div_reg[12][23]/C
                            (rising edge-triggered cell FDRE clocked by clk  {rise@0.000ns fall@4.000ns period=8.000ns})
  Destination:            u_persp/u_recip/g_stage[12].div_reg[13][23]/D
                            (rising edge-triggered cell FDRE clocked by clk  {rise@0.000ns fall@4.000ns period=8.000ns})
  Path Group:             clk
  Path Type:              Hold (Min at Fast Process Corner)
  Requirement:            0.000ns  (clk rise@0.000ns - clk rise@0.000ns)
  Data Path Delay:        0.365ns  (logic 0.141ns (38.678%)  route 0.224ns (61.322%))
  Logic Levels:           0  
  Clock Path Skew:        0.259ns (DCD - SCD - CPR)
    Destination Clock Delay (DCD):    0.818ns
    Source Clock Delay      (SCD):    0.554ns
    Clock Pessimism Removal (CPR):    0.005ns

    Location             Delay type                Incr(ns)  Path(ns)    Netlist Resource(s)
  -------------------------------------------------------------------    -------------------
                         (clock clk rise edge)        0.000     0.000 r  <hidden>
                                                      0.000     0.000 r  clk
                         net (fo=9811, unset)         0.554     0.554    u_persp/u_recip/clk
    SLICE_X49Y55         FDRE                                         r  u_persp/u_recip/g_stage[11].div_reg[12][23]/C
  -------------------------------------------------------------------    -------------------
    SLICE_X49Y55         FDRE (Prop_fdre_C_Q)         0.141     0.695 r  u_persp/u_recip/g_stage[11].div_reg[12][23]/Q
                         net (fo=4, routed)           0.224     0.919    u_persp/u_recip/g_stage[11].div_reg[12]_13[23]
    SLICE_X50Y57         FDRE                                         r  u_persp/u_recip/g_stage[12].div_reg[13][23]/D
  -------------------------------------------------------------------    -------------------

                         (clock clk rise edge)        0.000     0.000 r  <hidden>
                                                      0.000     0.000 r  clk
                         net (fo=9811, unset)         0.818     0.818    u_persp/u_recip/clk
    SLICE_X50Y57         FDRE                                         r  u_persp/u_recip/g_stage[12].div_reg[13][23]/C
                         clock pessimism             -0.005     0.813    <hidden>
    SLICE_X50Y57         FDRE (Hold_fdre_C_D)         0.063     0.876    u_persp/u_recip/g_stage[12].div_reg[13][23]
  -------------------------------------------------------------------
                         required time                         -0.876    <hidden>
                         arrival time                           0.919    <hidden>
  -------------------------------------------------------------------
                         slack                                  0.043    <hidden>

Slack (MET) :             0.044ns  (arrival time - required time)
  Source:                 u_persp/u_recip/g_stage[11].div_reg[12][18]/C
                            (rising edge-triggered cell FDRE clocked by clk  {rise@0.000ns fall@4.000ns period=8.000ns})
  Destination:            u_persp/u_recip/g_stage[12].div_reg[13][18]/D
                            (rising edge-triggered cell FDRE clocked by clk  {rise@0.000ns fall@4.000ns period=8.000ns})
  Path Group:             clk
  Path Type:              Hold (Min at Fast Process Corner)
  Requirement:            0.000ns  (clk rise@0.000ns - clk rise@0.000ns)
  Data Path Delay:        0.355ns  (logic 0.164ns (46.228%)  route 0.191ns (53.772%))
  Logic Levels:           0  
  Clock Path Skew:        0.259ns (DCD - SCD - CPR)
    Destination Clock Delay (DCD):    0.819ns
    Source Clock Delay      (SCD):    0.555ns
    Clock Pessimism Removal (CPR):    0.005ns

    Location             Delay type                Incr(ns)  Path(ns)    Netlist Resource(s)
  -------------------------------------------------------------------    -------------------
                         (clock clk rise edge)        0.000     0.000 r  <hidden>
                                                      0.000     0.000 r  clk
                         net (fo=9811, unset)         0.555     0.555    u_persp/u_recip/clk
    SLICE_X46Y54         FDRE                                         r  u_persp/u_recip/g_stage[11].div_reg[12][18]/C
  -------------------------------------------------------------------    -------------------
    SLICE_X46Y54         FDRE (Prop_fdre_C_Q)         0.164     0.719 r  u_persp/u_recip/g_stage[11].div_reg[12][18]/Q
                         net (fo=4, routed)           0.191     0.910    u_persp/u_recip/g_stage[11].div_reg[12]_13[18]
    SLICE_X50Y55         FDRE                                         r  u_persp/u_recip/g_stage[12].div_reg[13][18]/D
  -------------------------------------------------------------------    -------------------

                         (clock clk rise edge)        0.000     0.000 r  <hidden>
                                                      0.000     0.000 r  clk
                         net (fo=9811, unset)         0.819     0.819    u_persp/u_recip/clk
    SLICE_X50Y55         FDRE                                         r  u_persp/u_recip/g_stage[12].div_reg[13][18]/C
                         clock pessimism             -0.005     0.814    <hidden>
    SLICE_X50Y55         FDRE (Hold_fdre_C_D)         0.052     0.866    u_persp/u_recip/g_stage[12].div_reg[13][18]
  -------------------------------------------------------------------
                         required time                         -0.866    <hidden>
                         arrival time                           0.910    <hidden>
  -------------------------------------------------------------------
                         slack                                  0.044    <hidden>

Slack (MET) :             0.044ns  (arrival time - required time)
  Source:                 u_persp/py1_reg[16]/C
                            (rising edge-triggered cell FDRE clocked by clk  {rise@0.000ns fall@4.000ns period=8.000ns})
  Destination:            u_persp/py2_reg[33]/D
                            (rising edge-triggered cell FDRE clocked by clk  {rise@0.000ns fall@4.000ns period=8.000ns})
  Path Group:             clk
  Path Type:              Hold (Min at Fast Process Corner)
  Requirement:            0.000ns  (clk rise@0.000ns - clk rise@0.000ns)
  Data Path Delay:        0.450ns  (logic 0.252ns (55.938%)  route 0.198ns (44.062%))
  Logic Levels:           2  (CARRY4=1 LUT2=1)
  Clock Path Skew:        0.272ns (DCD - SCD - CPR)
    Destination Clock Delay (DCD):    0.828ns
    Source Clock Delay      (SCD):    0.556ns
    Clock Pessimism Removal (CPR):    -0.000ns

    Location             Delay type                Incr(ns)  Path(ns)    Netlist Resource(s)
  -------------------------------------------------------------------    -------------------
                         (clock clk rise edge)        0.000     0.000 r  <hidden>
                                                      0.000     0.000 r  clk
                         net (fo=9811, unset)         0.556     0.556    u_persp/clk
    SLICE_X37Y51         FDRE                                         r  u_persp/py1_reg[16]/C
  -------------------------------------------------------------------    -------------------
    SLICE_X37Y51         FDRE (Prop_fdre_C_Q)         0.141     0.697 r  u_persp/py1_reg[16]/Q
                         net (fo=1, routed)           0.198     0.895    u_persp/py1_reg_n_0_[16]
    SLICE_X36Y46         LUT2 (Prop_lut2_I1_O)        0.045     0.940 r  u_persp/py2[35]_i_4/O
                         net (fo=1, routed)           0.000     0.940    u_persp/py2[35]_i_4_n_0
    SLICE_X36Y46         CARRY4 (Prop_carry4_S[1]_O[1])
                                                      0.066     1.006 r  u_persp/py2_reg[35]_i_1/O[1]
                         net (fo=1, routed)           0.000     1.006    u_persp/py1_reg__1[33]
    SLICE_X36Y46         FDRE                                         r  u_persp/py2_reg[33]/D
  -------------------------------------------------------------------    -------------------

                         (clock clk rise edge)        0.000     0.000 r  <hidden>
                                                      0.000     0.000 r  clk
                         net (fo=9811, unset)         0.828     0.828    u_persp/clk
    SLICE_X36Y46         FDRE                                         r  u_persp/py2_reg[33]/C
                         clock pessimism              0.000     0.828    <hidden>
    SLICE_X36Y46         FDRE (Hold_fdre_C_D)         0.134     0.962    u_persp/py2_reg[33]
  -------------------------------------------------------------------
                         required time                         -0.962    <hidden>
                         arrival time                           1.006    <hidden>
  -------------------------------------------------------------------
                         slack                                  0.044    <hidden>

Slack (MET) :             0.046ns  (arrival time - required time)
  Source:                 u_rast/frag_z_reg[7]/C
                            (rising edge-triggered cell FDRE clocked by clk  {rise@0.000ns fall@4.000ns period=8.000ns})
  Destination:            u_rop/z2_reg[7]_srl2/D
                            (rising edge-triggered cell SRL16E clocked by clk  {rise@0.000ns fall@4.000ns period=8.000ns})
  Path Group:             clk
  Path Type:              Hold (Min at Fast Process Corner)
  Requirement:            0.000ns  (clk rise@0.000ns - clk rise@0.000ns)
  Data Path Delay:        0.408ns  (logic 0.164ns (40.191%)  route 0.244ns (59.809%))
  Logic Levels:           0  
  Clock Path Skew:        0.179ns (DCD - SCD - CPR)
    Destination Clock Delay (DCD):    0.843ns
    Source Clock Delay      (SCD):    0.659ns
    Clock Pessimism Removal (CPR):    0.005ns

    Location             Delay type                Incr(ns)  Path(ns)    Netlist Resource(s)
  -------------------------------------------------------------------    -------------------
                         (clock clk rise edge)        0.000     0.000 r  <hidden>
                                                      0.000     0.000 r  clk
                         net (fo=9811, unset)         0.659     0.659    u_rast/clk
    SLICE_X30Y100        FDRE                                         r  u_rast/frag_z_reg[7]/C
  -------------------------------------------------------------------    -------------------
    SLICE_X30Y100        FDRE (Prop_fdre_C_Q)         0.164     0.823 r  u_rast/frag_z_reg[7]/Q
                         net (fo=1, routed)           0.244     1.067    u_rop/frag_z[7]
    SLICE_X30Y96         SRL16E                                       r  u_rop/z2_reg[7]_srl2/D
  -------------------------------------------------------------------    -------------------

                         (clock clk rise edge)        0.000     0.000 r  <hidden>
                                                      0.000     0.000 r  clk
                         net (fo=9811, unset)         0.843     0.843    u_rop/clk
    SLICE_X30Y96         SRL16E                                       r  u_rop/z2_reg[7]_srl2/CLK
                         clock pessimism             -0.005     0.838    <hidden>
    SLICE_X30Y96         SRL16E (Hold_srl16e_CLK_D)
                                                      0.183     1.021    u_rop/z2_reg[7]_srl2
  -------------------------------------------------------------------
                         required time                         -1.021    <hidden>
                         arrival time                           1.067    <hidden>
  -------------------------------------------------------------------
                         slack                                  0.046    <hidden>

Slack (MET) :             0.048ns  (arrival time - required time)
  Source:                 u_setup/out_a0_reg[1][23]/C
                            (rising edge-triggered cell FDRE clocked by clk  {rise@0.000ns fall@4.000ns period=8.000ns})
  Destination:            u_rast/a_row_reg[1][23]/D
                            (rising edge-triggered cell FDRE clocked by clk  {rise@0.000ns fall@4.000ns period=8.000ns})
  Path Group:             clk
  Path Type:              Hold (Min at Fast Process Corner)
  Requirement:            0.000ns  (clk rise@0.000ns - clk rise@0.000ns)
  Data Path Delay:        0.442ns  (logic 0.250ns (56.582%)  route 0.192ns (43.418%))
  Logic Levels:           2  (CARRY4=1 LUT4=1)
  Clock Path Skew:        0.260ns (DCD - SCD - CPR)
    Destination Clock Delay (DCD):    0.818ns
    Source Clock Delay      (SCD):    0.553ns
    Clock Pessimism Removal (CPR):    0.005ns

    Location             Delay type                Incr(ns)  Path(ns)    Netlist Resource(s)
  -------------------------------------------------------------------    -------------------
                         (clock clk rise edge)        0.000     0.000 r  <hidden>
                                                      0.000     0.000 r  clk
                         net (fo=9811, unset)         0.553     0.553    u_setup/clk
    SLICE_X49Y92         FDRE                                         r  u_setup/out_a0_reg[1][23]/C
  -------------------------------------------------------------------    -------------------
    SLICE_X49Y92         FDRE (Prop_fdre_C_Q)         0.141     0.694 r  u_setup/out_a0_reg[1][23]/Q
                         net (fo=2, routed)           0.192     0.886    u_rast/a_cur_reg[1][37]_0[19]
    SLICE_X50Y92         LUT4 (Prop_lut4_I3_O)        0.045     0.931 r  u_rast/a_row[1][20]_i_6/O
                         net (fo=1, routed)           0.000     0.931    u_rast/a_row[1][20]_i_6_n_0
    SLICE_X50Y92         CARRY4 (Prop_carry4_S[3]_O[3])
                                                      0.064     0.995 r  u_rast/a_row_reg[1][20]_i_1/O[3]
                         net (fo=1, routed)           0.000     0.995    u_rast/a_row_reg[1][20]_i_1_n_4
    SLICE_X50Y92         FDRE                                         r  u_rast/a_row_reg[1][23]/D
  -------------------------------------------------------------------    -------------------

                         (clock clk rise edge)        0.000     0.000 r  <hidden>
                                                      0.000     0.000 r  clk
                         net (fo=9811, unset)         0.818     0.818    u_rast/clk
    SLICE_X50Y92         FDRE                                         r  u_rast/a_row_reg[1][23]/C
                         clock pessimism             -0.005     0.813    <hidden>
    SLICE_X50Y92         FDRE (Hold_fdre_C_D)         0.134     0.947    u_rast/a_row_reg[1][23]
  -------------------------------------------------------------------
                         required time                         -0.947    <hidden>
                         arrival time                           0.995    <hidden>
  -------------------------------------------------------------------
                         slack                                  0.048    <hidden>

Slack (MET) :             0.052ns  (arrival time - required time)
  Source:                 u_setup/out_a0_reg[3][20]/C
                            (rising edge-triggered cell FDRE clocked by clk  {rise@0.000ns fall@4.000ns period=8.000ns})
  Destination:            u_rast/a_cur_reg[3][20]/D
                            (rising edge-triggered cell FDRE clocked by clk  {rise@0.000ns fall@4.000ns period=8.000ns})
  Path Group:             clk
  Path Type:              Hold (Min at Fast Process Corner)
  Requirement:            0.000ns  (clk rise@0.000ns - clk rise@0.000ns)
  Data Path Delay:        0.491ns  (logic 0.186ns (37.895%)  route 0.305ns (62.105%))
  Logic Levels:           1  (LUT5=1)
  Clock Path Skew:        0.348ns (DCD - SCD - CPR)
    Destination Clock Delay (DCD):    0.908ns
    Source Clock Delay      (SCD):    0.555ns
    Clock Pessimism Removal (CPR):    0.005ns

    Location             Delay type                Incr(ns)  Path(ns)    Netlist Resource(s)
  -------------------------------------------------------------------    -------------------
                         (clock clk rise edge)        0.000     0.000 r  <hidden>
                                                      0.000     0.000 r  clk
                         net (fo=9811, unset)         0.555     0.555    u_setup/clk
    SLICE_X45Y96         FDRE                                         r  u_setup/out_a0_reg[3][20]/C
  -------------------------------------------------------------------    -------------------
    SLICE_X45Y96         FDRE (Prop_fdre_C_Q)         0.141     0.696 r  u_setup/out_a0_reg[3][20]/Q
                         net (fo=2, routed)           0.305     1.001    u_rast/a_cur_reg[3][37]_0[16]
    SLICE_X47Y109        LUT5 (Prop_lut5_I0_O)        0.045     1.046 r  u_rast/a_cur[3][20]_i_1/O
                         net (fo=1, routed)           0.000     1.046    u_rast/a_cur[3][20]_i_1_n_0
    SLICE_X47Y109        FDRE                                         r  u_rast/a_cur_reg[3][20]/D
  -------------------------------------------------------------------    -------------------

                         (clock clk rise edge)        0.000     0.000 r  <hidden>
                                                      0.000     0.000 r  clk
                         net (fo=9811, unset)         0.908     0.908    u_rast/clk
    SLICE_X47Y109        FDRE                                         r  u_rast/a_cur_reg[3][20]/C
                         clock pessimism             -0.005     0.903    <hidden>
    SLICE_X47Y109        FDRE (Hold_fdre_C_D)         0.091     0.994    u_rast/a_cur_reg[3][20]
  -------------------------------------------------------------------
                         required time                         -0.994    <hidden>
                         arrival time                           1.046    <hidden>
  -------------------------------------------------------------------
                         slack                                  0.052    <hidden>

Slack (MET) :             0.054ns  (arrival time - required time)
  Source:                 u_persp/u_recip/g_stage[4].div_reg[5][24]/C
                            (rising edge-triggered cell FDRE clocked by clk  {rise@0.000ns fall@4.000ns period=8.000ns})
  Destination:            u_persp/u_recip/g_stage[5].div_reg[6][24]/D
                            (rising edge-triggered cell FDRE clocked by clk  {rise@0.000ns fall@4.000ns period=8.000ns})
  Path Group:             clk
  Path Type:              Hold (Min at Fast Process Corner)
  Requirement:            0.000ns  (clk rise@0.000ns - clk rise@0.000ns)
  Data Path Delay:        0.372ns  (logic 0.141ns (37.930%)  route 0.231ns (62.070%))
  Logic Levels:           0  
  Clock Path Skew:        0.263ns (DCD - SCD - CPR)
    Destination Clock Delay (DCD):    0.848ns
    Source Clock Delay      (SCD):    0.585ns
    Clock Pessimism Removal (CPR):    -0.000ns

    Location             Delay type                Incr(ns)  Path(ns)    Netlist Resource(s)
  -------------------------------------------------------------------    -------------------
                         (clock clk rise edge)        0.000     0.000 r  <hidden>
                                                      0.000     0.000 r  clk
                         net (fo=9811, unset)         0.585     0.585    u_persp/u_recip/clk
    SLICE_X64Y48         FDRE                                         r  u_persp/u_recip/g_stage[4].div_reg[5][24]/C
  -------------------------------------------------------------------    -------------------
    SLICE_X64Y48         FDRE (Prop_fdre_C_Q)         0.141     0.726 r  u_persp/u_recip/g_stage[4].div_reg[5][24]/Q
                         net (fo=4, routed)           0.231     0.957    u_persp/u_recip/g_stage[4].div_reg[5]_6[24]
    SLICE_X63Y50         FDRE                                         r  u_persp/u_recip/g_stage[5].div_reg[6][24]/D
  -------------------------------------------------------------------    -------------------

                         (clock clk rise edge)        0.000     0.000 r  <hidden>
                                                      0.000     0.000 r  clk
                         net (fo=9811, unset)         0.848     0.848    u_persp/u_recip/clk
    SLICE_X63Y50         FDRE                                         r  u_persp/u_recip/g_stage[5].div_reg[6][24]/C
                         clock pessimism              0.000     0.848    <hidden>
    SLICE_X63Y50         FDRE (Hold_fdre_C_D)         0.055     0.903    u_persp/u_recip/g_stage[5].div_reg[6][24]
  -------------------------------------------------------------------
                         required time                         -0.903    <hidden>
                         arrival time                           0.957    <hidden>
  -------------------------------------------------------------------
                         slack                                  0.054    <hidden>

Slack (MET) :             0.056ns  (arrival time - required time)
  Source:                 u_rast/a_cur_reg[0][36]/C
                            (rising edge-triggered cell FDRE clocked by clk  {rise@0.000ns fall@4.000ns period=8.000ns})
  Destination:            u_rast/s_a_reg[0][36]/D
                            (rising edge-triggered cell FDRE clocked by clk  {rise@0.000ns fall@4.000ns period=8.000ns})
  Path Group:             clk
  Path Type:              Hold (Min at Fast Process Corner)
  Requirement:            0.000ns  (clk rise@0.000ns - clk rise@0.000ns)
  Data Path Delay:        0.393ns  (logic 0.164ns (41.749%)  route 0.229ns (58.251%))
  Logic Levels:           0  
  Clock Path Skew:        0.267ns (DCD - SCD - CPR)
    Destination Clock Delay (DCD):    0.824ns
    Source Clock Delay      (SCD):    0.552ns
    Clock Pessimism Removal (CPR):    0.005ns

    Location             Delay type                Incr(ns)  Path(ns)    Netlist Resource(s)
  -------------------------------------------------------------------    -------------------
                         (clock clk rise edge)        0.000     0.000 r  <hidden>
                                                      0.000     0.000 r  clk
                         net (fo=9811, unset)         0.552     0.552    u_rast/clk
    SLICE_X50Y97         FDRE                                         r  u_rast/a_cur_reg[0][36]/C
  -------------------------------------------------------------------    -------------------
    SLICE_X50Y97         FDRE (Prop_fdre_C_Q)         0.164     0.716 r  u_rast/a_cur_reg[0][36]/Q
                         net (fo=3, routed)           0.229     0.945    u_rast/a_cur_reg[0]_12[36]
    SLICE_X47Y99         FDRE                                         r  u_rast/s_a_reg[0][36]/D
  -------------------------------------------------------------------    -------------------

                         (clock clk rise edge)        0.000     0.000 r  <hidden>
                                                      0.000     0.000 r  clk
                         net (fo=9811, unset)         0.824     0.824    u_rast/clk
    SLICE_X47Y99         FDRE                                         r  u_rast/s_a_reg[0][36]/C
                         clock pessimism             -0.005     0.819    <hidden>
    SLICE_X47Y99         FDRE (Hold_fdre_C_D)         0.070     0.889    u_rast/s_a_reg[0][36]
  -------------------------------------------------------------------
                         required time                         -0.889    <hidden>
                         arrival time                           0.945    <hidden>
  -------------------------------------------------------------------
                         slack                                  0.056    <hidden>

Slack (MET) :             0.057ns  (arrival time - required time)
  Source:                 u_persp/u_recip/g_stage[11].div_reg[12][17]/C
                            (rising edge-triggered cell FDRE clocked by clk  {rise@0.000ns fall@4.000ns period=8.000ns})
  Destination:            u_persp/u_recip/g_stage[12].div_reg[13][17]/D
                            (rising edge-triggered cell FDRE clocked by clk  {rise@0.000ns fall@4.000ns period=8.000ns})
  Path Group:             clk
  Path Type:              Hold (Min at Fast Process Corner)
  Requirement:            0.000ns  (clk rise@0.000ns - clk rise@0.000ns)
  Data Path Delay:        0.380ns  (logic 0.141ns (37.099%)  route 0.239ns (62.901%))
  Logic Levels:           0  
  Clock Path Skew:        0.259ns (DCD - SCD - CPR)
    Destination Clock Delay (DCD):    0.819ns
    Source Clock Delay      (SCD):    0.555ns
    Clock Pessimism Removal (CPR):    0.005ns

    Location             Delay type                Incr(ns)  Path(ns)    Netlist Resource(s)
  -------------------------------------------------------------------    -------------------
                         (clock clk rise edge)        0.000     0.000 r  <hidden>
                                                      0.000     0.000 r  clk
                         net (fo=9811, unset)         0.555     0.555    u_persp/u_recip/clk
    SLICE_X47Y54         FDRE                                         r  u_persp/u_recip/g_stage[11].div_reg[12][17]/C
  -------------------------------------------------------------------    -------------------
    SLICE_X47Y54         FDRE (Prop_fdre_C_Q)         0.141     0.696 r  u_persp/u_recip/g_stage[11].div_reg[12][17]/Q
                         net (fo=4, routed)           0.239     0.935    u_persp/u_recip/g_stage[11].div_reg[12]_13[17]
    SLICE_X50Y54         FDRE                                         r  u_persp/u_recip/g_stage[12].div_reg[13][17]/D
  -------------------------------------------------------------------    -------------------

                         (clock clk rise edge)        0.000     0.000 r  <hidden>
                                                      0.000     0.000 r  clk
                         net (fo=9811, unset)         0.819     0.819    u_persp/u_recip/clk
    SLICE_X50Y54         FDRE                                         r  u_persp/u_recip/g_stage[12].div_reg[13][17]/C
                         clock pessimism             -0.005     0.814    <hidden>
    SLICE_X50Y54         FDRE (Hold_fdre_C_D)         0.064     0.878    u_persp/u_recip/g_stage[12].div_reg[13][17]
  -------------------------------------------------------------------
                         required time                         -0.878    <hidden>
                         arrival time                           0.935    <hidden>
  -------------------------------------------------------------------
                         slack                                  0.057    <hidden>

Slack (MET) :             0.057ns  (arrival time - required time)
  Source:                 u_persp/u_recip/g_stage[13].div_reg[14][26]/C
                            (rising edge-triggered cell FDRE clocked by clk  {rise@0.000ns fall@4.000ns period=8.000ns})
  Destination:            u_persp/u_recip/g_stage[14].div_reg[15][26]/D
                            (rising edge-triggered cell FDRE clocked by clk  {rise@0.000ns fall@4.000ns period=8.000ns})
  Path Group:             clk
  Path Type:              Hold (Min at Fast Process Corner)
  Requirement:            0.000ns  (clk rise@0.000ns - clk rise@0.000ns)
  Data Path Delay:        0.378ns  (logic 0.141ns (37.257%)  route 0.237ns (62.743%))
  Logic Levels:           0  
  Clock Path Skew:        0.264ns (DCD - SCD - CPR)
    Destination Clock Delay (DCD):    0.818ns
    Source Clock Delay      (SCD):    0.549ns
    Clock Pessimism Removal (CPR):    0.005ns

    Location             Delay type                Incr(ns)  Path(ns)    Netlist Resource(s)
  -------------------------------------------------------------------    -------------------
                         (clock clk rise edge)        0.000     0.000 r  <hidden>
                                                      0.000     0.000 r  clk
                         net (fo=9811, unset)         0.549     0.549    u_persp/u_recip/clk
    SLICE_X51Y61         FDRE                                         r  u_persp/u_recip/g_stage[13].div_reg[14][26]/C
  -------------------------------------------------------------------    -------------------
    SLICE_X51Y61         FDRE (Prop_fdre_C_Q)         0.141     0.690 r  u_persp/u_recip/g_stage[13].div_reg[14][26]/Q
                         net (fo=4, routed)           0.237     0.927    u_persp/u_recip/g_stage[13].div_reg[14]_15[26]
    SLICE_X49Y64         FDRE                                         r  u_persp/u_recip/g_stage[14].div_reg[15][26]/D
  -------------------------------------------------------------------    -------------------

                         (clock clk rise edge)        0.000     0.000 r  <hidden>
                                                      0.000     0.000 r  clk
                         net (fo=9811, unset)         0.818     0.818    u_persp/u_recip/clk
    SLICE_X49Y64         FDRE                                         r  u_persp/u_recip/g_stage[14].div_reg[15][26]/C
                         clock pessimism             -0.005     0.813    <hidden>
    SLICE_X49Y64         FDRE (Hold_fdre_C_D)         0.057     0.870    u_persp/u_recip/g_stage[14].div_reg[15][26]
  -------------------------------------------------------------------
                         required time                         -0.870    <hidden>
                         arrival time                           0.927    <hidden>
  -------------------------------------------------------------------
                         slack                                  0.057    <hidden>

Slack (MET) :             0.059ns  (arrival time - required time)
  Source:                 u_setup/out_a0_reg[1][34]/C
                            (rising edge-triggered cell FDRE clocked by clk  {rise@0.000ns fall@4.000ns period=8.000ns})
  Destination:            u_rast/a_cur_reg[1][34]/D
                            (rising edge-triggered cell FDRE clocked by clk  {rise@0.000ns fall@4.000ns period=8.000ns})
  Path Group:             clk
  Path Type:              Hold (Min at Fast Process Corner)
  Requirement:            0.000ns  (clk rise@0.000ns - clk rise@0.000ns)
  Data Path Delay:        0.356ns  (logic 0.186ns (52.318%)  route 0.170ns (47.682%))
  Logic Levels:           1  (LUT5=1)
  Clock Path Skew:        0.177ns (DCD - SCD - CPR)
    Destination Clock Delay (DCD):    0.820ns
    Source Clock Delay      (SCD):    0.638ns
    Clock Pessimism Removal (CPR):    0.005ns

    Location             Delay type                Incr(ns)  Path(ns)    Netlist Resource(s)
  -------------------------------------------------------------------    -------------------
                         (clock clk rise edge)        0.000     0.000 r  <hidden>
                                                      0.000     0.000 r  clk
                         net (fo=9811, unset)         0.638     0.638    u_setup/clk
    SLICE_X49Y100        FDRE                                         r  u_setup/out_a0_reg[1][34]/C
  -------------------------------------------------------------------    -------------------
    SLICE_X49Y100        FDRE (Prop_fdre_C_Q)         0.141     0.779 r  u_setup/out_a0_reg[1][34]/Q
                         net (fo=2, routed)           0.170     0.949    u_rast/a_cur_reg[1][37]_0[30]
    SLICE_X50Y99         LUT5 (Prop_lut5_I0_O)        0.045     0.994 r  u_rast/a_cur[1][34]_i_1/O
                         net (fo=1, routed)           0.000     0.994    u_rast/a_cur[1][34]_i_1_n_0
    SLICE_X50Y99         FDRE                                         r  u_rast/a_cur_reg[1][34]/D
  -------------------------------------------------------------------    -------------------

                         (clock clk rise edge)        0.000     0.000 r  <hidden>
                                                      0.000     0.000 r  clk
                         net (fo=9811, unset)         0.820     0.820    u_rast/clk
    SLICE_X50Y99         FDRE                                         r  u_rast/a_cur_reg[1][34]/C
                         clock pessimism             -0.005     0.815    <hidden>
    SLICE_X50Y99         FDRE (Hold_fdre_C_D)         0.120     0.935    u_rast/a_cur_reg[1][34]
  -------------------------------------------------------------------
                         required time                         -0.935    <hidden>
                         arrival time                           0.994    <hidden>
  -------------------------------------------------------------------
                         slack                                  0.059    <hidden>

Slack (MET) :             0.059ns  (arrival time - required time)
  Source:                 u_persp/u_recip/g_stage[9].div_reg[10][18]/C
                            (rising edge-triggered cell FDRE clocked by clk  {rise@0.000ns fall@4.000ns period=8.000ns})
  Destination:            u_persp/u_recip/g_stage[10].div_reg[11][18]/D
                            (rising edge-triggered cell FDRE clocked by clk  {rise@0.000ns fall@4.000ns period=8.000ns})
  Path Group:             clk
  Path Type:              Hold (Min at Fast Process Corner)
  Requirement:            0.000ns  (clk rise@0.000ns - clk rise@0.000ns)
  Data Path Delay:        0.395ns  (logic 0.141ns (35.669%)  route 0.254ns (64.331%))
  Logic Levels:           0  
  Clock Path Skew:        0.266ns (DCD - SCD - CPR)
    Destination Clock Delay (DCD):    0.823ns
    Source Clock Delay      (SCD):    0.552ns
    Clock Pessimism Removal (CPR):    0.005ns

    Location             Delay type                Incr(ns)  Path(ns)    Netlist Resource(s)
  -------------------------------------------------------------------    -------------------
                         (clock clk rise edge)        0.000     0.000 r  <hidden>
                                                      0.000     0.000 r  clk
                         net (fo=9811, unset)         0.552     0.552    u_persp/u_recip/clk
    SLICE_X51Y51         FDRE                                         r  u_persp/u_recip/g_stage[9].div_reg[10][18]/C
  -------------------------------------------------------------------    -------------------
    SLICE_X51Y51         FDRE (Prop_fdre_C_Q)         0.141     0.693 r  u_persp/u_recip/g_stage[9].div_reg[10][18]/Q
                         net (fo=4, routed)           0.254     0.947    u_persp/u_recip/g_stage[9].div_reg[10]_11[18]
    SLICE_X48Y53         FDRE                                         r  u_persp/u_recip/g_stage[10].div_reg[11][18]/D
  -------------------------------------------------------------------    -------------------

                         (clock clk rise edge)        0.000     0.000 r  <hidden>
                                                      0.000     0.000 r  clk
                         net (fo=9811, unset)         0.823     0.823    u_persp/u_recip/clk
    SLICE_X48Y53         FDRE                                         r  u_persp/u_recip/g_stage[10].div_reg[11][18]/C
                         clock pessimism             -0.005     0.818    <hidden>
    SLICE_X48Y53         FDRE (Hold_fdre_C_D)         0.070     0.888    u_persp/u_recip/g_stage[10].div_reg[11][18]
  -------------------------------------------------------------------
                         required time                         -0.888    <hidden>
                         arrival time                           0.947    <hidden>
  -------------------------------------------------------------------
                         slack                                  0.059    <hidden>

Slack (MET) :             0.060ns  (arrival time - required time)
  Source:                 u_setup/out_a0_reg[1][14]/C
                            (rising edge-triggered cell FDRE clocked by clk  {rise@0.000ns fall@4.000ns period=8.000ns})
  Destination:            u_rast/a_row_reg[1][14]/D
                            (rising edge-triggered cell FDRE clocked by clk  {rise@0.000ns fall@4.000ns period=8.000ns})
  Path Group:             clk
  Path Type:              Hold (Min at Fast Process Corner)
  Requirement:            0.000ns  (clk rise@0.000ns - clk rise@0.000ns)
  Data Path Delay:        0.454ns  (logic 0.251ns (55.335%)  route 0.203ns (44.665%))
  Logic Levels:           2  (CARRY4=1 LUT4=1)
  Clock Path Skew:        0.260ns (DCD - SCD - CPR)
    Destination Clock Delay (DCD):    0.818ns
    Source Clock Delay      (SCD):    0.553ns
    Clock Pessimism Removal (CPR):    0.005ns

    Location             Delay type                Incr(ns)  Path(ns)    Netlist Resource(s)
  -------------------------------------------------------------------    -------------------
                         (clock clk rise edge)        0.000     0.000 r  <hidden>
                                                      0.000     0.000 r  clk
                         net (fo=9811, unset)         0.553     0.553    u_setup/clk
    SLICE_X48Y90         FDRE                                         r  u_setup/out_a0_reg[1][14]/C
  -------------------------------------------------------------------    -------------------
    SLICE_X48Y90         FDRE (Prop_fdre_C_Q)         0.141     0.694 r  u_setup/out_a0_reg[1][14]/Q
                         net (fo=2, routed)           0.203     0.897    u_rast/a_cur_reg[1][37]_0[10]
    SLICE_X50Y90         LUT4 (Prop_lut4_I3_O)        0.045     0.942 r  u_rast/a_row[1][12]_i_7/O
                         net (fo=1, routed)           0.000     0.942    u_rast/a_row[1][12]_i_7_n_0
    SLICE_X50Y90         CARRY4 (Prop_carry4_S[2]_O[2])
                                                      0.065     1.007 r  u_rast/a_row_reg[1][12]_i_1/O[2]
                         net (fo=1, routed)           0.000     1.007    u_rast/a_row_reg[1][12]_i_1_n_5
    SLICE_X50Y90         FDRE                                         r  u_rast/a_row_reg[1][14]/D
  -------------------------------------------------------------------    -------------------

                         (clock clk rise edge)        0.000     0.000 r  <hidden>
                                                      0.000     0.000 r  clk
                         net (fo=9811, unset)         0.818     0.818    u_rast/clk
    SLICE_X50Y90         FDRE                                         r  u_rast/a_row_reg[1][14]/C
                         clock pessimism             -0.005     0.813    <hidden>
    SLICE_X50Y90         FDRE (Hold_fdre_C_D)         0.134     0.947    u_rast/a_row_reg[1][14]
  -------------------------------------------------------------------
                         required time                         -0.947    <hidden>
                         arrival time                           1.007    <hidden>
  -------------------------------------------------------------------
                         slack                                  0.060    <hidden>





Pulse Width Checks
--------------------------------------------------------------------------------------
Clock Name:         clk
Waveform(ns):       { 0.000 4.000 }
Period(ns):         8.000
Sources:            { clk }

Check Type        Corner  Lib Pin             Reference Pin  Required(ns)  Actual(ns)  Slack(ns)  Location      Pin
Min Period        n/a     DSP48E1/CLK         n/a            3.884         8.000       4.116      DSP48_X2Y15   u_geom/p1_reg[0]/CLK
Min Period        n/a     DSP48E1/CLK         n/a            3.884         8.000       4.116      DSP48_X1Y13   u_geom/p1_reg[1]/CLK
Min Period        n/a     DSP48E1/CLK         n/a            3.884         8.000       4.116      DSP48_X2Y13   u_geom/p1_reg[2]/CLK
Min Period        n/a     DSP48E1/CLK         n/a            3.884         8.000       4.116      DSP48_X2Y5    u_geom/p1_reg[3]/CLK
Min Period        n/a     DSP48E1/CLK         n/a            3.884         8.000       4.116      DSP48_X2Y17   u_persp/px1_reg/CLK
Min Period        n/a     DSP48E1/CLK         n/a            3.884         8.000       4.116      DSP48_X1Y16   u_persp/px1_reg__0/CLK
Min Period        n/a     DSP48E1/CLK         n/a            3.884         8.000       4.116      DSP48_X2Y21   u_persp/py1_reg/CLK
Min Period        n/a     DSP48E1/CLK         n/a            3.884         8.000       4.116      DSP48_X2Y19   u_persp/py1_reg__0/CLK
Min Period        n/a     DSP48E1/CLK         n/a            3.884         8.000       4.116      DSP48_X1Y19   u_persp/pz1_reg/CLK
Min Period        n/a     DSP48E1/CLK         n/a            3.884         8.000       4.116      DSP48_X0Y19   u_persp/pz1_reg__0/CLK
Min Period        n/a     DSP48E1/CLK         n/a            3.884         8.000       4.116      DSP48_X2Y32   u_rop/a1_reg/CLK
Min Period        n/a     DSP48E1/CLK         n/a            3.884         8.000       4.116      DSP48_X2Y27   u_setup/prod_a_reg/CLK
Min Period        n/a     DSP48E1/CLK         n/a            3.884         8.000       4.116      DSP48_X2Y26   u_setup/prod_b_reg/CLK
Min Period        n/a     DSP48E1/CLK         n/a            3.687         8.000       4.313      DSP48_X2Y11   u_geom/p1_reg[0]__0/CLK
Min Period        n/a     DSP48E1/CLK         n/a            3.687         8.000       4.313      DSP48_X1Y11   u_geom/p1_reg[1]__0/CLK
Min Period        n/a     DSP48E1/CLK         n/a            3.687         8.000       4.313      DSP48_X2Y9    u_geom/p1_reg[2]__0/CLK
Min Period        n/a     RAMB36E1/CLKARDCLK  n/a            3.363         8.000       4.637      RAMB36_X3Y0   u_rop/u_cbuf/mem_reg_0_0/CLKARDCLK
Min Period        n/a     RAMB36E1/CLKARDCLK  n/a            3.363         8.000       4.637      RAMB36_X4Y2   u_rop/u_cbuf/mem_reg_0_1/CLKARDCLK
Min Period        n/a     RAMB36E1/CLKARDCLK  n/a            3.363         8.000       4.637      RAMB36_X0Y6   u_rop/u_cbuf/mem_reg_0_10/CLKARDCLK
Min Period        n/a     RAMB36E1/CLKARDCLK  n/a            3.363         8.000       4.637      RAMB36_X1Y6   u_rop/u_cbuf/mem_reg_0_11/CLKARDCLK
Low Pulse Width   Slow    RAMD32/CLK          n/a            1.250         4.000       2.750      SLICE_X86Y21  u_fetch/len_q_reg_0_3_0_2/RAMA/CLK
Low Pulse Width   Fast    RAMD32/CLK          n/a            1.250         4.000       2.750      SLICE_X86Y21  u_fetch/len_q_reg_0_3_0_2/RAMA/CLK
Low Pulse Width   Slow    RAMD32/CLK          n/a            1.250         4.000       2.750      SLICE_X86Y21  u_fetch/len_q_reg_0_3_0_2/RAMA_D1/CLK
Low Pulse Width   Fast    RAMD32/CLK          n/a            1.250         4.000       2.750      SLICE_X86Y21  u_fetch/len_q_reg_0_3_0_2/RAMA_D1/CLK
Low Pulse Width   Slow    RAMD32/CLK          n/a            1.250         4.000       2.750      SLICE_X86Y21  u_fetch/len_q_reg_0_3_0_2/RAMB/CLK
Low Pulse Width   Fast    RAMD32/CLK          n/a            1.250         4.000       2.750      SLICE_X86Y21  u_fetch/len_q_reg_0_3_0_2/RAMB/CLK
Low Pulse Width   Slow    RAMD32/CLK          n/a            1.250         4.000       2.750      SLICE_X86Y21  u_fetch/len_q_reg_0_3_0_2/RAMB_D1/CLK
Low Pulse Width   Fast    RAMD32/CLK          n/a            1.250         4.000       2.750      SLICE_X86Y21  u_fetch/len_q_reg_0_3_0_2/RAMB_D1/CLK
Low Pulse Width   Slow    RAMD32/CLK          n/a            1.250         4.000       2.750      SLICE_X86Y21  u_fetch/len_q_reg_0_3_0_2/RAMC/CLK
Low Pulse Width   Fast    RAMD32/CLK          n/a            1.250         4.000       2.750      SLICE_X86Y21  u_fetch/len_q_reg_0_3_0_2/RAMC/CLK
Low Pulse Width   Slow    RAMD32/CLK          n/a            1.250         4.000       2.750      SLICE_X86Y21  u_fetch/len_q_reg_0_3_0_2/RAMC_D1/CLK
Low Pulse Width   Fast    RAMD32/CLK          n/a            1.250         4.000       2.750      SLICE_X86Y21  u_fetch/len_q_reg_0_3_0_2/RAMC_D1/CLK
Low Pulse Width   Slow    RAMS32/CLK          n/a            1.250         4.000       2.750      SLICE_X86Y21  u_fetch/len_q_reg_0_3_0_2/RAMD/CLK
Low Pulse Width   Fast    RAMS32/CLK          n/a            1.250         4.000       2.750      SLICE_X86Y21  u_fetch/len_q_reg_0_3_0_2/RAMD/CLK
Low Pulse Width   Slow    RAMS32/CLK          n/a            1.250         4.000       2.750      SLICE_X86Y21  u_fetch/len_q_reg_0_3_0_2/RAMD_D1/CLK
Low Pulse Width   Fast    RAMS32/CLK          n/a            1.250         4.000       2.750      SLICE_X86Y21  u_fetch/len_q_reg_0_3_0_2/RAMD_D1/CLK
Low Pulse Width   Slow    SRL16E/CLK          n/a            0.980         4.000       3.020      SLICE_X34Y47  u_geom/col_s_reg[0]_srl4/CLK
Low Pulse Width   Fast    SRL16E/CLK          n/a            0.980         4.000       3.020      SLICE_X34Y47  u_geom/col_s_reg[0]_srl4/CLK
Low Pulse Width   Slow    SRL16E/CLK          n/a            0.980         4.000       3.020      SLICE_X32Y37  u_geom/col_s_reg[10]_srl4/CLK
Low Pulse Width   Fast    SRL16E/CLK          n/a            0.980         4.000       3.020      SLICE_X32Y37  u_geom/col_s_reg[10]_srl4/CLK
High Pulse Width  Slow    RAMD32/CLK          n/a            1.250         4.000       2.750      SLICE_X86Y21  u_fetch/len_q_reg_0_3_0_2/RAMA/CLK
High Pulse Width  Fast    RAMD32/CLK          n/a            1.250         4.000       2.750      SLICE_X86Y21  u_fetch/len_q_reg_0_3_0_2/RAMA/CLK
High Pulse Width  Slow    RAMD32/CLK          n/a            1.250         4.000       2.750      SLICE_X86Y21  u_fetch/len_q_reg_0_3_0_2/RAMA_D1/CLK
High Pulse Width  Fast    RAMD32/CLK          n/a            1.250         4.000       2.750      SLICE_X86Y21  u_fetch/len_q_reg_0_3_0_2/RAMA_D1/CLK
High Pulse Width  Slow    RAMD32/CLK          n/a            1.250         4.000       2.750      SLICE_X86Y21  u_fetch/len_q_reg_0_3_0_2/RAMB/CLK
High Pulse Width  Fast    RAMD32/CLK          n/a            1.250         4.000       2.750      SLICE_X86Y21  u_fetch/len_q_reg_0_3_0_2/RAMB/CLK
High Pulse Width  Slow    RAMD32/CLK          n/a            1.250         4.000       2.750      SLICE_X86Y21  u_fetch/len_q_reg_0_3_0_2/RAMB_D1/CLK
High Pulse Width  Fast    RAMD32/CLK          n/a            1.250         4.000       2.750      SLICE_X86Y21  u_fetch/len_q_reg_0_3_0_2/RAMB_D1/CLK
High Pulse Width  Slow    RAMD32/CLK          n/a            1.250         4.000       2.750      SLICE_X86Y21  u_fetch/len_q_reg_0_3_0_2/RAMC/CLK
High Pulse Width  Fast    RAMD32/CLK          n/a            1.250         4.000       2.750      SLICE_X86Y21  u_fetch/len_q_reg_0_3_0_2/RAMC/CLK
High Pulse Width  Slow    RAMD32/CLK          n/a            1.250         4.000       2.750      SLICE_X86Y21  u_fetch/len_q_reg_0_3_0_2/RAMC_D1/CLK
High Pulse Width  Fast    RAMD32/CLK          n/a            1.250         4.000       2.750      SLICE_X86Y21  u_fetch/len_q_reg_0_3_0_2/RAMC_D1/CLK
High Pulse Width  Slow    RAMS32/CLK          n/a            1.250         4.000       2.750      SLICE_X86Y21  u_fetch/len_q_reg_0_3_0_2/RAMD/CLK
High Pulse Width  Fast    RAMS32/CLK          n/a            1.250         4.000       2.750      SLICE_X86Y21  u_fetch/len_q_reg_0_3_0_2/RAMD/CLK
High Pulse Width  Slow    RAMS32/CLK          n/a            1.250         4.000       2.750      SLICE_X86Y21  u_fetch/len_q_reg_0_3_0_2/RAMD_D1/CLK
High Pulse Width  Fast    RAMS32/CLK          n/a            1.250         4.000       2.750      SLICE_X86Y21  u_fetch/len_q_reg_0_3_0_2/RAMD_D1/CLK
High Pulse Width  Slow    SRL16E/CLK          n/a            0.980         4.000       3.020      SLICE_X34Y47  u_geom/col_s_reg[0]_srl4/CLK
High Pulse Width  Fast    SRL16E/CLK          n/a            0.980         4.000       3.020      SLICE_X34Y47  u_geom/col_s_reg[0]_srl4/CLK
High Pulse Width  Slow    SRL16E/CLK          n/a            0.980         4.000       3.020      SLICE_X32Y37  u_geom/col_s_reg[10]_srl4/CLK
High Pulse Width  Fast    SRL16E/CLK          n/a            0.980         4.000       3.020      SLICE_X32Y37  u_geom/col_s_reg[10]_srl4/CLK



