Copyright 1986-2022 Xilinx, Inc. All Rights Reserved. Copyright 2022-2026 Advanced Micro Devices, Inc. All Rights Reserved.
---------------------------------------------------------------------------------------------------------------------------------------------
| Tool Version : Vivado v.2026.1 (win64) Build 6511674 Tue Jun 16 11:02:23 MDT 2026
| Date         : Thu Sep 24 13:20:03 2026
| Host         : AdiLap running 64-bit major release  (build 9200)
| Command      : report_timing_summary -max_paths 20 -file fpga/reports/test_10ns/timing.rpt
| Design       : gpu_top
| Device       : 7z020-clg400
| Speed File   : -1  PRODUCTION 1.12 2019-11-22
| Design State : Routed
---------------------------------------------------------------------------------------------------------------------------------------------

Timing Summary Report

------------------------------------------------------------------------------------------------
| Timer Settings
| --------------
------------------------------------------------------------------------------------------------

  Enable Multi Corner Analysis               :  Yes
  Enable Pessimism Removal                   :  Yes
  Pessimism Removal Resolution               :  Nearest Common Node
  Enable Input Delay Default Clock           :  No
  Enable Preset / Clear Arcs                 :  No
  Disable Flight Delays                      :  No
  Ignore I/O Paths                           :  No
  Timing Early Launch at Borrowing Latches   :  No
  Borrow Time for Max Delay Exceptions       :  Yes
  Merge Timing Exceptions                    :  Yes
  Inter-SLR Compensation                     :  Conservative

  Corner  Analyze    Analyze    
  Name    Max Paths  Min Paths  
  ------  ---------  ---------  
  Slow    Yes        Yes        
  Fast    Yes        Yes        


------------------------------------------------------------------------------------------------
| Report Methodology
| ------------------
------------------------------------------------------------------------------------------------

No report available as report_methodology has not been run prior. Run report_methodology on the current design for the summary of methodology violations.



check_timing report

Table of Contents
-----------------
1. checking no_clock (0)
2. checking constant_clock (0)
3. checking pulse_width_clock (0)
4. checking unconstrained_internal_endpoints (0)
5. checking no_input_delay (109)
6. checking no_output_delay (93)
7. checking multiple_clock (0)
8. checking generated_clocks (0)
9. checking loops (0)
10. checking partial_input_delay (0)
11. checking partial_output_delay (0)
12. checking latch_loops (0)

1. checking no_clock (0)
------------------------
 There are 0 register/latch pins with no clock.


2. checking constant_clock (0)
------------------------------
 There are 0 register/latch pins with constant_clock.


3. checking pulse_width_clock (0)
---------------------------------
 There are 0 register/latch pins which need pulse_width check


4. checking unconstrained_internal_endpoints (0)
------------------------------------------------
 There are 0 pins that are not constrained for maximum delay.

 There are 0 pins that are not constrained for maximum delay due to constant clock.


5. checking no_input_delay (109)
--------------------------------
 There are 109 input ports with no input delay specified. (HIGH)

 There are 0 input ports with no input delay but user has a false path constraint.


6. checking no_output_delay (93)
--------------------------------
 There are 93 ports with no output delay specified. (HIGH)

 There are 0 ports with no output delay but user has a false path constraint

 There are 0 ports with no output delay but with a timing clock defined on it or propagating through it


7. checking multiple_clock (0)
------------------------------
 There are 0 register/latch pins with multiple clocks.


8. checking generated_clocks (0)
--------------------------------
 There are 0 generated clocks that are not connected to a clock source.


9. checking loops (0)
---------------------
 There are 0 combinational loops in the design.


10. checking partial_input_delay (0)
------------------------------------
 There are 0 input ports with partial input delay specified.


11. checking partial_output_delay (0)
-------------------------------------
 There are 0 ports with partial output delay specified.


12. checking latch_loops (0)
----------------------------
 There are 0 combinational latch loops in the design through latch input



------------------------------------------------------------------------------------------------
| Design Timing Summary
| ---------------------
------------------------------------------------------------------------------------------------

    WNS(ns)      TNS(ns)  TNS Failing Endpoints  TNS Total Endpoints      WHS(ns)      THS(ns)  THS Failing Endpoints  THS Total Endpoints     WPWS(ns)     TPWS(ns)  TPWS Failing Endpoints  TPWS Total Endpoints  
    -------      -------  ---------------------  -------------------      -------      -------  ---------------------  -------------------     --------     --------  ----------------------  --------------------  
     -2.291      -65.299                     72                23282        0.010        0.000                      0                23282        3.750        0.000                       0                  9703  


Timing constraints are not met.


------------------------------------------------------------------------------------------------
| Clock Summary
| -------------
------------------------------------------------------------------------------------------------

Clock  Waveform(ns)       Period(ns)      Frequency(MHz)
-----  ------------       ----------      --------------
clk    {0.000 5.000}      10.000          100.000         


------------------------------------------------------------------------------------------------
| Intra Clock Table
| -----------------
------------------------------------------------------------------------------------------------

Clock             WNS(ns)      TNS(ns)  TNS Failing Endpoints  TNS Total Endpoints      WHS(ns)      THS(ns)  THS Failing Endpoints  THS Total Endpoints     WPWS(ns)     TPWS(ns)  TPWS Failing Endpoints  TPWS Total Endpoints  
-----             -------      -------  ---------------------  -------------------      -------      -------  ---------------------  -------------------     --------     --------  ----------------------  --------------------  
clk                -2.291      -65.299                     72                23282        0.010        0.000                      0                23282        3.750        0.000                       0                  9703  


------------------------------------------------------------------------------------------------
| Inter Clock Table
| -----------------
------------------------------------------------------------------------------------------------

From Clock    To Clock          WNS(ns)      TNS(ns)  TNS Failing Endpoints  TNS Total Endpoints      WHS(ns)      THS(ns)  THS Failing Endpoints  THS Total Endpoints  
----------    --------          -------      -------  ---------------------  -------------------      -------      -------  ---------------------  -------------------  


------------------------------------------------------------------------------------------------
| Other Path Groups Table
| -----------------------
------------------------------------------------------------------------------------------------

Path Group    From Clock    To Clock          WNS(ns)      TNS(ns)  TNS Failing Endpoints  TNS Total Endpoints      WHS(ns)      THS(ns)  THS Failing Endpoints  THS Total Endpoints  
----------    ----------    --------          -------      -------  ---------------------  -------------------      -------      -------  ---------------------  -------------------  


------------------------------------------------------------------------------------------------
| Timing Details
| --------------
------------------------------------------------------------------------------------------------


---------------------------------------------------------------------------------------------------
From Clock:  clk
  To Clock:  clk

Setup :           72  Failing Endpoints,  Worst Slack       -2.291ns,  Total Violation      -65.299ns
Hold  :            0  Failing Endpoints,  Worst Slack        0.010ns,  Total Violation        0.000ns
PW    :            0  Failing Endpoints,  Worst Slack        3.750ns,  Total Violation        0.000ns
---------------------------------------------------------------------------------------------------


Max Delay Paths
--------------------------------------------------------------------------------------
Slack (VIOLATED) :        -2.291ns  (required time - arrival time)
  Source:                 u_persp/pz2_reg[44]/C
                            (rising edge-triggered cell FDRE clocked by clk  {rise@0.000ns fall@5.000ns period=10.000ns})
  Destination:            u_persp/out_z_reg[10]/D
                            (rising edge-triggered cell FDRE clocked by clk  {rise@0.000ns fall@5.000ns period=10.000ns})
  Path Group:             clk
  Path Type:              Setup (Max at Slow Process Corner)
  Requirement:            10.000ns  (clk rise@10.000ns - clk rise@0.000ns)
  Data Path Delay:        12.223ns  (logic 6.778ns (55.453%)  route 5.445ns (44.547%))
  Logic Levels:           22  (CARRY4=15 LUT1=2 LUT2=2 LUT3=2 LUT5=1)
  Clock Path Skew:        -0.062ns (DCD - SCD + CPR)
    Destination Clock Delay (DCD):    1.475ns = ( 11.475 - 10.000 ) 
    Source Clock Delay      (SCD):    1.652ns
    Clock Pessimism Removal (CPR):    0.115ns
  Clock Uncertainty:      0.035ns  ((TSJ^2 + TIJ^2)^1/2 + DJ) / 2 + PE
    Total System Jitter     (TSJ):    0.071ns
    Total Input Jitter      (TIJ):    0.000ns
    Discrete Jitter          (DJ):    0.000ns
    Phase Error              (PE):    0.000ns

    Location             Delay type                Incr(ns)  Path(ns)    Netlist Resource(s)
  -------------------------------------------------------------------    -------------------
                         (clock clk rise edge)        0.000     0.000 r  <hidden>
                                                      0.000     0.000 r  clk
                         net (fo=9706, unset)         1.652     1.652    u_persp/clk
    SLICE_X43Y51         FDRE                                         r  u_persp/pz2_reg[44]/C
  -------------------------------------------------------------------    -------------------
    SLICE_X43Y51         FDRE (Prop_fdre_C_Q)         0.456     2.108 f  u_persp/pz2_reg[44]/Q
                         net (fo=2, routed)           0.293     2.401    u_persp/nz[20]
    SLICE_X41Y51         LUT1 (Prop_lut1_I0_O)        0.124     2.525 r  u_persp/out_z[15]_i_111/O
                         net (fo=1, routed)           0.000     2.525    u_persp/out_z[15]_i_111_n_0
    SLICE_X41Y51         CARRY4 (Prop_carry4_S[1]_CO[3])
                                                      0.550     3.075 r  u_persp/out_z_reg[15]_i_54/CO[3]
                         net (fo=1, routed)           0.000     3.075    u_persp/out_z_reg[15]_i_54_n_0
    SLICE_X41Y52         CARRY4 (Prop_carry4_CI_CO[3])
                                                      0.114     3.189 r  u_persp/out_z_reg[15]_i_102/CO[3]
                         net (fo=1, routed)           0.000     3.189    u_persp/out_z_reg[15]_i_102_n_0
    SLICE_X41Y53         CARRY4 (Prop_carry4_CI_O[1])
                                                      0.334     3.523 r  u_persp/out_z_reg[15]_i_120/O[1]
                         net (fo=16, routed)          0.807     4.330    u_persp/depth_full1[28]
    SLICE_X37Y51         LUT2 (Prop_lut2_I1_O)        0.303     4.633 r  u_persp/out_z[15]_i_236/O
                         net (fo=1, routed)           0.000     4.633    u_persp/out_z[15]_i_236_n_0
    SLICE_X37Y51         CARRY4 (Prop_carry4_S[0]_CO[3])
                                                      0.532     5.165 r  u_persp/out_z_reg[15]_i_179/CO[3]
                         net (fo=1, routed)           0.000     5.165    u_persp/out_z_reg[15]_i_179_n_0
    SLICE_X37Y52         CARRY4 (Prop_carry4_CI_O[1])
                                                      0.334     5.499 r  u_persp/out_z_reg[15]_i_183/O[1]
                         net (fo=3, routed)           0.845     6.344    u_persp/out_z_reg[15]_i_183_n_6
    SLICE_X33Y53         LUT3 (Prop_lut3_I1_O)        0.303     6.647 r  u_persp/out_z[15]_i_127/O
                         net (fo=1, routed)           0.504     7.151    u_persp/out_z[15]_i_127_n_0
    SLICE_X39Y53         CARRY4 (Prop_carry4_DI[1]_CO[3])
                                                      0.507     7.658 r  u_persp/out_z_reg[15]_i_61/CO[3]
                         net (fo=1, routed)           0.000     7.658    u_persp/out_z_reg[15]_i_61_n_0
    SLICE_X39Y54         CARRY4 (Prop_carry4_CI_CO[3])
                                                      0.114     7.772 r  u_persp/out_z_reg[15]_i_205/CO[3]
                         net (fo=1, routed)           0.000     7.772    u_persp/out_z_reg[15]_i_205_n_0
    SLICE_X39Y55         CARRY4 (Prop_carry4_CI_CO[3])
                                                      0.114     7.886 r  u_persp/out_z_reg[15]_i_154/CO[3]
                         net (fo=1, routed)           0.000     7.886    u_persp/out_z_reg[15]_i_154_n_0
    SLICE_X39Y56         CARRY4 (Prop_carry4_CI_O[1])
                                                      0.334     8.220 r  u_persp/out_z_reg[15]_i_80/O[1]
                         net (fo=4, routed)           0.641     8.861    u_persp/out_z_reg[15]_i_80_n_6
    SLICE_X38Y57         LUT3 (Prop_lut3_I2_O)        0.295     9.156 r  u_persp/out_z[15]_i_30_comp/O
                         net (fo=1, routed)           0.724     9.881    u_persp/out_z[15]_i_30_n_0_repN
    SLICE_X40Y58         LUT5 (Prop_lut5_I3_O)        0.328    10.209 r  u_persp/out_z[15]_i_34_comp/O
                         net (fo=1, routed)           0.000    10.209    u_persp/out_z[15]_i_34_n_0
    SLICE_X40Y58         CARRY4 (Prop_carry4_S[1]_CO[3])
                                                      0.550    10.759 r  u_persp/out_z_reg[15]_i_6/CO[3]
                         net (fo=1, routed)           0.000    10.759    u_persp/out_z_reg[15]_i_6_n_0
    SLICE_X40Y59         CARRY4 (Prop_carry4_CI_O[3])
                                                      0.313    11.072 f  u_persp/out_z_reg[15]_i_3/O[3]
                         net (fo=28, routed)          0.707    11.779    u_persp/O[0]
    SLICE_X41Y59         LUT1 (Prop_lut1_I0_O)        0.306    12.085 r  u_persp/out_z[15]_i_190/O
                         net (fo=1, routed)           0.000    12.085    u_persp/out_z[15]_i_190_n_0
    SLICE_X41Y59         CARRY4 (Prop_carry4_S[3]_CO[3])
                                                      0.401    12.486 r  u_persp/out_z_reg[15]_i_137/CO[3]
                         net (fo=1, routed)           0.000    12.486    u_persp/out_z_reg[15]_i_137_n_0
    SLICE_X41Y60         CARRY4 (Prop_carry4_CI_CO[3])
                                                      0.114    12.600 r  u_persp/out_z_reg[15]_i_63/CO[3]
                         net (fo=1, routed)           0.000    12.600    u_persp/out_z_reg[15]_i_63_n_0
    SLICE_X41Y61         CARRY4 (Prop_carry4_CI_CO[3])
                                                      0.114    12.714 r  u_persp/out_z_reg[15]_i_22/CO[3]
                         net (fo=1, routed)           0.000    12.714    u_persp/out_z_reg[15]_i_22_n_0
    SLICE_X41Y62         CARRY4 (Prop_carry4_CI_CO[3])
                                                      0.114    12.828 r  u_persp/out_z_reg[15]_i_5/CO[3]
                         net (fo=16, routed)          0.923    13.751    u_persp/out_z_reg[15]_i_5_n_0
    SLICE_X39Y61         LUT2 (Prop_lut2_I1_O)        0.124    13.875 r  u_persp/out_z[10]_i_1/O
                         net (fo=1, routed)           0.000    13.875    u_persp/out_z[10]_i_1_n_0
    SLICE_X39Y61         FDRE                                         r  u_persp/out_z_reg[10]/D
  -------------------------------------------------------------------    -------------------

                         (clock clk rise edge)       10.000    10.000 r  <hidden>
                                                      0.000    10.000 r  clk
                         net (fo=9706, unset)         1.475    11.475    u_persp/clk
    SLICE_X39Y61         FDRE                                         r  u_persp/out_z_reg[10]/C
                         clock pessimism              0.115    11.590    <hidden>
                         clock uncertainty           -0.035    11.555    <hidden>
    SLICE_X39Y61         FDRE (Setup_fdre_C_D)        0.029    11.584    u_persp/out_z_reg[10]
  -------------------------------------------------------------------
                         required time                         11.584    <hidden>
                         arrival time                         -13.875    <hidden>
  -------------------------------------------------------------------
                         slack                                 -2.291    <hidden>

Slack (VIOLATED) :        -2.286ns  (required time - arrival time)
  Source:                 u_persp/pz2_reg[44]/C
                            (rising edge-triggered cell FDRE clocked by clk  {rise@0.000ns fall@5.000ns period=10.000ns})
  Destination:            u_persp/out_z_reg[11]/D
                            (rising edge-triggered cell FDRE clocked by clk  {rise@0.000ns fall@5.000ns period=10.000ns})
  Path Group:             clk
  Path Type:              Setup (Max at Slow Process Corner)
  Requirement:            10.000ns  (clk rise@10.000ns - clk rise@0.000ns)
  Data Path Delay:        12.220ns  (logic 6.778ns (55.466%)  route 5.442ns (44.534%))
  Logic Levels:           22  (CARRY4=15 LUT1=2 LUT2=2 LUT3=2 LUT5=1)
  Clock Path Skew:        -0.062ns (DCD - SCD + CPR)
    Destination Clock Delay (DCD):    1.475ns = ( 11.475 - 10.000 ) 
    Source Clock Delay      (SCD):    1.652ns
    Clock Pessimism Removal (CPR):    0.115ns
  Clock Uncertainty:      0.035ns  ((TSJ^2 + TIJ^2)^1/2 + DJ) / 2 + PE
    Total System Jitter     (TSJ):    0.071ns
    Total Input Jitter      (TIJ):    0.000ns
    Discrete Jitter          (DJ):    0.000ns
    Phase Error              (PE):    0.000ns

    Location             Delay type                Incr(ns)  Path(ns)    Netlist Resource(s)
  -------------------------------------------------------------------    -------------------
                         (clock clk rise edge)        0.000     0.000 r  <hidden>
                                                      0.000     0.000 r  clk
                         net (fo=9706, unset)         1.652     1.652    u_persp/clk
    SLICE_X43Y51         FDRE                                         r  u_persp/pz2_reg[44]/C
  -------------------------------------------------------------------    -------------------
    SLICE_X43Y51         FDRE (Prop_fdre_C_Q)         0.456     2.108 f  u_persp/pz2_reg[44]/Q
                         net (fo=2, routed)           0.293     2.401    u_persp/nz[20]
    SLICE_X41Y51         LUT1 (Prop_lut1_I0_O)        0.124     2.525 r  u_persp/out_z[15]_i_111/O
                         net (fo=1, routed)           0.000     2.525    u_persp/out_z[15]_i_111_n_0
    SLICE_X41Y51         CARRY4 (Prop_carry4_S[1]_CO[3])
                                                      0.550     3.075 r  u_persp/out_z_reg[15]_i_54/CO[3]
                         net (fo=1, routed)           0.000     3.075    u_persp/out_z_reg[15]_i_54_n_0
    SLICE_X41Y52         CARRY4 (Prop_carry4_CI_CO[3])
                                                      0.114     3.189 r  u_persp/out_z_reg[15]_i_102/CO[3]
                         net (fo=1, routed)           0.000     3.189    u_persp/out_z_reg[15]_i_102_n_0
    SLICE_X41Y53         CARRY4 (Prop_carry4_CI_O[1])
                                                      0.334     3.523 r  u_persp/out_z_reg[15]_i_120/O[1]
                         net (fo=16, routed)          0.807     4.330    u_persp/depth_full1[28]
    SLICE_X37Y51         LUT2 (Prop_lut2_I1_O)        0.303     4.633 r  u_persp/out_z[15]_i_236/O
                         net (fo=1, routed)           0.000     4.633    u_persp/out_z[15]_i_236_n_0
    SLICE_X37Y51         CARRY4 (Prop_carry4_S[0]_CO[3])
                                                      0.532     5.165 r  u_persp/out_z_reg[15]_i_179/CO[3]
                         net (fo=1, routed)           0.000     5.165    u_persp/out_z_reg[15]_i_179_n_0
    SLICE_X37Y52         CARRY4 (Prop_carry4_CI_O[1])
                                                      0.334     5.499 r  u_persp/out_z_reg[15]_i_183/O[1]
                         net (fo=3, routed)           0.845     6.344    u_persp/out_z_reg[15]_i_183_n_6
    SLICE_X33Y53         LUT3 (Prop_lut3_I1_O)        0.303     6.647 r  u_persp/out_z[15]_i_127/O
                         net (fo=1, routed)           0.504     7.151    u_persp/out_z[15]_i_127_n_0
    SLICE_X39Y53         CARRY4 (Prop_carry4_DI[1]_CO[3])
                                                      0.507     7.658 r  u_persp/out_z_reg[15]_i_61/CO[3]
                         net (fo=1, routed)           0.000     7.658    u_persp/out_z_reg[15]_i_61_n_0
    SLICE_X39Y54         CARRY4 (Prop_carry4_CI_CO[3])
                                                      0.114     7.772 r  u_persp/out_z_reg[15]_i_205/CO[3]
                         net (fo=1, routed)           0.000     7.772    u_persp/out_z_reg[15]_i_205_n_0
    SLICE_X39Y55         CARRY4 (Prop_carry4_CI_CO[3])
                                                      0.114     7.886 r  u_persp/out_z_reg[15]_i_154/CO[3]
                         net (fo=1, routed)           0.000     7.886    u_persp/out_z_reg[15]_i_154_n_0
    SLICE_X39Y56         CARRY4 (Prop_carry4_CI_O[1])
                                                      0.334     8.220 r  u_persp/out_z_reg[15]_i_80/O[1]
                         net (fo=4, routed)           0.641     8.861    u_persp/out_z_reg[15]_i_80_n_6
    SLICE_X38Y57         LUT3 (Prop_lut3_I2_O)        0.295     9.156 r  u_persp/out_z[15]_i_30_comp/O
                         net (fo=1, routed)           0.724     9.881    u_persp/out_z[15]_i_30_n_0_repN
    SLICE_X40Y58         LUT5 (Prop_lut5_I3_O)        0.328    10.209 r  u_persp/out_z[15]_i_34_comp/O
                         net (fo=1, routed)           0.000    10.209    u_persp/out_z[15]_i_34_n_0
    SLICE_X40Y58         CARRY4 (Prop_carry4_S[1]_CO[3])
                                                      0.550    10.759 r  u_persp/out_z_reg[15]_i_6/CO[3]
                         net (fo=1, routed)           0.000    10.759    u_persp/out_z_reg[15]_i_6_n_0
    SLICE_X40Y59         CARRY4 (Prop_carry4_CI_O[3])
                                                      0.313    11.072 f  u_persp/out_z_reg[15]_i_3/O[3]
                         net (fo=28, routed)          0.707    11.779    u_persp/O[0]
    SLICE_X41Y59         LUT1 (Prop_lut1_I0_O)        0.306    12.085 r  u_persp/out_z[15]_i_190/O
                         net (fo=1, routed)           0.000    12.085    u_persp/out_z[15]_i_190_n_0
    SLICE_X41Y59         CARRY4 (Prop_carry4_S[3]_CO[3])
                                                      0.401    12.486 r  u_persp/out_z_reg[15]_i_137/CO[3]
                         net (fo=1, routed)           0.000    12.486    u_persp/out_z_reg[15]_i_137_n_0
    SLICE_X41Y60         CARRY4 (Prop_carry4_CI_CO[3])
                                                      0.114    12.600 r  u_persp/out_z_reg[15]_i_63/CO[3]
                         net (fo=1, routed)           0.000    12.600    u_persp/out_z_reg[15]_i_63_n_0
    SLICE_X41Y61         CARRY4 (Prop_carry4_CI_CO[3])
                                                      0.114    12.714 r  u_persp/out_z_reg[15]_i_22/CO[3]
                         net (fo=1, routed)           0.000    12.714    u_persp/out_z_reg[15]_i_22_n_0
    SLICE_X41Y62         CARRY4 (Prop_carry4_CI_CO[3])
                                                      0.114    12.828 r  u_persp/out_z_reg[15]_i_5/CO[3]
                         net (fo=16, routed)          0.920    13.748    u_persp/out_z_reg[15]_i_5_n_0
    SLICE_X39Y61         LUT2 (Prop_lut2_I1_O)        0.124    13.872 r  u_persp/out_z[11]_i_1/O
                         net (fo=1, routed)           0.000    13.872    u_persp/out_z[11]_i_1_n_0
    SLICE_X39Y61         FDRE                                         r  u_persp/out_z_reg[11]/D
  -------------------------------------------------------------------    -------------------

                         (clock clk rise edge)       10.000    10.000 r  <hidden>
                                                      0.000    10.000 r  clk
                         net (fo=9706, unset)         1.475    11.475    u_persp/clk
    SLICE_X39Y61         FDRE                                         r  u_persp/out_z_reg[11]/C
                         clock pessimism              0.115    11.590    <hidden>
                         clock uncertainty           -0.035    11.555    <hidden>
    SLICE_X39Y61         FDRE (Setup_fdre_C_D)        0.031    11.586    u_persp/out_z_reg[11]
  -------------------------------------------------------------------
                         required time                         11.586    <hidden>
                         arrival time                         -13.872    <hidden>
  -------------------------------------------------------------------
                         slack                                 -2.286    <hidden>

Slack (VIOLATED) :        -2.258ns  (required time - arrival time)
  Source:                 u_persp/pz2_reg[44]/C
                            (rising edge-triggered cell FDRE clocked by clk  {rise@0.000ns fall@5.000ns period=10.000ns})
  Destination:            u_persp/out_z_reg[13]/D
                            (rising edge-triggered cell FDRE clocked by clk  {rise@0.000ns fall@5.000ns period=10.000ns})
  Path Group:             clk
  Path Type:              Setup (Max at Slow Process Corner)
  Requirement:            10.000ns  (clk rise@10.000ns - clk rise@0.000ns)
  Data Path Delay:        12.221ns  (logic 6.778ns (55.460%)  route 5.443ns (44.540%))
  Logic Levels:           22  (CARRY4=15 LUT1=2 LUT2=2 LUT3=2 LUT5=1)
  Clock Path Skew:        -0.030ns (DCD - SCD + CPR)
    Destination Clock Delay (DCD):    1.475ns = ( 11.475 - 10.000 ) 
    Source Clock Delay      (SCD):    1.652ns
    Clock Pessimism Removal (CPR):    0.147ns
  Clock Uncertainty:      0.035ns  ((TSJ^2 + TIJ^2)^1/2 + DJ) / 2 + PE
    Total System Jitter     (TSJ):    0.071ns
    Total Input Jitter      (TIJ):    0.000ns
    Discrete Jitter          (DJ):    0.000ns
    Phase Error              (PE):    0.000ns

    Location             Delay type                Incr(ns)  Path(ns)    Netlist Resource(s)
  -------------------------------------------------------------------    -------------------
                         (clock clk rise edge)        0.000     0.000 r  <hidden>
                                                      0.000     0.000 r  clk
                         net (fo=9706, unset)         1.652     1.652    u_persp/clk
    SLICE_X43Y51         FDRE                                         r  u_persp/pz2_reg[44]/C
  -------------------------------------------------------------------    -------------------
    SLICE_X43Y51         FDRE (Prop_fdre_C_Q)         0.456     2.108 f  u_persp/pz2_reg[44]/Q
                         net (fo=2, routed)           0.293     2.401    u_persp/nz[20]
    SLICE_X41Y51         LUT1 (Prop_lut1_I0_O)        0.124     2.525 r  u_persp/out_z[15]_i_111/O
                         net (fo=1, routed)           0.000     2.525    u_persp/out_z[15]_i_111_n_0
    SLICE_X41Y51         CARRY4 (Prop_carry4_S[1]_CO[3])
                                                      0.550     3.075 r  u_persp/out_z_reg[15]_i_54/CO[3]
                         net (fo=1, routed)           0.000     3.075    u_persp/out_z_reg[15]_i_54_n_0
    SLICE_X41Y52         CARRY4 (Prop_carry4_CI_CO[3])
                                                      0.114     3.189 r  u_persp/out_z_reg[15]_i_102/CO[3]
                         net (fo=1, routed)           0.000     3.189    u_persp/out_z_reg[15]_i_102_n_0
    SLICE_X41Y53         CARRY4 (Prop_carry4_CI_O[1])
                                                      0.334     3.523 r  u_persp/out_z_reg[15]_i_120/O[1]
                         net (fo=16, routed)          0.807     4.330    u_persp/depth_full1[28]
    SLICE_X37Y51         LUT2 (Prop_lut2_I1_O)        0.303     4.633 r  u_persp/out_z[15]_i_236/O
                         net (fo=1, routed)           0.000     4.633    u_persp/out_z[15]_i_236_n_0
    SLICE_X37Y51         CARRY4 (Prop_carry4_S[0]_CO[3])
                                                      0.532     5.165 r  u_persp/out_z_reg[15]_i_179/CO[3]
                         net (fo=1, routed)           0.000     5.165    u_persp/out_z_reg[15]_i_179_n_0
    SLICE_X37Y52         CARRY4 (Prop_carry4_CI_O[1])
                                                      0.334     5.499 r  u_persp/out_z_reg[15]_i_183/O[1]
                         net (fo=3, routed)           0.845     6.344    u_persp/out_z_reg[15]_i_183_n_6
    SLICE_X33Y53         LUT3 (Prop_lut3_I1_O)        0.303     6.647 r  u_persp/out_z[15]_i_127/O
                         net (fo=1, routed)           0.504     7.151    u_persp/out_z[15]_i_127_n_0
    SLICE_X39Y53         CARRY4 (Prop_carry4_DI[1]_CO[3])
                                                      0.507     7.658 r  u_persp/out_z_reg[15]_i_61/CO[3]
                         net (fo=1, routed)           0.000     7.658    u_persp/out_z_reg[15]_i_61_n_0
    SLICE_X39Y54         CARRY4 (Prop_carry4_CI_CO[3])
                                                      0.114     7.772 r  u_persp/out_z_reg[15]_i_205/CO[3]
                         net (fo=1, routed)           0.000     7.772    u_persp/out_z_reg[15]_i_205_n_0
    SLICE_X39Y55         CARRY4 (Prop_carry4_CI_CO[3])
                                                      0.114     7.886 r  u_persp/out_z_reg[15]_i_154/CO[3]
                         net (fo=1, routed)           0.000     7.886    u_persp/out_z_reg[15]_i_154_n_0
    SLICE_X39Y56         CARRY4 (Prop_carry4_CI_O[1])
                                                      0.334     8.220 r  u_persp/out_z_reg[15]_i_80/O[1]
                         net (fo=4, routed)           0.641     8.861    u_persp/out_z_reg[15]_i_80_n_6
    SLICE_X38Y57         LUT3 (Prop_lut3_I2_O)        0.295     9.156 r  u_persp/out_z[15]_i_30_comp/O
                         net (fo=1, routed)           0.724     9.881    u_persp/out_z[15]_i_30_n_0_repN
    SLICE_X40Y58         LUT5 (Prop_lut5_I3_O)        0.328    10.209 r  u_persp/out_z[15]_i_34_comp/O
                         net (fo=1, routed)           0.000    10.209    u_persp/out_z[15]_i_34_n_0
    SLICE_X40Y58         CARRY4 (Prop_carry4_S[1]_CO[3])
                                                      0.550    10.759 r  u_persp/out_z_reg[15]_i_6/CO[3]
                         net (fo=1, routed)           0.000    10.759    u_persp/out_z_reg[15]_i_6_n_0
    SLICE_X40Y59         CARRY4 (Prop_carry4_CI_O[3])
                                                      0.313    11.072 f  u_persp/out_z_reg[15]_i_3/O[3]
                         net (fo=28, routed)          0.707    11.779    u_persp/O[0]
    SLICE_X41Y59         LUT1 (Prop_lut1_I0_O)        0.306    12.085 r  u_persp/out_z[15]_i_190/O
                         net (fo=1, routed)           0.000    12.085    u_persp/out_z[15]_i_190_n_0
    SLICE_X41Y59         CARRY4 (Prop_carry4_S[3]_CO[3])
                                                      0.401    12.486 r  u_persp/out_z_reg[15]_i_137/CO[3]
                         net (fo=1, routed)           0.000    12.486    u_persp/out_z_reg[15]_i_137_n_0
    SLICE_X41Y60         CARRY4 (Prop_carry4_CI_CO[3])
                                                      0.114    12.600 r  u_persp/out_z_reg[15]_i_63/CO[3]
                         net (fo=1, routed)           0.000    12.600    u_persp/out_z_reg[15]_i_63_n_0
    SLICE_X41Y61         CARRY4 (Prop_carry4_CI_CO[3])
                                                      0.114    12.714 r  u_persp/out_z_reg[15]_i_22/CO[3]
                         net (fo=1, routed)           0.000    12.714    u_persp/out_z_reg[15]_i_22_n_0
    SLICE_X41Y62         CARRY4 (Prop_carry4_CI_CO[3])
                                                      0.114    12.828 r  u_persp/out_z_reg[15]_i_5/CO[3]
                         net (fo=16, routed)          0.922    13.749    u_persp/out_z_reg[15]_i_5_n_0
    SLICE_X40Y61         LUT2 (Prop_lut2_I1_O)        0.124    13.873 r  u_persp/out_z[13]_i_1/O
                         net (fo=1, routed)           0.000    13.873    u_persp/out_z[13]_i_1_n_0
    SLICE_X40Y61         FDRE                                         r  u_persp/out_z_reg[13]/D
  -------------------------------------------------------------------    -------------------

                         (clock clk rise edge)       10.000    10.000 r  <hidden>
                                                      0.000    10.000 r  clk
                         net (fo=9706, unset)         1.475    11.475    u_persp/clk
    SLICE_X40Y61         FDRE                                         r  u_persp/out_z_reg[13]/C
                         clock pessimism              0.147    11.622    <hidden>
                         clock uncertainty           -0.035    11.587    <hidden>
    SLICE_X40Y61         FDRE (Setup_fdre_C_D)        0.029    11.616    u_persp/out_z_reg[13]
  -------------------------------------------------------------------
                         required time                         11.616    <hidden>
                         arrival time                         -13.873    <hidden>
  -------------------------------------------------------------------
                         slack                                 -2.258    <hidden>

Slack (VIOLATED) :        -2.253ns  (required time - arrival time)
  Source:                 u_persp/pz2_reg[44]/C
                            (rising edge-triggered cell FDRE clocked by clk  {rise@0.000ns fall@5.000ns period=10.000ns})
  Destination:            u_persp/out_z_reg[1]/D
                            (rising edge-triggered cell FDRE clocked by clk  {rise@0.000ns fall@5.000ns period=10.000ns})
  Path Group:             clk
  Path Type:              Setup (Max at Slow Process Corner)
  Requirement:            10.000ns  (clk rise@10.000ns - clk rise@0.000ns)
  Data Path Delay:        12.218ns  (logic 6.778ns (55.474%)  route 5.440ns (44.526%))
  Logic Levels:           22  (CARRY4=15 LUT1=2 LUT2=2 LUT3=2 LUT5=1)
  Clock Path Skew:        -0.030ns (DCD - SCD + CPR)
    Destination Clock Delay (DCD):    1.475ns = ( 11.475 - 10.000 ) 
    Source Clock Delay      (SCD):    1.652ns
    Clock Pessimism Removal (CPR):    0.147ns
  Clock Uncertainty:      0.035ns  ((TSJ^2 + TIJ^2)^1/2 + DJ) / 2 + PE
    Total System Jitter     (TSJ):    0.071ns
    Total Input Jitter      (TIJ):    0.000ns
    Discrete Jitter          (DJ):    0.000ns
    Phase Error              (PE):    0.000ns

    Location             Delay type                Incr(ns)  Path(ns)    Netlist Resource(s)
  -------------------------------------------------------------------    -------------------
                         (clock clk rise edge)        0.000     0.000 r  <hidden>
                                                      0.000     0.000 r  clk
                         net (fo=9706, unset)         1.652     1.652    u_persp/clk
    SLICE_X43Y51         FDRE                                         r  u_persp/pz2_reg[44]/C
  -------------------------------------------------------------------    -------------------
    SLICE_X43Y51         FDRE (Prop_fdre_C_Q)         0.456     2.108 f  u_persp/pz2_reg[44]/Q
                         net (fo=2, routed)           0.293     2.401    u_persp/nz[20]
    SLICE_X41Y51         LUT1 (Prop_lut1_I0_O)        0.124     2.525 r  u_persp/out_z[15]_i_111/O
                         net (fo=1, routed)           0.000     2.525    u_persp/out_z[15]_i_111_n_0
    SLICE_X41Y51         CARRY4 (Prop_carry4_S[1]_CO[3])
                                                      0.550     3.075 r  u_persp/out_z_reg[15]_i_54/CO[3]
                         net (fo=1, routed)           0.000     3.075    u_persp/out_z_reg[15]_i_54_n_0
    SLICE_X41Y52         CARRY4 (Prop_carry4_CI_CO[3])
                                                      0.114     3.189 r  u_persp/out_z_reg[15]_i_102/CO[3]
                         net (fo=1, routed)           0.000     3.189    u_persp/out_z_reg[15]_i_102_n_0
    SLICE_X41Y53         CARRY4 (Prop_carry4_CI_O[1])
                                                      0.334     3.523 r  u_persp/out_z_reg[15]_i_120/O[1]
                         net (fo=16, routed)          0.807     4.330    u_persp/depth_full1[28]
    SLICE_X37Y51         LUT2 (Prop_lut2_I1_O)        0.303     4.633 r  u_persp/out_z[15]_i_236/O
                         net (fo=1, routed)           0.000     4.633    u_persp/out_z[15]_i_236_n_0
    SLICE_X37Y51         CARRY4 (Prop_carry4_S[0]_CO[3])
                                                      0.532     5.165 r  u_persp/out_z_reg[15]_i_179/CO[3]
                         net (fo=1, routed)           0.000     5.165    u_persp/out_z_reg[15]_i_179_n_0
    SLICE_X37Y52         CARRY4 (Prop_carry4_CI_O[1])
                                                      0.334     5.499 r  u_persp/out_z_reg[15]_i_183/O[1]
                         net (fo=3, routed)           0.845     6.344    u_persp/out_z_reg[15]_i_183_n_6
    SLICE_X33Y53         LUT3 (Prop_lut3_I1_O)        0.303     6.647 r  u_persp/out_z[15]_i_127/O
                         net (fo=1, routed)           0.504     7.151    u_persp/out_z[15]_i_127_n_0
    SLICE_X39Y53         CARRY4 (Prop_carry4_DI[1]_CO[3])
                                                      0.507     7.658 r  u_persp/out_z_reg[15]_i_61/CO[3]
                         net (fo=1, routed)           0.000     7.658    u_persp/out_z_reg[15]_i_61_n_0
    SLICE_X39Y54         CARRY4 (Prop_carry4_CI_CO[3])
                                                      0.114     7.772 r  u_persp/out_z_reg[15]_i_205/CO[3]
                         net (fo=1, routed)           0.000     7.772    u_persp/out_z_reg[15]_i_205_n_0
    SLICE_X39Y55         CARRY4 (Prop_carry4_CI_CO[3])
                                                      0.114     7.886 r  u_persp/out_z_reg[15]_i_154/CO[3]
                         net (fo=1, routed)           0.000     7.886    u_persp/out_z_reg[15]_i_154_n_0
    SLICE_X39Y56         CARRY4 (Prop_carry4_CI_O[1])
                                                      0.334     8.220 r  u_persp/out_z_reg[15]_i_80/O[1]
                         net (fo=4, routed)           0.641     8.861    u_persp/out_z_reg[15]_i_80_n_6
    SLICE_X38Y57         LUT3 (Prop_lut3_I2_O)        0.295     9.156 r  u_persp/out_z[15]_i_30_comp/O
                         net (fo=1, routed)           0.724     9.881    u_persp/out_z[15]_i_30_n_0_repN
    SLICE_X40Y58         LUT5 (Prop_lut5_I3_O)        0.328    10.209 r  u_persp/out_z[15]_i_34_comp/O
                         net (fo=1, routed)           0.000    10.209    u_persp/out_z[15]_i_34_n_0
    SLICE_X40Y58         CARRY4 (Prop_carry4_S[1]_CO[3])
                                                      0.550    10.759 r  u_persp/out_z_reg[15]_i_6/CO[3]
                         net (fo=1, routed)           0.000    10.759    u_persp/out_z_reg[15]_i_6_n_0
    SLICE_X40Y59         CARRY4 (Prop_carry4_CI_O[3])
                                                      0.313    11.072 f  u_persp/out_z_reg[15]_i_3/O[3]
                         net (fo=28, routed)          0.707    11.779    u_persp/O[0]
    SLICE_X41Y59         LUT1 (Prop_lut1_I0_O)        0.306    12.085 r  u_persp/out_z[15]_i_190/O
                         net (fo=1, routed)           0.000    12.085    u_persp/out_z[15]_i_190_n_0
    SLICE_X41Y59         CARRY4 (Prop_carry4_S[3]_CO[3])
                                                      0.401    12.486 r  u_persp/out_z_reg[15]_i_137/CO[3]
                         net (fo=1, routed)           0.000    12.486    u_persp/out_z_reg[15]_i_137_n_0
    SLICE_X41Y60         CARRY4 (Prop_carry4_CI_CO[3])
                                                      0.114    12.600 r  u_persp/out_z_reg[15]_i_63/CO[3]
                         net (fo=1, routed)           0.000    12.600    u_persp/out_z_reg[15]_i_63_n_0
    SLICE_X41Y61         CARRY4 (Prop_carry4_CI_CO[3])
                                                      0.114    12.714 r  u_persp/out_z_reg[15]_i_22/CO[3]
                         net (fo=1, routed)           0.000    12.714    u_persp/out_z_reg[15]_i_22_n_0
    SLICE_X41Y62         CARRY4 (Prop_carry4_CI_CO[3])
                                                      0.114    12.828 r  u_persp/out_z_reg[15]_i_5/CO[3]
                         net (fo=16, routed)          0.919    13.746    u_persp/out_z_reg[15]_i_5_n_0
    SLICE_X40Y61         LUT2 (Prop_lut2_I1_O)        0.124    13.870 r  u_persp/out_z[1]_i_1/O
                         net (fo=1, routed)           0.000    13.870    u_persp/out_z[1]_i_1_n_0
    SLICE_X40Y61         FDRE                                         r  u_persp/out_z_reg[1]/D
  -------------------------------------------------------------------    -------------------

                         (clock clk rise edge)       10.000    10.000 r  <hidden>
                                                      0.000    10.000 r  clk
                         net (fo=9706, unset)         1.475    11.475    u_persp/clk
    SLICE_X40Y61         FDRE                                         r  u_persp/out_z_reg[1]/C
                         clock pessimism              0.147    11.622    <hidden>
                         clock uncertainty           -0.035    11.587    <hidden>
    SLICE_X40Y61         FDRE (Setup_fdre_C_D)        0.031    11.618    u_persp/out_z_reg[1]
  -------------------------------------------------------------------
                         required time                         11.618    <hidden>
                         arrival time                         -13.870    <hidden>
  -------------------------------------------------------------------
                         slack                                 -2.253    <hidden>

Slack (VIOLATED) :        -2.164ns  (required time - arrival time)
  Source:                 u_persp/pz2_reg[44]/C
                            (rising edge-triggered cell FDRE clocked by clk  {rise@0.000ns fall@5.000ns period=10.000ns})
  Destination:            u_persp/out_z_reg[4]/D
                            (rising edge-triggered cell FDRE clocked by clk  {rise@0.000ns fall@5.000ns period=10.000ns})
  Path Group:             clk
  Path Type:              Setup (Max at Slow Process Corner)
  Requirement:            10.000ns  (clk rise@10.000ns - clk rise@0.000ns)
  Data Path Delay:        12.129ns  (logic 6.778ns (55.884%)  route 5.351ns (44.116%))
  Logic Levels:           22  (CARRY4=15 LUT1=2 LUT2=2 LUT3=2 LUT5=1)
  Clock Path Skew:        -0.031ns (DCD - SCD + CPR)
    Destination Clock Delay (DCD):    1.474ns = ( 11.474 - 10.000 ) 
    Source Clock Delay      (SCD):    1.652ns
    Clock Pessimism Removal (CPR):    0.147ns
  Clock Uncertainty:      0.035ns  ((TSJ^2 + TIJ^2)^1/2 + DJ) / 2 + PE
    Total System Jitter     (TSJ):    0.071ns
    Total Input Jitter      (TIJ):    0.000ns
    Discrete Jitter          (DJ):    0.000ns
    Phase Error              (PE):    0.000ns

    Location             Delay type                Incr(ns)  Path(ns)    Netlist Resource(s)
  -------------------------------------------------------------------    -------------------
                         (clock clk rise edge)        0.000     0.000 r  <hidden>
                                                      0.000     0.000 r  clk
                         net (fo=9706, unset)         1.652     1.652    u_persp/clk
    SLICE_X43Y51         FDRE                                         r  u_persp/pz2_reg[44]/C
  -------------------------------------------------------------------    -------------------
    SLICE_X43Y51         FDRE (Prop_fdre_C_Q)         0.456     2.108 f  u_persp/pz2_reg[44]/Q
                         net (fo=2, routed)           0.293     2.401    u_persp/nz[20]
    SLICE_X41Y51         LUT1 (Prop_lut1_I0_O)        0.124     2.525 r  u_persp/out_z[15]_i_111/O
                         net (fo=1, routed)           0.000     2.525    u_persp/out_z[15]_i_111_n_0
    SLICE_X41Y51         CARRY4 (Prop_carry4_S[1]_CO[3])
                                                      0.550     3.075 r  u_persp/out_z_reg[15]_i_54/CO[3]
                         net (fo=1, routed)           0.000     3.075    u_persp/out_z_reg[15]_i_54_n_0
    SLICE_X41Y52         CARRY4 (Prop_carry4_CI_CO[3])
                                                      0.114     3.189 r  u_persp/out_z_reg[15]_i_102/CO[3]
                         net (fo=1, routed)           0.000     3.189    u_persp/out_z_reg[15]_i_102_n_0
    SLICE_X41Y53         CARRY4 (Prop_carry4_CI_O[1])
                                                      0.334     3.523 r  u_persp/out_z_reg[15]_i_120/O[1]
                         net (fo=16, routed)          0.807     4.330    u_persp/depth_full1[28]
    SLICE_X37Y51         LUT2 (Prop_lut2_I1_O)        0.303     4.633 r  u_persp/out_z[15]_i_236/O
                         net (fo=1, routed)           0.000     4.633    u_persp/out_z[15]_i_236_n_0
    SLICE_X37Y51         CARRY4 (Prop_carry4_S[0]_CO[3])
                                                      0.532     5.165 r  u_persp/out_z_reg[15]_i_179/CO[3]
                         net (fo=1, routed)           0.000     5.165    u_persp/out_z_reg[15]_i_179_n_0
    SLICE_X37Y52         CARRY4 (Prop_carry4_CI_O[1])
                                                      0.334     5.499 r  u_persp/out_z_reg[15]_i_183/O[1]
                         net (fo=3, routed)           0.845     6.344    u_persp/out_z_reg[15]_i_183_n_6
    SLICE_X33Y53         LUT3 (Prop_lut3_I1_O)        0.303     6.647 r  u_persp/out_z[15]_i_127/O
                         net (fo=1, routed)           0.504     7.151    u_persp/out_z[15]_i_127_n_0
    SLICE_X39Y53         CARRY4 (Prop_carry4_DI[1]_CO[3])
                                                      0.507     7.658 r  u_persp/out_z_reg[15]_i_61/CO[3]
                         net (fo=1, routed)           0.000     7.658    u_persp/out_z_reg[15]_i_61_n_0
    SLICE_X39Y54         CARRY4 (Prop_carry4_CI_CO[3])
                                                      0.114     7.772 r  u_persp/out_z_reg[15]_i_205/CO[3]
                         net (fo=1, routed)           0.000     7.772    u_persp/out_z_reg[15]_i_205_n_0
    SLICE_X39Y55         CARRY4 (Prop_carry4_CI_CO[3])
                                                      0.114     7.886 r  u_persp/out_z_reg[15]_i_154/CO[3]
                         net (fo=1, routed)           0.000     7.886    u_persp/out_z_reg[15]_i_154_n_0
    SLICE_X39Y56         CARRY4 (Prop_carry4_CI_O[1])
                                                      0.334     8.220 r  u_persp/out_z_reg[15]_i_80/O[1]
                         net (fo=4, routed)           0.641     8.861    u_persp/out_z_reg[15]_i_80_n_6
    SLICE_X38Y57         LUT3 (Prop_lut3_I2_O)        0.295     9.156 r  u_persp/out_z[15]_i_30_comp/O
                         net (fo=1, routed)           0.724     9.881    u_persp/out_z[15]_i_30_n_0_repN
    SLICE_X40Y58         LUT5 (Prop_lut5_I3_O)        0.328    10.209 r  u_persp/out_z[15]_i_34_comp/O
                         net (fo=1, routed)           0.000    10.209    u_persp/out_z[15]_i_34_n_0
    SLICE_X40Y58         CARRY4 (Prop_carry4_S[1]_CO[3])
                                                      0.550    10.759 r  u_persp/out_z_reg[15]_i_6/CO[3]
                         net (fo=1, routed)           0.000    10.759    u_persp/out_z_reg[15]_i_6_n_0
    SLICE_X40Y59         CARRY4 (Prop_carry4_CI_O[3])
                                                      0.313    11.072 f  u_persp/out_z_reg[15]_i_3/O[3]
                         net (fo=28, routed)          0.707    11.779    u_persp/O[0]
    SLICE_X41Y59         LUT1 (Prop_lut1_I0_O)        0.306    12.085 r  u_persp/out_z[15]_i_190/O
                         net (fo=1, routed)           0.000    12.085    u_persp/out_z[15]_i_190_n_0
    SLICE_X41Y59         CARRY4 (Prop_carry4_S[3]_CO[3])
                                                      0.401    12.486 r  u_persp/out_z_reg[15]_i_137/CO[3]
                         net (fo=1, routed)           0.000    12.486    u_persp/out_z_reg[15]_i_137_n_0
    SLICE_X41Y60         CARRY4 (Prop_carry4_CI_CO[3])
                                                      0.114    12.600 r  u_persp/out_z_reg[15]_i_63/CO[3]
                         net (fo=1, routed)           0.000    12.600    u_persp/out_z_reg[15]_i_63_n_0
    SLICE_X41Y61         CARRY4 (Prop_carry4_CI_CO[3])
                                                      0.114    12.714 r  u_persp/out_z_reg[15]_i_22/CO[3]
                         net (fo=1, routed)           0.000    12.714    u_persp/out_z_reg[15]_i_22_n_0
    SLICE_X41Y62         CARRY4 (Prop_carry4_CI_CO[3])
                                                      0.114    12.828 r  u_persp/out_z_reg[15]_i_5/CO[3]
                         net (fo=16, routed)          0.829    13.657    u_persp/out_z_reg[15]_i_5_n_0
    SLICE_X40Y62         LUT2 (Prop_lut2_I1_O)        0.124    13.781 r  u_persp/out_z[4]_i_1/O
                         net (fo=1, routed)           0.000    13.781    u_persp/out_z[4]_i_1_n_0
    SLICE_X40Y62         FDRE                                         r  u_persp/out_z_reg[4]/D
  -------------------------------------------------------------------    -------------------

                         (clock clk rise edge)       10.000    10.000 r  <hidden>
                                                      0.000    10.000 r  clk
                         net (fo=9706, unset)         1.474    11.474    u_persp/clk
    SLICE_X40Y62         FDRE                                         r  u_persp/out_z_reg[4]/C
                         clock pessimism              0.147    11.621    <hidden>
                         clock uncertainty           -0.035    11.586    <hidden>
    SLICE_X40Y62         FDRE (Setup_fdre_C_D)        0.031    11.617    u_persp/out_z_reg[4]
  -------------------------------------------------------------------
                         required time                         11.617    <hidden>
                         arrival time                         -13.781    <hidden>
  -------------------------------------------------------------------
                         slack                                 -2.164    <hidden>

Slack (VIOLATED) :        -2.158ns  (required time - arrival time)
  Source:                 u_persp/pz2_reg[44]/C
                            (rising edge-triggered cell FDRE clocked by clk  {rise@0.000ns fall@5.000ns period=10.000ns})
  Destination:            u_persp/out_z_reg[8]/D
                            (rising edge-triggered cell FDRE clocked by clk  {rise@0.000ns fall@5.000ns period=10.000ns})
  Path Group:             clk
  Path Type:              Setup (Max at Slow Process Corner)
  Requirement:            10.000ns  (clk rise@10.000ns - clk rise@0.000ns)
  Data Path Delay:        12.124ns  (logic 6.778ns (55.905%)  route 5.346ns (44.095%))
  Logic Levels:           22  (CARRY4=15 LUT1=2 LUT2=2 LUT3=2 LUT5=1)
  Clock Path Skew:        -0.031ns (DCD - SCD + CPR)
    Destination Clock Delay (DCD):    1.474ns = ( 11.474 - 10.000 ) 
    Source Clock Delay      (SCD):    1.652ns
    Clock Pessimism Removal (CPR):    0.147ns
  Clock Uncertainty:      0.035ns  ((TSJ^2 + TIJ^2)^1/2 + DJ) / 2 + PE
    Total System Jitter     (TSJ):    0.071ns
    Total Input Jitter      (TIJ):    0.000ns
    Discrete Jitter          (DJ):    0.000ns
    Phase Error              (PE):    0.000ns

    Location             Delay type                Incr(ns)  Path(ns)    Netlist Resource(s)
  -------------------------------------------------------------------    -------------------
                         (clock clk rise edge)        0.000     0.000 r  <hidden>
                                                      0.000     0.000 r  clk
                         net (fo=9706, unset)         1.652     1.652    u_persp/clk
    SLICE_X43Y51         FDRE                                         r  u_persp/pz2_reg[44]/C
  -------------------------------------------------------------------    -------------------
    SLICE_X43Y51         FDRE (Prop_fdre_C_Q)         0.456     2.108 f  u_persp/pz2_reg[44]/Q
                         net (fo=2, routed)           0.293     2.401    u_persp/nz[20]
    SLICE_X41Y51         LUT1 (Prop_lut1_I0_O)        0.124     2.525 r  u_persp/out_z[15]_i_111/O
                         net (fo=1, routed)           0.000     2.525    u_persp/out_z[15]_i_111_n_0
    SLICE_X41Y51         CARRY4 (Prop_carry4_S[1]_CO[3])
                                                      0.550     3.075 r  u_persp/out_z_reg[15]_i_54/CO[3]
                         net (fo=1, routed)           0.000     3.075    u_persp/out_z_reg[15]_i_54_n_0
    SLICE_X41Y52         CARRY4 (Prop_carry4_CI_CO[3])
                                                      0.114     3.189 r  u_persp/out_z_reg[15]_i_102/CO[3]
                         net (fo=1, routed)           0.000     3.189    u_persp/out_z_reg[15]_i_102_n_0
    SLICE_X41Y53         CARRY4 (Prop_carry4_CI_O[1])
                                                      0.334     3.523 r  u_persp/out_z_reg[15]_i_120/O[1]
                         net (fo=16, routed)          0.807     4.330    u_persp/depth_full1[28]
    SLICE_X37Y51         LUT2 (Prop_lut2_I1_O)        0.303     4.633 r  u_persp/out_z[15]_i_236/O
                         net (fo=1, routed)           0.000     4.633    u_persp/out_z[15]_i_236_n_0
    SLICE_X37Y51         CARRY4 (Prop_carry4_S[0]_CO[3])
                                                      0.532     5.165 r  u_persp/out_z_reg[15]_i_179/CO[3]
                         net (fo=1, routed)           0.000     5.165    u_persp/out_z_reg[15]_i_179_n_0
    SLICE_X37Y52         CARRY4 (Prop_carry4_CI_O[1])
                                                      0.334     5.499 r  u_persp/out_z_reg[15]_i_183/O[1]
                         net (fo=3, routed)           0.845     6.344    u_persp/out_z_reg[15]_i_183_n_6
    SLICE_X33Y53         LUT3 (Prop_lut3_I1_O)        0.303     6.647 r  u_persp/out_z[15]_i_127/O
                         net (fo=1, routed)           0.504     7.151    u_persp/out_z[15]_i_127_n_0
    SLICE_X39Y53         CARRY4 (Prop_carry4_DI[1]_CO[3])
                                                      0.507     7.658 r  u_persp/out_z_reg[15]_i_61/CO[3]
                         net (fo=1, routed)           0.000     7.658    u_persp/out_z_reg[15]_i_61_n_0
    SLICE_X39Y54         CARRY4 (Prop_carry4_CI_CO[3])
                                                      0.114     7.772 r  u_persp/out_z_reg[15]_i_205/CO[3]
                         net (fo=1, routed)           0.000     7.772    u_persp/out_z_reg[15]_i_205_n_0
    SLICE_X39Y55         CARRY4 (Prop_carry4_CI_CO[3])
                                                      0.114     7.886 r  u_persp/out_z_reg[15]_i_154/CO[3]
                         net (fo=1, routed)           0.000     7.886    u_persp/out_z_reg[15]_i_154_n_0
    SLICE_X39Y56         CARRY4 (Prop_carry4_CI_O[1])
                                                      0.334     8.220 r  u_persp/out_z_reg[15]_i_80/O[1]
                         net (fo=4, routed)           0.641     8.861    u_persp/out_z_reg[15]_i_80_n_6
    SLICE_X38Y57         LUT3 (Prop_lut3_I2_O)        0.295     9.156 r  u_persp/out_z[15]_i_30_comp/O
                         net (fo=1, routed)           0.724     9.881    u_persp/out_z[15]_i_30_n_0_repN
    SLICE_X40Y58         LUT5 (Prop_lut5_I3_O)        0.328    10.209 r  u_persp/out_z[15]_i_34_comp/O
                         net (fo=1, routed)           0.000    10.209    u_persp/out_z[15]_i_34_n_0
    SLICE_X40Y58         CARRY4 (Prop_carry4_S[1]_CO[3])
                                                      0.550    10.759 r  u_persp/out_z_reg[15]_i_6/CO[3]
                         net (fo=1, routed)           0.000    10.759    u_persp/out_z_reg[15]_i_6_n_0
    SLICE_X40Y59         CARRY4 (Prop_carry4_CI_O[3])
                                                      0.313    11.072 f  u_persp/out_z_reg[15]_i_3/O[3]
                         net (fo=28, routed)          0.707    11.779    u_persp/O[0]
    SLICE_X41Y59         LUT1 (Prop_lut1_I0_O)        0.306    12.085 r  u_persp/out_z[15]_i_190/O
                         net (fo=1, routed)           0.000    12.085    u_persp/out_z[15]_i_190_n_0
    SLICE_X41Y59         CARRY4 (Prop_carry4_S[3]_CO[3])
                                                      0.401    12.486 r  u_persp/out_z_reg[15]_i_137/CO[3]
                         net (fo=1, routed)           0.000    12.486    u_persp/out_z_reg[15]_i_137_n_0
    SLICE_X41Y60         CARRY4 (Prop_carry4_CI_CO[3])
                                                      0.114    12.600 r  u_persp/out_z_reg[15]_i_63/CO[3]
                         net (fo=1, routed)           0.000    12.600    u_persp/out_z_reg[15]_i_63_n_0
    SLICE_X41Y61         CARRY4 (Prop_carry4_CI_CO[3])
                                                      0.114    12.714 r  u_persp/out_z_reg[15]_i_22/CO[3]
                         net (fo=1, routed)           0.000    12.714    u_persp/out_z_reg[15]_i_22_n_0
    SLICE_X41Y62         CARRY4 (Prop_carry4_CI_CO[3])
                                                      0.114    12.828 r  u_persp/out_z_reg[15]_i_5/CO[3]
                         net (fo=16, routed)          0.824    13.652    u_persp/out_z_reg[15]_i_5_n_0
    SLICE_X40Y62         LUT2 (Prop_lut2_I1_O)        0.124    13.776 r  u_persp/out_z[8]_i_1/O
                         net (fo=1, routed)           0.000    13.776    u_persp/out_z[8]_i_1_n_0
    SLICE_X40Y62         FDRE                                         r  u_persp/out_z_reg[8]/D
  -------------------------------------------------------------------    -------------------

                         (clock clk rise edge)       10.000    10.000 r  <hidden>
                                                      0.000    10.000 r  clk
                         net (fo=9706, unset)         1.474    11.474    u_persp/clk
    SLICE_X40Y62         FDRE                                         r  u_persp/out_z_reg[8]/C
                         clock pessimism              0.147    11.621    <hidden>
                         clock uncertainty           -0.035    11.586    <hidden>
    SLICE_X40Y62         FDRE (Setup_fdre_C_D)        0.032    11.618    u_persp/out_z_reg[8]
  -------------------------------------------------------------------
                         required time                         11.618    <hidden>
                         arrival time                         -13.776    <hidden>
  -------------------------------------------------------------------
                         slack                                 -2.158    <hidden>

Slack (VIOLATED) :        -2.153ns  (required time - arrival time)
  Source:                 u_persp/pz2_reg[44]/C
                            (rising edge-triggered cell FDRE clocked by clk  {rise@0.000ns fall@5.000ns period=10.000ns})
  Destination:            u_persp/out_z_reg[7]/D
                            (rising edge-triggered cell FDRE clocked by clk  {rise@0.000ns fall@5.000ns period=10.000ns})
  Path Group:             clk
  Path Type:              Setup (Max at Slow Process Corner)
  Requirement:            10.000ns  (clk rise@10.000ns - clk rise@0.000ns)
  Data Path Delay:        12.165ns  (logic 6.778ns (55.716%)  route 5.387ns (44.284%))
  Logic Levels:           22  (CARRY4=15 LUT1=2 LUT2=2 LUT3=2 LUT5=1)
  Clock Path Skew:        -0.031ns (DCD - SCD + CPR)
    Destination Clock Delay (DCD):    1.474ns = ( 11.474 - 10.000 ) 
    Source Clock Delay      (SCD):    1.652ns
    Clock Pessimism Removal (CPR):    0.147ns
  Clock Uncertainty:      0.035ns  ((TSJ^2 + TIJ^2)^1/2 + DJ) / 2 + PE
    Total System Jitter     (TSJ):    0.071ns
    Total Input Jitter      (TIJ):    0.000ns
    Discrete Jitter          (DJ):    0.000ns
    Phase Error              (PE):    0.000ns

    Location             Delay type                Incr(ns)  Path(ns)    Netlist Resource(s)
  -------------------------------------------------------------------    -------------------
                         (clock clk rise edge)        0.000     0.000 r  <hidden>
                                                      0.000     0.000 r  clk
                         net (fo=9706, unset)         1.652     1.652    u_persp/clk
    SLICE_X43Y51         FDRE                                         r  u_persp/pz2_reg[44]/C
  -------------------------------------------------------------------    -------------------
    SLICE_X43Y51         FDRE (Prop_fdre_C_Q)         0.456     2.108 f  u_persp/pz2_reg[44]/Q
                         net (fo=2, routed)           0.293     2.401    u_persp/nz[20]
    SLICE_X41Y51         LUT1 (Prop_lut1_I0_O)        0.124     2.525 r  u_persp/out_z[15]_i_111/O
                         net (fo=1, routed)           0.000     2.525    u_persp/out_z[15]_i_111_n_0
    SLICE_X41Y51         CARRY4 (Prop_carry4_S[1]_CO[3])
                                                      0.550     3.075 r  u_persp/out_z_reg[15]_i_54/CO[3]
                         net (fo=1, routed)           0.000     3.075    u_persp/out_z_reg[15]_i_54_n_0
    SLICE_X41Y52         CARRY4 (Prop_carry4_CI_CO[3])
                                                      0.114     3.189 r  u_persp/out_z_reg[15]_i_102/CO[3]
                         net (fo=1, routed)           0.000     3.189    u_persp/out_z_reg[15]_i_102_n_0
    SLICE_X41Y53         CARRY4 (Prop_carry4_CI_O[1])
                                                      0.334     3.523 r  u_persp/out_z_reg[15]_i_120/O[1]
                         net (fo=16, routed)          0.807     4.330    u_persp/depth_full1[28]
    SLICE_X37Y51         LUT2 (Prop_lut2_I1_O)        0.303     4.633 r  u_persp/out_z[15]_i_236/O
                         net (fo=1, routed)           0.000     4.633    u_persp/out_z[15]_i_236_n_0
    SLICE_X37Y51         CARRY4 (Prop_carry4_S[0]_CO[3])
                                                      0.532     5.165 r  u_persp/out_z_reg[15]_i_179/CO[3]
                         net (fo=1, routed)           0.000     5.165    u_persp/out_z_reg[15]_i_179_n_0
    SLICE_X37Y52         CARRY4 (Prop_carry4_CI_O[1])
                                                      0.334     5.499 r  u_persp/out_z_reg[15]_i_183/O[1]
                         net (fo=3, routed)           0.845     6.344    u_persp/out_z_reg[15]_i_183_n_6
    SLICE_X33Y53         LUT3 (Prop_lut3_I1_O)        0.303     6.647 r  u_persp/out_z[15]_i_127/O
                         net (fo=1, routed)           0.504     7.151    u_persp/out_z[15]_i_127_n_0
    SLICE_X39Y53         CARRY4 (Prop_carry4_DI[1]_CO[3])
                                                      0.507     7.658 r  u_persp/out_z_reg[15]_i_61/CO[3]
                         net (fo=1, routed)           0.000     7.658    u_persp/out_z_reg[15]_i_61_n_0
    SLICE_X39Y54         CARRY4 (Prop_carry4_CI_CO[3])
                                                      0.114     7.772 r  u_persp/out_z_reg[15]_i_205/CO[3]
                         net (fo=1, routed)           0.000     7.772    u_persp/out_z_reg[15]_i_205_n_0
    SLICE_X39Y55         CARRY4 (Prop_carry4_CI_CO[3])
                                                      0.114     7.886 r  u_persp/out_z_reg[15]_i_154/CO[3]
                         net (fo=1, routed)           0.000     7.886    u_persp/out_z_reg[15]_i_154_n_0
    SLICE_X39Y56         CARRY4 (Prop_carry4_CI_O[1])
                                                      0.334     8.220 r  u_persp/out_z_reg[15]_i_80/O[1]
                         net (fo=4, routed)           0.641     8.861    u_persp/out_z_reg[15]_i_80_n_6
    SLICE_X38Y57         LUT3 (Prop_lut3_I2_O)        0.295     9.156 r  u_persp/out_z[15]_i_30_comp/O
                         net (fo=1, routed)           0.724     9.881    u_persp/out_z[15]_i_30_n_0_repN
    SLICE_X40Y58         LUT5 (Prop_lut5_I3_O)        0.328    10.209 r  u_persp/out_z[15]_i_34_comp/O
                         net (fo=1, routed)           0.000    10.209    u_persp/out_z[15]_i_34_n_0
    SLICE_X40Y58         CARRY4 (Prop_carry4_S[1]_CO[3])
                                                      0.550    10.759 r  u_persp/out_z_reg[15]_i_6/CO[3]
                         net (fo=1, routed)           0.000    10.759    u_persp/out_z_reg[15]_i_6_n_0
    SLICE_X40Y59         CARRY4 (Prop_carry4_CI_O[3])
                                                      0.313    11.072 f  u_persp/out_z_reg[15]_i_3/O[3]
                         net (fo=28, routed)          0.707    11.779    u_persp/O[0]
    SLICE_X41Y59         LUT1 (Prop_lut1_I0_O)        0.306    12.085 r  u_persp/out_z[15]_i_190/O
                         net (fo=1, routed)           0.000    12.085    u_persp/out_z[15]_i_190_n_0
    SLICE_X41Y59         CARRY4 (Prop_carry4_S[3]_CO[3])
                                                      0.401    12.486 r  u_persp/out_z_reg[15]_i_137/CO[3]
                         net (fo=1, routed)           0.000    12.486    u_persp/out_z_reg[15]_i_137_n_0
    SLICE_X41Y60         CARRY4 (Prop_carry4_CI_CO[3])
                                                      0.114    12.600 r  u_persp/out_z_reg[15]_i_63/CO[3]
                         net (fo=1, routed)           0.000    12.600    u_persp/out_z_reg[15]_i_63_n_0
    SLICE_X41Y61         CARRY4 (Prop_carry4_CI_CO[3])
                                                      0.114    12.714 r  u_persp/out_z_reg[15]_i_22/CO[3]
                         net (fo=1, routed)           0.000    12.714    u_persp/out_z_reg[15]_i_22_n_0
    SLICE_X41Y62         CARRY4 (Prop_carry4_CI_CO[3])
                                                      0.114    12.828 r  u_persp/out_z_reg[15]_i_5/CO[3]
                         net (fo=16, routed)          0.865    13.693    u_persp/out_z_reg[15]_i_5_n_0
    SLICE_X42Y62         LUT2 (Prop_lut2_I1_O)        0.124    13.817 r  u_persp/out_z[7]_i_1/O
                         net (fo=1, routed)           0.000    13.817    u_persp/out_z[7]_i_1_n_0
    SLICE_X42Y62         FDRE                                         r  u_persp/out_z_reg[7]/D
  -------------------------------------------------------------------    -------------------

                         (clock clk rise edge)       10.000    10.000 r  <hidden>
                                                      0.000    10.000 r  clk
                         net (fo=9706, unset)         1.474    11.474    u_persp/clk
    SLICE_X42Y62         FDRE                                         r  u_persp/out_z_reg[7]/C
                         clock pessimism              0.147    11.621    <hidden>
                         clock uncertainty           -0.035    11.586    <hidden>
    SLICE_X42Y62         FDRE (Setup_fdre_C_D)        0.079    11.665    u_persp/out_z_reg[7]
  -------------------------------------------------------------------
                         required time                         11.665    <hidden>
                         arrival time                         -13.817    <hidden>
  -------------------------------------------------------------------
                         slack                                 -2.153    <hidden>

Slack (VIOLATED) :        -2.143ns  (required time - arrival time)
  Source:                 u_persp/pz2_reg[44]/C
                            (rising edge-triggered cell FDRE clocked by clk  {rise@0.000ns fall@5.000ns period=10.000ns})
  Destination:            u_persp/out_z_reg[6]/D
                            (rising edge-triggered cell FDRE clocked by clk  {rise@0.000ns fall@5.000ns period=10.000ns})
  Path Group:             clk
  Path Type:              Setup (Max at Slow Process Corner)
  Requirement:            10.000ns  (clk rise@10.000ns - clk rise@0.000ns)
  Data Path Delay:        12.155ns  (logic 6.778ns (55.762%)  route 5.377ns (44.238%))
  Logic Levels:           22  (CARRY4=15 LUT1=2 LUT2=2 LUT3=2 LUT5=1)
  Clock Path Skew:        -0.031ns (DCD - SCD + CPR)
    Destination Clock Delay (DCD):    1.474ns = ( 11.474 - 10.000 ) 
    Source Clock Delay      (SCD):    1.652ns
    Clock Pessimism Removal (CPR):    0.147ns
  Clock Uncertainty:      0.035ns  ((TSJ^2 + TIJ^2)^1/2 + DJ) / 2 + PE
    Total System Jitter     (TSJ):    0.071ns
    Total Input Jitter      (TIJ):    0.000ns
    Discrete Jitter          (DJ):    0.000ns
    Phase Error              (PE):    0.000ns

    Location             Delay type                Incr(ns)  Path(ns)    Netlist Resource(s)
  -------------------------------------------------------------------    -------------------
                         (clock clk rise edge)        0.000     0.000 r  <hidden>
                                                      0.000     0.000 r  clk
                         net (fo=9706, unset)         1.652     1.652    u_persp/clk
    SLICE_X43Y51         FDRE                                         r  u_persp/pz2_reg[44]/C
  -------------------------------------------------------------------    -------------------
    SLICE_X43Y51         FDRE (Prop_fdre_C_Q)         0.456     2.108 f  u_persp/pz2_reg[44]/Q
                         net (fo=2, routed)           0.293     2.401    u_persp/nz[20]
    SLICE_X41Y51         LUT1 (Prop_lut1_I0_O)        0.124     2.525 r  u_persp/out_z[15]_i_111/O
                         net (fo=1, routed)           0.000     2.525    u_persp/out_z[15]_i_111_n_0
    SLICE_X41Y51         CARRY4 (Prop_carry4_S[1]_CO[3])
                                                      0.550     3.075 r  u_persp/out_z_reg[15]_i_54/CO[3]
                         net (fo=1, routed)           0.000     3.075    u_persp/out_z_reg[15]_i_54_n_0
    SLICE_X41Y52         CARRY4 (Prop_carry4_CI_CO[3])
                                                      0.114     3.189 r  u_persp/out_z_reg[15]_i_102/CO[3]
                         net (fo=1, routed)           0.000     3.189    u_persp/out_z_reg[15]_i_102_n_0
    SLICE_X41Y53         CARRY4 (Prop_carry4_CI_O[1])
                                                      0.334     3.523 r  u_persp/out_z_reg[15]_i_120/O[1]
                         net (fo=16, routed)          0.807     4.330    u_persp/depth_full1[28]
    SLICE_X37Y51         LUT2 (Prop_lut2_I1_O)        0.303     4.633 r  u_persp/out_z[15]_i_236/O
                         net (fo=1, routed)           0.000     4.633    u_persp/out_z[15]_i_236_n_0
    SLICE_X37Y51         CARRY4 (Prop_carry4_S[0]_CO[3])
                                                      0.532     5.165 r  u_persp/out_z_reg[15]_i_179/CO[3]
                         net (fo=1, routed)           0.000     5.165    u_persp/out_z_reg[15]_i_179_n_0
    SLICE_X37Y52         CARRY4 (Prop_carry4_CI_O[1])
                                                      0.334     5.499 r  u_persp/out_z_reg[15]_i_183/O[1]
                         net (fo=3, routed)           0.845     6.344    u_persp/out_z_reg[15]_i_183_n_6
    SLICE_X33Y53         LUT3 (Prop_lut3_I1_O)        0.303     6.647 r  u_persp/out_z[15]_i_127/O
                         net (fo=1, routed)           0.504     7.151    u_persp/out_z[15]_i_127_n_0
    SLICE_X39Y53         CARRY4 (Prop_carry4_DI[1]_CO[3])
                                                      0.507     7.658 r  u_persp/out_z_reg[15]_i_61/CO[3]
                         net (fo=1, routed)           0.000     7.658    u_persp/out_z_reg[15]_i_61_n_0
    SLICE_X39Y54         CARRY4 (Prop_carry4_CI_CO[3])
                                                      0.114     7.772 r  u_persp/out_z_reg[15]_i_205/CO[3]
                         net (fo=1, routed)           0.000     7.772    u_persp/out_z_reg[15]_i_205_n_0
    SLICE_X39Y55         CARRY4 (Prop_carry4_CI_CO[3])
                                                      0.114     7.886 r  u_persp/out_z_reg[15]_i_154/CO[3]
                         net (fo=1, routed)           0.000     7.886    u_persp/out_z_reg[15]_i_154_n_0
    SLICE_X39Y56         CARRY4 (Prop_carry4_CI_O[1])
                                                      0.334     8.220 r  u_persp/out_z_reg[15]_i_80/O[1]
                         net (fo=4, routed)           0.641     8.861    u_persp/out_z_reg[15]_i_80_n_6
    SLICE_X38Y57         LUT3 (Prop_lut3_I2_O)        0.295     9.156 r  u_persp/out_z[15]_i_30_comp/O
                         net (fo=1, routed)           0.724     9.881    u_persp/out_z[15]_i_30_n_0_repN
    SLICE_X40Y58         LUT5 (Prop_lut5_I3_O)        0.328    10.209 r  u_persp/out_z[15]_i_34_comp/O
                         net (fo=1, routed)           0.000    10.209    u_persp/out_z[15]_i_34_n_0
    SLICE_X40Y58         CARRY4 (Prop_carry4_S[1]_CO[3])
                                                      0.550    10.759 r  u_persp/out_z_reg[15]_i_6/CO[3]
                         net (fo=1, routed)           0.000    10.759    u_persp/out_z_reg[15]_i_6_n_0
    SLICE_X40Y59         CARRY4 (Prop_carry4_CI_O[3])
                                                      0.313    11.072 f  u_persp/out_z_reg[15]_i_3/O[3]
                         net (fo=28, routed)          0.707    11.779    u_persp/O[0]
    SLICE_X41Y59         LUT1 (Prop_lut1_I0_O)        0.306    12.085 r  u_persp/out_z[15]_i_190/O
                         net (fo=1, routed)           0.000    12.085    u_persp/out_z[15]_i_190_n_0
    SLICE_X41Y59         CARRY4 (Prop_carry4_S[3]_CO[3])
                                                      0.401    12.486 r  u_persp/out_z_reg[15]_i_137/CO[3]
                         net (fo=1, routed)           0.000    12.486    u_persp/out_z_reg[15]_i_137_n_0
    SLICE_X41Y60         CARRY4 (Prop_carry4_CI_CO[3])
                                                      0.114    12.600 r  u_persp/out_z_reg[15]_i_63/CO[3]
                         net (fo=1, routed)           0.000    12.600    u_persp/out_z_reg[15]_i_63_n_0
    SLICE_X41Y61         CARRY4 (Prop_carry4_CI_CO[3])
                                                      0.114    12.714 r  u_persp/out_z_reg[15]_i_22/CO[3]
                         net (fo=1, routed)           0.000    12.714    u_persp/out_z_reg[15]_i_22_n_0
    SLICE_X41Y62         CARRY4 (Prop_carry4_CI_CO[3])
                                                      0.114    12.828 r  u_persp/out_z_reg[15]_i_5/CO[3]
                         net (fo=16, routed)          0.855    13.683    u_persp/out_z_reg[15]_i_5_n_0
    SLICE_X42Y62         LUT2 (Prop_lut2_I1_O)        0.124    13.807 r  u_persp/out_z[6]_i_1/O
                         net (fo=1, routed)           0.000    13.807    u_persp/out_z[6]_i_1_n_0
    SLICE_X42Y62         FDRE                                         r  u_persp/out_z_reg[6]/D
  -------------------------------------------------------------------    -------------------

                         (clock clk rise edge)       10.000    10.000 r  <hidden>
                                                      0.000    10.000 r  clk
                         net (fo=9706, unset)         1.474    11.474    u_persp/clk
    SLICE_X42Y62         FDRE                                         r  u_persp/out_z_reg[6]/C
                         clock pessimism              0.147    11.621    <hidden>
                         clock uncertainty           -0.035    11.586    <hidden>
    SLICE_X42Y62         FDRE (Setup_fdre_C_D)        0.079    11.665    u_persp/out_z_reg[6]
  -------------------------------------------------------------------
                         required time                         11.665    <hidden>
                         arrival time                         -13.807    <hidden>
  -------------------------------------------------------------------
                         slack                                 -2.143    <hidden>

Slack (VIOLATED) :        -2.115ns  (required time - arrival time)
  Source:                 u_persp/pz2_reg[44]/C
                            (rising edge-triggered cell FDRE clocked by clk  {rise@0.000ns fall@5.000ns period=10.000ns})
  Destination:            u_persp/out_z_reg[5]/D
                            (rising edge-triggered cell FDRE clocked by clk  {rise@0.000ns fall@5.000ns period=10.000ns})
  Path Group:             clk
  Path Type:              Setup (Max at Slow Process Corner)
  Requirement:            10.000ns  (clk rise@10.000ns - clk rise@0.000ns)
  Data Path Delay:        12.129ns  (logic 6.778ns (55.882%)  route 5.351ns (44.118%))
  Logic Levels:           22  (CARRY4=15 LUT1=2 LUT2=2 LUT3=2 LUT5=1)
  Clock Path Skew:        -0.031ns (DCD - SCD + CPR)
    Destination Clock Delay (DCD):    1.474ns = ( 11.474 - 10.000 ) 
    Source Clock Delay      (SCD):    1.652ns
    Clock Pessimism Removal (CPR):    0.147ns
  Clock Uncertainty:      0.035ns  ((TSJ^2 + TIJ^2)^1/2 + DJ) / 2 + PE
    Total System Jitter     (TSJ):    0.071ns
    Total Input Jitter      (TIJ):    0.000ns
    Discrete Jitter          (DJ):    0.000ns
    Phase Error              (PE):    0.000ns

    Location             Delay type                Incr(ns)  Path(ns)    Netlist Resource(s)
  -------------------------------------------------------------------    -------------------
                         (clock clk rise edge)        0.000     0.000 r  <hidden>
                                                      0.000     0.000 r  clk
                         net (fo=9706, unset)         1.652     1.652    u_persp/clk
    SLICE_X43Y51         FDRE                                         r  u_persp/pz2_reg[44]/C
  -------------------------------------------------------------------    -------------------
    SLICE_X43Y51         FDRE (Prop_fdre_C_Q)         0.456     2.108 f  u_persp/pz2_reg[44]/Q
                         net (fo=2, routed)           0.293     2.401    u_persp/nz[20]
    SLICE_X41Y51         LUT1 (Prop_lut1_I0_O)        0.124     2.525 r  u_persp/out_z[15]_i_111/O
                         net (fo=1, routed)           0.000     2.525    u_persp/out_z[15]_i_111_n_0
    SLICE_X41Y51         CARRY4 (Prop_carry4_S[1]_CO[3])
                                                      0.550     3.075 r  u_persp/out_z_reg[15]_i_54/CO[3]
                         net (fo=1, routed)           0.000     3.075    u_persp/out_z_reg[15]_i_54_n_0
    SLICE_X41Y52         CARRY4 (Prop_carry4_CI_CO[3])
                                                      0.114     3.189 r  u_persp/out_z_reg[15]_i_102/CO[3]
                         net (fo=1, routed)           0.000     3.189    u_persp/out_z_reg[15]_i_102_n_0
    SLICE_X41Y53         CARRY4 (Prop_carry4_CI_O[1])
                                                      0.334     3.523 r  u_persp/out_z_reg[15]_i_120/O[1]
                         net (fo=16, routed)          0.807     4.330    u_persp/depth_full1[28]
    SLICE_X37Y51         LUT2 (Prop_lut2_I1_O)        0.303     4.633 r  u_persp/out_z[15]_i_236/O
                         net (fo=1, routed)           0.000     4.633    u_persp/out_z[15]_i_236_n_0
    SLICE_X37Y51         CARRY4 (Prop_carry4_S[0]_CO[3])
                                                      0.532     5.165 r  u_persp/out_z_reg[15]_i_179/CO[3]
                         net (fo=1, routed)           0.000     5.165    u_persp/out_z_reg[15]_i_179_n_0
    SLICE_X37Y52         CARRY4 (Prop_carry4_CI_O[1])
                                                      0.334     5.499 r  u_persp/out_z_reg[15]_i_183/O[1]
                         net (fo=3, routed)           0.845     6.344    u_persp/out_z_reg[15]_i_183_n_6
    SLICE_X33Y53         LUT3 (Prop_lut3_I1_O)        0.303     6.647 r  u_persp/out_z[15]_i_127/O
                         net (fo=1, routed)           0.504     7.151    u_persp/out_z[15]_i_127_n_0
    SLICE_X39Y53         CARRY4 (Prop_carry4_DI[1]_CO[3])
                                                      0.507     7.658 r  u_persp/out_z_reg[15]_i_61/CO[3]
                         net (fo=1, routed)           0.000     7.658    u_persp/out_z_reg[15]_i_61_n_0
    SLICE_X39Y54         CARRY4 (Prop_carry4_CI_CO[3])
                                                      0.114     7.772 r  u_persp/out_z_reg[15]_i_205/CO[3]
                         net (fo=1, routed)           0.000     7.772    u_persp/out_z_reg[15]_i_205_n_0
    SLICE_X39Y55         CARRY4 (Prop_carry4_CI_CO[3])
                                                      0.114     7.886 r  u_persp/out_z_reg[15]_i_154/CO[3]
                         net (fo=1, routed)           0.000     7.886    u_persp/out_z_reg[15]_i_154_n_0
    SLICE_X39Y56         CARRY4 (Prop_carry4_CI_O[1])
                                                      0.334     8.220 r  u_persp/out_z_reg[15]_i_80/O[1]
                         net (fo=4, routed)           0.641     8.861    u_persp/out_z_reg[15]_i_80_n_6
    SLICE_X38Y57         LUT3 (Prop_lut3_I2_O)        0.295     9.156 r  u_persp/out_z[15]_i_30_comp/O
                         net (fo=1, routed)           0.724     9.881    u_persp/out_z[15]_i_30_n_0_repN
    SLICE_X40Y58         LUT5 (Prop_lut5_I3_O)        0.328    10.209 r  u_persp/out_z[15]_i_34_comp/O
                         net (fo=1, routed)           0.000    10.209    u_persp/out_z[15]_i_34_n_0
    SLICE_X40Y58         CARRY4 (Prop_carry4_S[1]_CO[3])
                                                      0.550    10.759 r  u_persp/out_z_reg[15]_i_6/CO[3]
                         net (fo=1, routed)           0.000    10.759    u_persp/out_z_reg[15]_i_6_n_0
    SLICE_X40Y59         CARRY4 (Prop_carry4_CI_O[3])
                                                      0.313    11.072 f  u_persp/out_z_reg[15]_i_3/O[3]
                         net (fo=28, routed)          0.707    11.779    u_persp/O[0]
    SLICE_X41Y59         LUT1 (Prop_lut1_I0_O)        0.306    12.085 r  u_persp/out_z[15]_i_190/O
                         net (fo=1, routed)           0.000    12.085    u_persp/out_z[15]_i_190_n_0
    SLICE_X41Y59         CARRY4 (Prop_carry4_S[3]_CO[3])
                                                      0.401    12.486 r  u_persp/out_z_reg[15]_i_137/CO[3]
                         net (fo=1, routed)           0.000    12.486    u_persp/out_z_reg[15]_i_137_n_0
    SLICE_X41Y60         CARRY4 (Prop_carry4_CI_CO[3])
                                                      0.114    12.600 r  u_persp/out_z_reg[15]_i_63/CO[3]
                         net (fo=1, routed)           0.000    12.600    u_persp/out_z_reg[15]_i_63_n_0
    SLICE_X41Y61         CARRY4 (Prop_carry4_CI_CO[3])
                                                      0.114    12.714 r  u_persp/out_z_reg[15]_i_22/CO[3]
                         net (fo=1, routed)           0.000    12.714    u_persp/out_z_reg[15]_i_22_n_0
    SLICE_X41Y62         CARRY4 (Prop_carry4_CI_CO[3])
                                                      0.114    12.828 r  u_persp/out_z_reg[15]_i_5/CO[3]
                         net (fo=16, routed)          0.829    13.657    u_persp/out_z_reg[15]_i_5_n_0
    SLICE_X42Y62         LUT2 (Prop_lut2_I1_O)        0.124    13.781 r  u_persp/out_z[5]_i_1/O
                         net (fo=1, routed)           0.000    13.781    u_persp/out_z[5]_i_1_n_0
    SLICE_X42Y62         FDRE                                         r  u_persp/out_z_reg[5]/D
  -------------------------------------------------------------------    -------------------

                         (clock clk rise edge)       10.000    10.000 r  <hidden>
                                                      0.000    10.000 r  clk
                         net (fo=9706, unset)         1.474    11.474    u_persp/clk
    SLICE_X42Y62         FDRE                                         r  u_persp/out_z_reg[5]/C
                         clock pessimism              0.147    11.621    <hidden>
                         clock uncertainty           -0.035    11.586    <hidden>
    SLICE_X42Y62         FDRE (Setup_fdre_C_D)        0.081    11.667    u_persp/out_z_reg[5]
  -------------------------------------------------------------------
                         required time                         11.667    <hidden>
                         arrival time                         -13.781    <hidden>
  -------------------------------------------------------------------
                         slack                                 -2.115    <hidden>

Slack (VIOLATED) :        -2.108ns  (required time - arrival time)
  Source:                 u_persp/pz2_reg[44]/C
                            (rising edge-triggered cell FDRE clocked by clk  {rise@0.000ns fall@5.000ns period=10.000ns})
  Destination:            u_persp/out_z_reg[12]/D
                            (rising edge-triggered cell FDRE clocked by clk  {rise@0.000ns fall@5.000ns period=10.000ns})
  Path Group:             clk
  Path Type:              Setup (Max at Slow Process Corner)
  Requirement:            10.000ns  (clk rise@10.000ns - clk rise@0.000ns)
  Data Path Delay:        12.118ns  (logic 6.778ns (55.933%)  route 5.340ns (44.067%))
  Logic Levels:           22  (CARRY4=15 LUT1=2 LUT2=2 LUT3=2 LUT5=1)
  Clock Path Skew:        -0.031ns (DCD - SCD + CPR)
    Destination Clock Delay (DCD):    1.474ns = ( 11.474 - 10.000 ) 
    Source Clock Delay      (SCD):    1.652ns
    Clock Pessimism Removal (CPR):    0.147ns
  Clock Uncertainty:      0.035ns  ((TSJ^2 + TIJ^2)^1/2 + DJ) / 2 + PE
    Total System Jitter     (TSJ):    0.071ns
    Total Input Jitter      (TIJ):    0.000ns
    Discrete Jitter          (DJ):    0.000ns
    Phase Error              (PE):    0.000ns

    Location             Delay type                Incr(ns)  Path(ns)    Netlist Resource(s)
  -------------------------------------------------------------------    -------------------
                         (clock clk rise edge)        0.000     0.000 r  <hidden>
                                                      0.000     0.000 r  clk
                         net (fo=9706, unset)         1.652     1.652    u_persp/clk
    SLICE_X43Y51         FDRE                                         r  u_persp/pz2_reg[44]/C
  -------------------------------------------------------------------    -------------------
    SLICE_X43Y51         FDRE (Prop_fdre_C_Q)         0.456     2.108 f  u_persp/pz2_reg[44]/Q
                         net (fo=2, routed)           0.293     2.401    u_persp/nz[20]
    SLICE_X41Y51         LUT1 (Prop_lut1_I0_O)        0.124     2.525 r  u_persp/out_z[15]_i_111/O
                         net (fo=1, routed)           0.000     2.525    u_persp/out_z[15]_i_111_n_0
    SLICE_X41Y51         CARRY4 (Prop_carry4_S[1]_CO[3])
                                                      0.550     3.075 r  u_persp/out_z_reg[15]_i_54/CO[3]
                         net (fo=1, routed)           0.000     3.075    u_persp/out_z_reg[15]_i_54_n_0
    SLICE_X41Y52         CARRY4 (Prop_carry4_CI_CO[3])
                                                      0.114     3.189 r  u_persp/out_z_reg[15]_i_102/CO[3]
                         net (fo=1, routed)           0.000     3.189    u_persp/out_z_reg[15]_i_102_n_0
    SLICE_X41Y53         CARRY4 (Prop_carry4_CI_O[1])
                                                      0.334     3.523 r  u_persp/out_z_reg[15]_i_120/O[1]
                         net (fo=16, routed)          0.807     4.330    u_persp/depth_full1[28]
    SLICE_X37Y51         LUT2 (Prop_lut2_I1_O)        0.303     4.633 r  u_persp/out_z[15]_i_236/O
                         net (fo=1, routed)           0.000     4.633    u_persp/out_z[15]_i_236_n_0
    SLICE_X37Y51         CARRY4 (Prop_carry4_S[0]_CO[3])
                                                      0.532     5.165 r  u_persp/out_z_reg[15]_i_179/CO[3]
                         net (fo=1, routed)           0.000     5.165    u_persp/out_z_reg[15]_i_179_n_0
    SLICE_X37Y52         CARRY4 (Prop_carry4_CI_O[1])
                                                      0.334     5.499 r  u_persp/out_z_reg[15]_i_183/O[1]
                         net (fo=3, routed)           0.845     6.344    u_persp/out_z_reg[15]_i_183_n_6
    SLICE_X33Y53         LUT3 (Prop_lut3_I1_O)        0.303     6.647 r  u_persp/out_z[15]_i_127/O
                         net (fo=1, routed)           0.504     7.151    u_persp/out_z[15]_i_127_n_0
    SLICE_X39Y53         CARRY4 (Prop_carry4_DI[1]_CO[3])
                                                      0.507     7.658 r  u_persp/out_z_reg[15]_i_61/CO[3]
                         net (fo=1, routed)           0.000     7.658    u_persp/out_z_reg[15]_i_61_n_0
    SLICE_X39Y54         CARRY4 (Prop_carry4_CI_CO[3])
                                                      0.114     7.772 r  u_persp/out_z_reg[15]_i_205/CO[3]
                         net (fo=1, routed)           0.000     7.772    u_persp/out_z_reg[15]_i_205_n_0
    SLICE_X39Y55         CARRY4 (Prop_carry4_CI_CO[3])
                                                      0.114     7.886 r  u_persp/out_z_reg[15]_i_154/CO[3]
                         net (fo=1, routed)           0.000     7.886    u_persp/out_z_reg[15]_i_154_n_0
    SLICE_X39Y56         CARRY4 (Prop_carry4_CI_O[1])
                                                      0.334     8.220 r  u_persp/out_z_reg[15]_i_80/O[1]
                         net (fo=4, routed)           0.641     8.861    u_persp/out_z_reg[15]_i_80_n_6
    SLICE_X38Y57         LUT3 (Prop_lut3_I2_O)        0.295     9.156 r  u_persp/out_z[15]_i_30_comp/O
                         net (fo=1, routed)           0.724     9.881    u_persp/out_z[15]_i_30_n_0_repN
    SLICE_X40Y58         LUT5 (Prop_lut5_I3_O)        0.328    10.209 r  u_persp/out_z[15]_i_34_comp/O
                         net (fo=1, routed)           0.000    10.209    u_persp/out_z[15]_i_34_n_0
    SLICE_X40Y58         CARRY4 (Prop_carry4_S[1]_CO[3])
                                                      0.550    10.759 r  u_persp/out_z_reg[15]_i_6/CO[3]
                         net (fo=1, routed)           0.000    10.759    u_persp/out_z_reg[15]_i_6_n_0
    SLICE_X40Y59         CARRY4 (Prop_carry4_CI_O[3])
                                                      0.313    11.072 f  u_persp/out_z_reg[15]_i_3/O[3]
                         net (fo=28, routed)          0.707    11.779    u_persp/O[0]
    SLICE_X41Y59         LUT1 (Prop_lut1_I0_O)        0.306    12.085 r  u_persp/out_z[15]_i_190/O
                         net (fo=1, routed)           0.000    12.085    u_persp/out_z[15]_i_190_n_0
    SLICE_X41Y59         CARRY4 (Prop_carry4_S[3]_CO[3])
                                                      0.401    12.486 r  u_persp/out_z_reg[15]_i_137/CO[3]
                         net (fo=1, routed)           0.000    12.486    u_persp/out_z_reg[15]_i_137_n_0
    SLICE_X41Y60         CARRY4 (Prop_carry4_CI_CO[3])
                                                      0.114    12.600 r  u_persp/out_z_reg[15]_i_63/CO[3]
                         net (fo=1, routed)           0.000    12.600    u_persp/out_z_reg[15]_i_63_n_0
    SLICE_X41Y61         CARRY4 (Prop_carry4_CI_CO[3])
                                                      0.114    12.714 r  u_persp/out_z_reg[15]_i_22/CO[3]
                         net (fo=1, routed)           0.000    12.714    u_persp/out_z_reg[15]_i_22_n_0
    SLICE_X41Y62         CARRY4 (Prop_carry4_CI_CO[3])
                                                      0.114    12.828 r  u_persp/out_z_reg[15]_i_5/CO[3]
                         net (fo=16, routed)          0.818    13.646    u_persp/out_z_reg[15]_i_5_n_0
    SLICE_X42Y62         LUT2 (Prop_lut2_I1_O)        0.124    13.770 r  u_persp/out_z[12]_i_1/O
                         net (fo=1, routed)           0.000    13.770    u_persp/out_z[12]_i_1_n_0
    SLICE_X42Y62         FDRE                                         r  u_persp/out_z_reg[12]/D
  -------------------------------------------------------------------    -------------------

                         (clock clk rise edge)       10.000    10.000 r  <hidden>
                                                      0.000    10.000 r  clk
                         net (fo=9706, unset)         1.474    11.474    u_persp/clk
    SLICE_X42Y62         FDRE                                         r  u_persp/out_z_reg[12]/C
                         clock pessimism              0.147    11.621    <hidden>
                         clock uncertainty           -0.035    11.586    <hidden>
    SLICE_X42Y62         FDRE (Setup_fdre_C_D)        0.077    11.663    u_persp/out_z_reg[12]
  -------------------------------------------------------------------
                         required time                         11.663    <hidden>
                         arrival time                         -13.770    <hidden>
  -------------------------------------------------------------------
                         slack                                 -2.108    <hidden>

Slack (VIOLATED) :        -2.101ns  (required time - arrival time)
  Source:                 u_persp/pz2_reg[44]/C
                            (rising edge-triggered cell FDRE clocked by clk  {rise@0.000ns fall@5.000ns period=10.000ns})
  Destination:            u_persp/out_z_reg[2]/D
                            (rising edge-triggered cell FDRE clocked by clk  {rise@0.000ns fall@5.000ns period=10.000ns})
  Path Group:             clk
  Path Type:              Setup (Max at Slow Process Corner)
  Requirement:            10.000ns  (clk rise@10.000ns - clk rise@0.000ns)
  Data Path Delay:        12.063ns  (logic 6.778ns (56.186%)  route 5.285ns (43.814%))
  Logic Levels:           22  (CARRY4=15 LUT1=2 LUT2=2 LUT3=2 LUT5=1)
  Clock Path Skew:        -0.031ns (DCD - SCD + CPR)
    Destination Clock Delay (DCD):    1.474ns = ( 11.474 - 10.000 ) 
    Source Clock Delay      (SCD):    1.652ns
    Clock Pessimism Removal (CPR):    0.147ns
  Clock Uncertainty:      0.035ns  ((TSJ^2 + TIJ^2)^1/2 + DJ) / 2 + PE
    Total System Jitter     (TSJ):    0.071ns
    Total Input Jitter      (TIJ):    0.000ns
    Discrete Jitter          (DJ):    0.000ns
    Phase Error              (PE):    0.000ns

    Location             Delay type                Incr(ns)  Path(ns)    Netlist Resource(s)
  -------------------------------------------------------------------    -------------------
                         (clock clk rise edge)        0.000     0.000 r  <hidden>
                                                      0.000     0.000 r  clk
                         net (fo=9706, unset)         1.652     1.652    u_persp/clk
    SLICE_X43Y51         FDRE                                         r  u_persp/pz2_reg[44]/C
  -------------------------------------------------------------------    -------------------
    SLICE_X43Y51         FDRE (Prop_fdre_C_Q)         0.456     2.108 f  u_persp/pz2_reg[44]/Q
                         net (fo=2, routed)           0.293     2.401    u_persp/nz[20]
    SLICE_X41Y51         LUT1 (Prop_lut1_I0_O)        0.124     2.525 r  u_persp/out_z[15]_i_111/O
                         net (fo=1, routed)           0.000     2.525    u_persp/out_z[15]_i_111_n_0
    SLICE_X41Y51         CARRY4 (Prop_carry4_S[1]_CO[3])
                                                      0.550     3.075 r  u_persp/out_z_reg[15]_i_54/CO[3]
                         net (fo=1, routed)           0.000     3.075    u_persp/out_z_reg[15]_i_54_n_0
    SLICE_X41Y52         CARRY4 (Prop_carry4_CI_CO[3])
                                                      0.114     3.189 r  u_persp/out_z_reg[15]_i_102/CO[3]
                         net (fo=1, routed)           0.000     3.189    u_persp/out_z_reg[15]_i_102_n_0
    SLICE_X41Y53         CARRY4 (Prop_carry4_CI_O[1])
                                                      0.334     3.523 r  u_persp/out_z_reg[15]_i_120/O[1]
                         net (fo=16, routed)          0.807     4.330    u_persp/depth_full1[28]
    SLICE_X37Y51         LUT2 (Prop_lut2_I1_O)        0.303     4.633 r  u_persp/out_z[15]_i_236/O
                         net (fo=1, routed)           0.000     4.633    u_persp/out_z[15]_i_236_n_0
    SLICE_X37Y51         CARRY4 (Prop_carry4_S[0]_CO[3])
                                                      0.532     5.165 r  u_persp/out_z_reg[15]_i_179/CO[3]
                         net (fo=1, routed)           0.000     5.165    u_persp/out_z_reg[15]_i_179_n_0
    SLICE_X37Y52         CARRY4 (Prop_carry4_CI_O[1])
                                                      0.334     5.499 r  u_persp/out_z_reg[15]_i_183/O[1]
                         net (fo=3, routed)           0.845     6.344    u_persp/out_z_reg[15]_i_183_n_6
    SLICE_X33Y53         LUT3 (Prop_lut3_I1_O)        0.303     6.647 r  u_persp/out_z[15]_i_127/O
                         net (fo=1, routed)           0.504     7.151    u_persp/out_z[15]_i_127_n_0
    SLICE_X39Y53         CARRY4 (Prop_carry4_DI[1]_CO[3])
                                                      0.507     7.658 r  u_persp/out_z_reg[15]_i_61/CO[3]
                         net (fo=1, routed)           0.000     7.658    u_persp/out_z_reg[15]_i_61_n_0
    SLICE_X39Y54         CARRY4 (Prop_carry4_CI_CO[3])
                                                      0.114     7.772 r  u_persp/out_z_reg[15]_i_205/CO[3]
                         net (fo=1, routed)           0.000     7.772    u_persp/out_z_reg[15]_i_205_n_0
    SLICE_X39Y55         CARRY4 (Prop_carry4_CI_CO[3])
                                                      0.114     7.886 r  u_persp/out_z_reg[15]_i_154/CO[3]
                         net (fo=1, routed)           0.000     7.886    u_persp/out_z_reg[15]_i_154_n_0
    SLICE_X39Y56         CARRY4 (Prop_carry4_CI_O[1])
                                                      0.334     8.220 r  u_persp/out_z_reg[15]_i_80/O[1]
                         net (fo=4, routed)           0.641     8.861    u_persp/out_z_reg[15]_i_80_n_6
    SLICE_X38Y57         LUT3 (Prop_lut3_I2_O)        0.295     9.156 r  u_persp/out_z[15]_i_30_comp/O
                         net (fo=1, routed)           0.724     9.881    u_persp/out_z[15]_i_30_n_0_repN
    SLICE_X40Y58         LUT5 (Prop_lut5_I3_O)        0.328    10.209 r  u_persp/out_z[15]_i_34_comp/O
                         net (fo=1, routed)           0.000    10.209    u_persp/out_z[15]_i_34_n_0
    SLICE_X40Y58         CARRY4 (Prop_carry4_S[1]_CO[3])
                                                      0.550    10.759 r  u_persp/out_z_reg[15]_i_6/CO[3]
                         net (fo=1, routed)           0.000    10.759    u_persp/out_z_reg[15]_i_6_n_0
    SLICE_X40Y59         CARRY4 (Prop_carry4_CI_O[3])
                                                      0.313    11.072 f  u_persp/out_z_reg[15]_i_3/O[3]
                         net (fo=28, routed)          0.707    11.779    u_persp/O[0]
    SLICE_X41Y59         LUT1 (Prop_lut1_I0_O)        0.306    12.085 r  u_persp/out_z[15]_i_190/O
                         net (fo=1, routed)           0.000    12.085    u_persp/out_z[15]_i_190_n_0
    SLICE_X41Y59         CARRY4 (Prop_carry4_S[3]_CO[3])
                                                      0.401    12.486 r  u_persp/out_z_reg[15]_i_137/CO[3]
                         net (fo=1, routed)           0.000    12.486    u_persp/out_z_reg[15]_i_137_n_0
    SLICE_X41Y60         CARRY4 (Prop_carry4_CI_CO[3])
                                                      0.114    12.600 r  u_persp/out_z_reg[15]_i_63/CO[3]
                         net (fo=1, routed)           0.000    12.600    u_persp/out_z_reg[15]_i_63_n_0
    SLICE_X41Y61         CARRY4 (Prop_carry4_CI_CO[3])
                                                      0.114    12.714 r  u_persp/out_z_reg[15]_i_22/CO[3]
                         net (fo=1, routed)           0.000    12.714    u_persp/out_z_reg[15]_i_22_n_0
    SLICE_X41Y62         CARRY4 (Prop_carry4_CI_CO[3])
                                                      0.114    12.828 r  u_persp/out_z_reg[15]_i_5/CO[3]
                         net (fo=16, routed)          0.764    13.591    u_persp/out_z_reg[15]_i_5_n_0
    SLICE_X40Y62         LUT2 (Prop_lut2_I1_O)        0.124    13.715 r  u_persp/out_z[2]_i_1/O
                         net (fo=1, routed)           0.000    13.715    u_persp/out_z[2]_i_1_n_0
    SLICE_X40Y62         FDRE                                         r  u_persp/out_z_reg[2]/D
  -------------------------------------------------------------------    -------------------

                         (clock clk rise edge)       10.000    10.000 r  <hidden>
                                                      0.000    10.000 r  clk
                         net (fo=9706, unset)         1.474    11.474    u_persp/clk
    SLICE_X40Y62         FDRE                                         r  u_persp/out_z_reg[2]/C
                         clock pessimism              0.147    11.621    <hidden>
                         clock uncertainty           -0.035    11.586    <hidden>
    SLICE_X40Y62         FDRE (Setup_fdre_C_D)        0.029    11.615    u_persp/out_z_reg[2]
  -------------------------------------------------------------------
                         required time                         11.615    <hidden>
                         arrival time                         -13.715    <hidden>
  -------------------------------------------------------------------
                         slack                                 -2.101    <hidden>

Slack (VIOLATED) :        -2.096ns  (required time - arrival time)
  Source:                 u_persp/pz2_reg[44]/C
                            (rising edge-triggered cell FDRE clocked by clk  {rise@0.000ns fall@5.000ns period=10.000ns})
  Destination:            u_persp/out_z_reg[3]/D
                            (rising edge-triggered cell FDRE clocked by clk  {rise@0.000ns fall@5.000ns period=10.000ns})
  Path Group:             clk
  Path Type:              Setup (Max at Slow Process Corner)
  Requirement:            10.000ns  (clk rise@10.000ns - clk rise@0.000ns)
  Data Path Delay:        12.060ns  (logic 6.778ns (56.200%)  route 5.282ns (43.800%))
  Logic Levels:           22  (CARRY4=15 LUT1=2 LUT2=2 LUT3=2 LUT5=1)
  Clock Path Skew:        -0.031ns (DCD - SCD + CPR)
    Destination Clock Delay (DCD):    1.474ns = ( 11.474 - 10.000 ) 
    Source Clock Delay      (SCD):    1.652ns
    Clock Pessimism Removal (CPR):    0.147ns
  Clock Uncertainty:      0.035ns  ((TSJ^2 + TIJ^2)^1/2 + DJ) / 2 + PE
    Total System Jitter     (TSJ):    0.071ns
    Total Input Jitter      (TIJ):    0.000ns
    Discrete Jitter          (DJ):    0.000ns
    Phase Error              (PE):    0.000ns

    Location             Delay type                Incr(ns)  Path(ns)    Netlist Resource(s)
  -------------------------------------------------------------------    -------------------
                         (clock clk rise edge)        0.000     0.000 r  <hidden>
                                                      0.000     0.000 r  clk
                         net (fo=9706, unset)         1.652     1.652    u_persp/clk
    SLICE_X43Y51         FDRE                                         r  u_persp/pz2_reg[44]/C
  -------------------------------------------------------------------    -------------------
    SLICE_X43Y51         FDRE (Prop_fdre_C_Q)         0.456     2.108 f  u_persp/pz2_reg[44]/Q
                         net (fo=2, routed)           0.293     2.401    u_persp/nz[20]
    SLICE_X41Y51         LUT1 (Prop_lut1_I0_O)        0.124     2.525 r  u_persp/out_z[15]_i_111/O
                         net (fo=1, routed)           0.000     2.525    u_persp/out_z[15]_i_111_n_0
    SLICE_X41Y51         CARRY4 (Prop_carry4_S[1]_CO[3])
                                                      0.550     3.075 r  u_persp/out_z_reg[15]_i_54/CO[3]
                         net (fo=1, routed)           0.000     3.075    u_persp/out_z_reg[15]_i_54_n_0
    SLICE_X41Y52         CARRY4 (Prop_carry4_CI_CO[3])
                                                      0.114     3.189 r  u_persp/out_z_reg[15]_i_102/CO[3]
                         net (fo=1, routed)           0.000     3.189    u_persp/out_z_reg[15]_i_102_n_0
    SLICE_X41Y53         CARRY4 (Prop_carry4_CI_O[1])
                                                      0.334     3.523 r  u_persp/out_z_reg[15]_i_120/O[1]
                         net (fo=16, routed)          0.807     4.330    u_persp/depth_full1[28]
    SLICE_X37Y51         LUT2 (Prop_lut2_I1_O)        0.303     4.633 r  u_persp/out_z[15]_i_236/O
                         net (fo=1, routed)           0.000     4.633    u_persp/out_z[15]_i_236_n_0
    SLICE_X37Y51         CARRY4 (Prop_carry4_S[0]_CO[3])
                                                      0.532     5.165 r  u_persp/out_z_reg[15]_i_179/CO[3]
                         net (fo=1, routed)           0.000     5.165    u_persp/out_z_reg[15]_i_179_n_0
    SLICE_X37Y52         CARRY4 (Prop_carry4_CI_O[1])
                                                      0.334     5.499 r  u_persp/out_z_reg[15]_i_183/O[1]
                         net (fo=3, routed)           0.845     6.344    u_persp/out_z_reg[15]_i_183_n_6
    SLICE_X33Y53         LUT3 (Prop_lut3_I1_O)        0.303     6.647 r  u_persp/out_z[15]_i_127/O
                         net (fo=1, routed)           0.504     7.151    u_persp/out_z[15]_i_127_n_0
    SLICE_X39Y53         CARRY4 (Prop_carry4_DI[1]_CO[3])
                                                      0.507     7.658 r  u_persp/out_z_reg[15]_i_61/CO[3]
                         net (fo=1, routed)           0.000     7.658    u_persp/out_z_reg[15]_i_61_n_0
    SLICE_X39Y54         CARRY4 (Prop_carry4_CI_CO[3])
                                                      0.114     7.772 r  u_persp/out_z_reg[15]_i_205/CO[3]
                         net (fo=1, routed)           0.000     7.772    u_persp/out_z_reg[15]_i_205_n_0
    SLICE_X39Y55         CARRY4 (Prop_carry4_CI_CO[3])
                                                      0.114     7.886 r  u_persp/out_z_reg[15]_i_154/CO[3]
                         net (fo=1, routed)           0.000     7.886    u_persp/out_z_reg[15]_i_154_n_0
    SLICE_X39Y56         CARRY4 (Prop_carry4_CI_O[1])
                                                      0.334     8.220 r  u_persp/out_z_reg[15]_i_80/O[1]
                         net (fo=4, routed)           0.641     8.861    u_persp/out_z_reg[15]_i_80_n_6
    SLICE_X38Y57         LUT3 (Prop_lut3_I2_O)        0.295     9.156 r  u_persp/out_z[15]_i_30_comp/O
                         net (fo=1, routed)           0.724     9.881    u_persp/out_z[15]_i_30_n_0_repN
    SLICE_X40Y58         LUT5 (Prop_lut5_I3_O)        0.328    10.209 r  u_persp/out_z[15]_i_34_comp/O
                         net (fo=1, routed)           0.000    10.209    u_persp/out_z[15]_i_34_n_0
    SLICE_X40Y58         CARRY4 (Prop_carry4_S[1]_CO[3])
                                                      0.550    10.759 r  u_persp/out_z_reg[15]_i_6/CO[3]
                         net (fo=1, routed)           0.000    10.759    u_persp/out_z_reg[15]_i_6_n_0
    SLICE_X40Y59         CARRY4 (Prop_carry4_CI_O[3])
                                                      0.313    11.072 f  u_persp/out_z_reg[15]_i_3/O[3]
                         net (fo=28, routed)          0.707    11.779    u_persp/O[0]
    SLICE_X41Y59         LUT1 (Prop_lut1_I0_O)        0.306    12.085 r  u_persp/out_z[15]_i_190/O
                         net (fo=1, routed)           0.000    12.085    u_persp/out_z[15]_i_190_n_0
    SLICE_X41Y59         CARRY4 (Prop_carry4_S[3]_CO[3])
                                                      0.401    12.486 r  u_persp/out_z_reg[15]_i_137/CO[3]
                         net (fo=1, routed)           0.000    12.486    u_persp/out_z_reg[15]_i_137_n_0
    SLICE_X41Y60         CARRY4 (Prop_carry4_CI_CO[3])
                                                      0.114    12.600 r  u_persp/out_z_reg[15]_i_63/CO[3]
                         net (fo=1, routed)           0.000    12.600    u_persp/out_z_reg[15]_i_63_n_0
    SLICE_X41Y61         CARRY4 (Prop_carry4_CI_CO[3])
                                                      0.114    12.714 r  u_persp/out_z_reg[15]_i_22/CO[3]
                         net (fo=1, routed)           0.000    12.714    u_persp/out_z_reg[15]_i_22_n_0
    SLICE_X41Y62         CARRY4 (Prop_carry4_CI_CO[3])
                                                      0.114    12.828 r  u_persp/out_z_reg[15]_i_5/CO[3]
                         net (fo=16, routed)          0.761    13.588    u_persp/out_z_reg[15]_i_5_n_0
    SLICE_X40Y62         LUT2 (Prop_lut2_I1_O)        0.124    13.712 r  u_persp/out_z[3]_i_1/O
                         net (fo=1, routed)           0.000    13.712    u_persp/out_z[3]_i_1_n_0
    SLICE_X40Y62         FDRE                                         r  u_persp/out_z_reg[3]/D
  -------------------------------------------------------------------    -------------------

                         (clock clk rise edge)       10.000    10.000 r  <hidden>
                                                      0.000    10.000 r  clk
                         net (fo=9706, unset)         1.474    11.474    u_persp/clk
    SLICE_X40Y62         FDRE                                         r  u_persp/out_z_reg[3]/C
                         clock pessimism              0.147    11.621    <hidden>
                         clock uncertainty           -0.035    11.586    <hidden>
    SLICE_X40Y62         FDRE (Setup_fdre_C_D)        0.031    11.617    u_persp/out_z_reg[3]
  -------------------------------------------------------------------
                         required time                         11.617    <hidden>
                         arrival time                         -13.712    <hidden>
  -------------------------------------------------------------------
                         slack                                 -2.096    <hidden>

Slack (VIOLATED) :        -2.083ns  (required time - arrival time)
  Source:                 u_persp/pz2_reg[44]/C
                            (rising edge-triggered cell FDRE clocked by clk  {rise@0.000ns fall@5.000ns period=10.000ns})
  Destination:            u_persp/out_z_reg[14]/D
                            (rising edge-triggered cell FDRE clocked by clk  {rise@0.000ns fall@5.000ns period=10.000ns})
  Path Group:             clk
  Path Type:              Setup (Max at Slow Process Corner)
  Requirement:            10.000ns  (clk rise@10.000ns - clk rise@0.000ns)
  Data Path Delay:        12.017ns  (logic 6.778ns (56.403%)  route 5.239ns (43.597%))
  Logic Levels:           22  (CARRY4=15 LUT1=2 LUT2=2 LUT3=2 LUT5=1)
  Clock Path Skew:        -0.062ns (DCD - SCD + CPR)
    Destination Clock Delay (DCD):    1.475ns = ( 11.475 - 10.000 ) 
    Source Clock Delay      (SCD):    1.652ns
    Clock Pessimism Removal (CPR):    0.115ns
  Clock Uncertainty:      0.035ns  ((TSJ^2 + TIJ^2)^1/2 + DJ) / 2 + PE
    Total System Jitter     (TSJ):    0.071ns
    Total Input Jitter      (TIJ):    0.000ns
    Discrete Jitter          (DJ):    0.000ns
    Phase Error              (PE):    0.000ns

    Location             Delay type                Incr(ns)  Path(ns)    Netlist Resource(s)
  -------------------------------------------------------------------    -------------------
                         (clock clk rise edge)        0.000     0.000 r  <hidden>
                                                      0.000     0.000 r  clk
                         net (fo=9706, unset)         1.652     1.652    u_persp/clk
    SLICE_X43Y51         FDRE                                         r  u_persp/pz2_reg[44]/C
  -------------------------------------------------------------------    -------------------
    SLICE_X43Y51         FDRE (Prop_fdre_C_Q)         0.456     2.108 f  u_persp/pz2_reg[44]/Q
                         net (fo=2, routed)           0.293     2.401    u_persp/nz[20]
    SLICE_X41Y51         LUT1 (Prop_lut1_I0_O)        0.124     2.525 r  u_persp/out_z[15]_i_111/O
                         net (fo=1, routed)           0.000     2.525    u_persp/out_z[15]_i_111_n_0
    SLICE_X41Y51         CARRY4 (Prop_carry4_S[1]_CO[3])
                                                      0.550     3.075 r  u_persp/out_z_reg[15]_i_54/CO[3]
                         net (fo=1, routed)           0.000     3.075    u_persp/out_z_reg[15]_i_54_n_0
    SLICE_X41Y52         CARRY4 (Prop_carry4_CI_CO[3])
                                                      0.114     3.189 r  u_persp/out_z_reg[15]_i_102/CO[3]
                         net (fo=1, routed)           0.000     3.189    u_persp/out_z_reg[15]_i_102_n_0
    SLICE_X41Y53         CARRY4 (Prop_carry4_CI_O[1])
                                                      0.334     3.523 r  u_persp/out_z_reg[15]_i_120/O[1]
                         net (fo=16, routed)          0.807     4.330    u_persp/depth_full1[28]
    SLICE_X37Y51         LUT2 (Prop_lut2_I1_O)        0.303     4.633 r  u_persp/out_z[15]_i_236/O
                         net (fo=1, routed)           0.000     4.633    u_persp/out_z[15]_i_236_n_0
    SLICE_X37Y51         CARRY4 (Prop_carry4_S[0]_CO[3])
                                                      0.532     5.165 r  u_persp/out_z_reg[15]_i_179/CO[3]
                         net (fo=1, routed)           0.000     5.165    u_persp/out_z_reg[15]_i_179_n_0
    SLICE_X37Y52         CARRY4 (Prop_carry4_CI_O[1])
                                                      0.334     5.499 r  u_persp/out_z_reg[15]_i_183/O[1]
                         net (fo=3, routed)           0.845     6.344    u_persp/out_z_reg[15]_i_183_n_6
    SLICE_X33Y53         LUT3 (Prop_lut3_I1_O)        0.303     6.647 r  u_persp/out_z[15]_i_127/O
                         net (fo=1, routed)           0.504     7.151    u_persp/out_z[15]_i_127_n_0
    SLICE_X39Y53         CARRY4 (Prop_carry4_DI[1]_CO[3])
                                                      0.507     7.658 r  u_persp/out_z_reg[15]_i_61/CO[3]
                         net (fo=1, routed)           0.000     7.658    u_persp/out_z_reg[15]_i_61_n_0
    SLICE_X39Y54         CARRY4 (Prop_carry4_CI_CO[3])
                                                      0.114     7.772 r  u_persp/out_z_reg[15]_i_205/CO[3]
                         net (fo=1, routed)           0.000     7.772    u_persp/out_z_reg[15]_i_205_n_0
    SLICE_X39Y55         CARRY4 (Prop_carry4_CI_CO[3])
                                                      0.114     7.886 r  u_persp/out_z_reg[15]_i_154/CO[3]
                         net (fo=1, routed)           0.000     7.886    u_persp/out_z_reg[15]_i_154_n_0
    SLICE_X39Y56         CARRY4 (Prop_carry4_CI_O[1])
                                                      0.334     8.220 r  u_persp/out_z_reg[15]_i_80/O[1]
                         net (fo=4, routed)           0.641     8.861    u_persp/out_z_reg[15]_i_80_n_6
    SLICE_X38Y57         LUT3 (Prop_lut3_I2_O)        0.295     9.156 r  u_persp/out_z[15]_i_30_comp/O
                         net (fo=1, routed)           0.724     9.881    u_persp/out_z[15]_i_30_n_0_repN
    SLICE_X40Y58         LUT5 (Prop_lut5_I3_O)        0.328    10.209 r  u_persp/out_z[15]_i_34_comp/O
                         net (fo=1, routed)           0.000    10.209    u_persp/out_z[15]_i_34_n_0
    SLICE_X40Y58         CARRY4 (Prop_carry4_S[1]_CO[3])
                                                      0.550    10.759 r  u_persp/out_z_reg[15]_i_6/CO[3]
                         net (fo=1, routed)           0.000    10.759    u_persp/out_z_reg[15]_i_6_n_0
    SLICE_X40Y59         CARRY4 (Prop_carry4_CI_O[3])
                                                      0.313    11.072 f  u_persp/out_z_reg[15]_i_3/O[3]
                         net (fo=28, routed)          0.707    11.779    u_persp/O[0]
    SLICE_X41Y59         LUT1 (Prop_lut1_I0_O)        0.306    12.085 r  u_persp/out_z[15]_i_190/O
                         net (fo=1, routed)           0.000    12.085    u_persp/out_z[15]_i_190_n_0
    SLICE_X41Y59         CARRY4 (Prop_carry4_S[3]_CO[3])
                                                      0.401    12.486 r  u_persp/out_z_reg[15]_i_137/CO[3]
                         net (fo=1, routed)           0.000    12.486    u_persp/out_z_reg[15]_i_137_n_0
    SLICE_X41Y60         CARRY4 (Prop_carry4_CI_CO[3])
                                                      0.114    12.600 r  u_persp/out_z_reg[15]_i_63/CO[3]
                         net (fo=1, routed)           0.000    12.600    u_persp/out_z_reg[15]_i_63_n_0
    SLICE_X41Y61         CARRY4 (Prop_carry4_CI_CO[3])
                                                      0.114    12.714 r  u_persp/out_z_reg[15]_i_22/CO[3]
                         net (fo=1, routed)           0.000    12.714    u_persp/out_z_reg[15]_i_22_n_0
    SLICE_X41Y62         CARRY4 (Prop_carry4_CI_CO[3])
                                                      0.114    12.828 r  u_persp/out_z_reg[15]_i_5/CO[3]
                         net (fo=16, routed)          0.717    13.545    u_persp/out_z_reg[15]_i_5_n_0
    SLICE_X39Y61         LUT2 (Prop_lut2_I1_O)        0.124    13.669 r  u_persp/out_z[14]_i_1/O
                         net (fo=1, routed)           0.000    13.669    u_persp/out_z[14]_i_1_n_0
    SLICE_X39Y61         FDRE                                         r  u_persp/out_z_reg[14]/D
  -------------------------------------------------------------------    -------------------

                         (clock clk rise edge)       10.000    10.000 r  <hidden>
                                                      0.000    10.000 r  clk
                         net (fo=9706, unset)         1.475    11.475    u_persp/clk
    SLICE_X39Y61         FDRE                                         r  u_persp/out_z_reg[14]/C
                         clock pessimism              0.115    11.590    <hidden>
                         clock uncertainty           -0.035    11.555    <hidden>
    SLICE_X39Y61         FDRE (Setup_fdre_C_D)        0.031    11.586    u_persp/out_z_reg[14]
  -------------------------------------------------------------------
                         required time                         11.586    <hidden>
                         arrival time                         -13.669    <hidden>
  -------------------------------------------------------------------
                         slack                                 -2.083    <hidden>

Slack (VIOLATED) :        -2.054ns  (required time - arrival time)
  Source:                 u_persp/pz2_reg[44]/C
                            (rising edge-triggered cell FDRE clocked by clk  {rise@0.000ns fall@5.000ns period=10.000ns})
  Destination:            u_persp/out_z_reg[0]/D
                            (rising edge-triggered cell FDRE clocked by clk  {rise@0.000ns fall@5.000ns period=10.000ns})
  Path Group:             clk
  Path Type:              Setup (Max at Slow Process Corner)
  Requirement:            10.000ns  (clk rise@10.000ns - clk rise@0.000ns)
  Data Path Delay:        12.020ns  (logic 6.778ns (56.387%)  route 5.242ns (43.613%))
  Logic Levels:           22  (CARRY4=15 LUT1=2 LUT2=2 LUT3=2 LUT5=1)
  Clock Path Skew:        -0.030ns (DCD - SCD + CPR)
    Destination Clock Delay (DCD):    1.475ns = ( 11.475 - 10.000 ) 
    Source Clock Delay      (SCD):    1.652ns
    Clock Pessimism Removal (CPR):    0.147ns
  Clock Uncertainty:      0.035ns  ((TSJ^2 + TIJ^2)^1/2 + DJ) / 2 + PE
    Total System Jitter     (TSJ):    0.071ns
    Total Input Jitter      (TIJ):    0.000ns
    Discrete Jitter          (DJ):    0.000ns
    Phase Error              (PE):    0.000ns

    Location             Delay type                Incr(ns)  Path(ns)    Netlist Resource(s)
  -------------------------------------------------------------------    -------------------
                         (clock clk rise edge)        0.000     0.000 r  <hidden>
                                                      0.000     0.000 r  clk
                         net (fo=9706, unset)         1.652     1.652    u_persp/clk
    SLICE_X43Y51         FDRE                                         r  u_persp/pz2_reg[44]/C
  -------------------------------------------------------------------    -------------------
    SLICE_X43Y51         FDRE (Prop_fdre_C_Q)         0.456     2.108 f  u_persp/pz2_reg[44]/Q
                         net (fo=2, routed)           0.293     2.401    u_persp/nz[20]
    SLICE_X41Y51         LUT1 (Prop_lut1_I0_O)        0.124     2.525 r  u_persp/out_z[15]_i_111/O
                         net (fo=1, routed)           0.000     2.525    u_persp/out_z[15]_i_111_n_0
    SLICE_X41Y51         CARRY4 (Prop_carry4_S[1]_CO[3])
                                                      0.550     3.075 r  u_persp/out_z_reg[15]_i_54/CO[3]
                         net (fo=1, routed)           0.000     3.075    u_persp/out_z_reg[15]_i_54_n_0
    SLICE_X41Y52         CARRY4 (Prop_carry4_CI_CO[3])
                                                      0.114     3.189 r  u_persp/out_z_reg[15]_i_102/CO[3]
                         net (fo=1, routed)           0.000     3.189    u_persp/out_z_reg[15]_i_102_n_0
    SLICE_X41Y53         CARRY4 (Prop_carry4_CI_O[1])
                                                      0.334     3.523 r  u_persp/out_z_reg[15]_i_120/O[1]
                         net (fo=16, routed)          0.807     4.330    u_persp/depth_full1[28]
    SLICE_X37Y51         LUT2 (Prop_lut2_I1_O)        0.303     4.633 r  u_persp/out_z[15]_i_236/O
                         net (fo=1, routed)           0.000     4.633    u_persp/out_z[15]_i_236_n_0
    SLICE_X37Y51         CARRY4 (Prop_carry4_S[0]_CO[3])
                                                      0.532     5.165 r  u_persp/out_z_reg[15]_i_179/CO[3]
                         net (fo=1, routed)           0.000     5.165    u_persp/out_z_reg[15]_i_179_n_0
    SLICE_X37Y52         CARRY4 (Prop_carry4_CI_O[1])
                                                      0.334     5.499 r  u_persp/out_z_reg[15]_i_183/O[1]
                         net (fo=3, routed)           0.845     6.344    u_persp/out_z_reg[15]_i_183_n_6
    SLICE_X33Y53         LUT3 (Prop_lut3_I1_O)        0.303     6.647 r  u_persp/out_z[15]_i_127/O
                         net (fo=1, routed)           0.504     7.151    u_persp/out_z[15]_i_127_n_0
    SLICE_X39Y53         CARRY4 (Prop_carry4_DI[1]_CO[3])
                                                      0.507     7.658 r  u_persp/out_z_reg[15]_i_61/CO[3]
                         net (fo=1, routed)           0.000     7.658    u_persp/out_z_reg[15]_i_61_n_0
    SLICE_X39Y54         CARRY4 (Prop_carry4_CI_CO[3])
                                                      0.114     7.772 r  u_persp/out_z_reg[15]_i_205/CO[3]
                         net (fo=1, routed)           0.000     7.772    u_persp/out_z_reg[15]_i_205_n_0
    SLICE_X39Y55         CARRY4 (Prop_carry4_CI_CO[3])
                                                      0.114     7.886 r  u_persp/out_z_reg[15]_i_154/CO[3]
                         net (fo=1, routed)           0.000     7.886    u_persp/out_z_reg[15]_i_154_n_0
    SLICE_X39Y56         CARRY4 (Prop_carry4_CI_O[1])
                                                      0.334     8.220 r  u_persp/out_z_reg[15]_i_80/O[1]
                         net (fo=4, routed)           0.641     8.861    u_persp/out_z_reg[15]_i_80_n_6
    SLICE_X38Y57         LUT3 (Prop_lut3_I2_O)        0.295     9.156 r  u_persp/out_z[15]_i_30_comp/O
                         net (fo=1, routed)           0.724     9.881    u_persp/out_z[15]_i_30_n_0_repN
    SLICE_X40Y58         LUT5 (Prop_lut5_I3_O)        0.328    10.209 r  u_persp/out_z[15]_i_34_comp/O
                         net (fo=1, routed)           0.000    10.209    u_persp/out_z[15]_i_34_n_0
    SLICE_X40Y58         CARRY4 (Prop_carry4_S[1]_CO[3])
                                                      0.550    10.759 r  u_persp/out_z_reg[15]_i_6/CO[3]
                         net (fo=1, routed)           0.000    10.759    u_persp/out_z_reg[15]_i_6_n_0
    SLICE_X40Y59         CARRY4 (Prop_carry4_CI_O[3])
                                                      0.313    11.072 f  u_persp/out_z_reg[15]_i_3/O[3]
                         net (fo=28, routed)          0.707    11.779    u_persp/O[0]
    SLICE_X41Y59         LUT1 (Prop_lut1_I0_O)        0.306    12.085 r  u_persp/out_z[15]_i_190/O
                         net (fo=1, routed)           0.000    12.085    u_persp/out_z[15]_i_190_n_0
    SLICE_X41Y59         CARRY4 (Prop_carry4_S[3]_CO[3])
                                                      0.401    12.486 r  u_persp/out_z_reg[15]_i_137/CO[3]
                         net (fo=1, routed)           0.000    12.486    u_persp/out_z_reg[15]_i_137_n_0
    SLICE_X41Y60         CARRY4 (Prop_carry4_CI_CO[3])
                                                      0.114    12.600 r  u_persp/out_z_reg[15]_i_63/CO[3]
                         net (fo=1, routed)           0.000    12.600    u_persp/out_z_reg[15]_i_63_n_0
    SLICE_X41Y61         CARRY4 (Prop_carry4_CI_CO[3])
                                                      0.114    12.714 r  u_persp/out_z_reg[15]_i_22/CO[3]
                         net (fo=1, routed)           0.000    12.714    u_persp/out_z_reg[15]_i_22_n_0
    SLICE_X41Y62         CARRY4 (Prop_carry4_CI_CO[3])
                                                      0.114    12.828 r  u_persp/out_z_reg[15]_i_5/CO[3]
                         net (fo=16, routed)          0.721    13.548    u_persp/out_z_reg[15]_i_5_n_0
    SLICE_X40Y61         LUT2 (Prop_lut2_I1_O)        0.124    13.672 r  u_persp/out_z[0]_i_1/O
                         net (fo=1, routed)           0.000    13.672    u_persp/out_z[0]_i_1_n_0
    SLICE_X40Y61         FDRE                                         r  u_persp/out_z_reg[0]/D
  -------------------------------------------------------------------    -------------------

                         (clock clk rise edge)       10.000    10.000 r  <hidden>
                                                      0.000    10.000 r  clk
                         net (fo=9706, unset)         1.475    11.475    u_persp/clk
    SLICE_X40Y61         FDRE                                         r  u_persp/out_z_reg[0]/C
                         clock pessimism              0.147    11.622    <hidden>
                         clock uncertainty           -0.035    11.587    <hidden>
    SLICE_X40Y61         FDRE (Setup_fdre_C_D)        0.032    11.619    u_persp/out_z_reg[0]
  -------------------------------------------------------------------
                         required time                         11.619    <hidden>
                         arrival time                         -13.672    <hidden>
  -------------------------------------------------------------------
                         slack                                 -2.054    <hidden>

Slack (VIOLATED) :        -2.052ns  (required time - arrival time)
  Source:                 u_persp/pz2_reg[44]/C
                            (rising edge-triggered cell FDRE clocked by clk  {rise@0.000ns fall@5.000ns period=10.000ns})
  Destination:            u_persp/out_z_reg[9]/D
                            (rising edge-triggered cell FDRE clocked by clk  {rise@0.000ns fall@5.000ns period=10.000ns})
  Path Group:             clk
  Path Type:              Setup (Max at Slow Process Corner)
  Requirement:            10.000ns  (clk rise@10.000ns - clk rise@0.000ns)
  Data Path Delay:        12.017ns  (logic 6.778ns (56.402%)  route 5.239ns (43.598%))
  Logic Levels:           22  (CARRY4=15 LUT1=2 LUT2=2 LUT3=2 LUT5=1)
  Clock Path Skew:        -0.030ns (DCD - SCD + CPR)
    Destination Clock Delay (DCD):    1.475ns = ( 11.475 - 10.000 ) 
    Source Clock Delay      (SCD):    1.652ns
    Clock Pessimism Removal (CPR):    0.147ns
  Clock Uncertainty:      0.035ns  ((TSJ^2 + TIJ^2)^1/2 + DJ) / 2 + PE
    Total System Jitter     (TSJ):    0.071ns
    Total Input Jitter      (TIJ):    0.000ns
    Discrete Jitter          (DJ):    0.000ns
    Phase Error              (PE):    0.000ns

    Location             Delay type                Incr(ns)  Path(ns)    Netlist Resource(s)
  -------------------------------------------------------------------    -------------------
                         (clock clk rise edge)        0.000     0.000 r  <hidden>
                                                      0.000     0.000 r  clk
                         net (fo=9706, unset)         1.652     1.652    u_persp/clk
    SLICE_X43Y51         FDRE                                         r  u_persp/pz2_reg[44]/C
  -------------------------------------------------------------------    -------------------
    SLICE_X43Y51         FDRE (Prop_fdre_C_Q)         0.456     2.108 f  u_persp/pz2_reg[44]/Q
                         net (fo=2, routed)           0.293     2.401    u_persp/nz[20]
    SLICE_X41Y51         LUT1 (Prop_lut1_I0_O)        0.124     2.525 r  u_persp/out_z[15]_i_111/O
                         net (fo=1, routed)           0.000     2.525    u_persp/out_z[15]_i_111_n_0
    SLICE_X41Y51         CARRY4 (Prop_carry4_S[1]_CO[3])
                                                      0.550     3.075 r  u_persp/out_z_reg[15]_i_54/CO[3]
                         net (fo=1, routed)           0.000     3.075    u_persp/out_z_reg[15]_i_54_n_0
    SLICE_X41Y52         CARRY4 (Prop_carry4_CI_CO[3])
                                                      0.114     3.189 r  u_persp/out_z_reg[15]_i_102/CO[3]
                         net (fo=1, routed)           0.000     3.189    u_persp/out_z_reg[15]_i_102_n_0
    SLICE_X41Y53         CARRY4 (Prop_carry4_CI_O[1])
                                                      0.334     3.523 r  u_persp/out_z_reg[15]_i_120/O[1]
                         net (fo=16, routed)          0.807     4.330    u_persp/depth_full1[28]
    SLICE_X37Y51         LUT2 (Prop_lut2_I1_O)        0.303     4.633 r  u_persp/out_z[15]_i_236/O
                         net (fo=1, routed)           0.000     4.633    u_persp/out_z[15]_i_236_n_0
    SLICE_X37Y51         CARRY4 (Prop_carry4_S[0]_CO[3])
                                                      0.532     5.165 r  u_persp/out_z_reg[15]_i_179/CO[3]
                         net (fo=1, routed)           0.000     5.165    u_persp/out_z_reg[15]_i_179_n_0
    SLICE_X37Y52         CARRY4 (Prop_carry4_CI_O[1])
                                                      0.334     5.499 r  u_persp/out_z_reg[15]_i_183/O[1]
                         net (fo=3, routed)           0.845     6.344    u_persp/out_z_reg[15]_i_183_n_6
    SLICE_X33Y53         LUT3 (Prop_lut3_I1_O)        0.303     6.647 r  u_persp/out_z[15]_i_127/O
                         net (fo=1, routed)           0.504     7.151    u_persp/out_z[15]_i_127_n_0
    SLICE_X39Y53         CARRY4 (Prop_carry4_DI[1]_CO[3])
                                                      0.507     7.658 r  u_persp/out_z_reg[15]_i_61/CO[3]
                         net (fo=1, routed)           0.000     7.658    u_persp/out_z_reg[15]_i_61_n_0
    SLICE_X39Y54         CARRY4 (Prop_carry4_CI_CO[3])
                                                      0.114     7.772 r  u_persp/out_z_reg[15]_i_205/CO[3]
                         net (fo=1, routed)           0.000     7.772    u_persp/out_z_reg[15]_i_205_n_0
    SLICE_X39Y55         CARRY4 (Prop_carry4_CI_CO[3])
                                                      0.114     7.886 r  u_persp/out_z_reg[15]_i_154/CO[3]
                         net (fo=1, routed)           0.000     7.886    u_persp/out_z_reg[15]_i_154_n_0
    SLICE_X39Y56         CARRY4 (Prop_carry4_CI_O[1])
                                                      0.334     8.220 r  u_persp/out_z_reg[15]_i_80/O[1]
                         net (fo=4, routed)           0.641     8.861    u_persp/out_z_reg[15]_i_80_n_6
    SLICE_X38Y57         LUT3 (Prop_lut3_I2_O)        0.295     9.156 r  u_persp/out_z[15]_i_30_comp/O
                         net (fo=1, routed)           0.724     9.881    u_persp/out_z[15]_i_30_n_0_repN
    SLICE_X40Y58         LUT5 (Prop_lut5_I3_O)        0.328    10.209 r  u_persp/out_z[15]_i_34_comp/O
                         net (fo=1, routed)           0.000    10.209    u_persp/out_z[15]_i_34_n_0
    SLICE_X40Y58         CARRY4 (Prop_carry4_S[1]_CO[3])
                                                      0.550    10.759 r  u_persp/out_z_reg[15]_i_6/CO[3]
                         net (fo=1, routed)           0.000    10.759    u_persp/out_z_reg[15]_i_6_n_0
    SLICE_X40Y59         CARRY4 (Prop_carry4_CI_O[3])
                                                      0.313    11.072 f  u_persp/out_z_reg[15]_i_3/O[3]
                         net (fo=28, routed)          0.707    11.779    u_persp/O[0]
    SLICE_X41Y59         LUT1 (Prop_lut1_I0_O)        0.306    12.085 r  u_persp/out_z[15]_i_190/O
                         net (fo=1, routed)           0.000    12.085    u_persp/out_z[15]_i_190_n_0
    SLICE_X41Y59         CARRY4 (Prop_carry4_S[3]_CO[3])
                                                      0.401    12.486 r  u_persp/out_z_reg[15]_i_137/CO[3]
                         net (fo=1, routed)           0.000    12.486    u_persp/out_z_reg[15]_i_137_n_0
    SLICE_X41Y60         CARRY4 (Prop_carry4_CI_CO[3])
                                                      0.114    12.600 r  u_persp/out_z_reg[15]_i_63/CO[3]
                         net (fo=1, routed)           0.000    12.600    u_persp/out_z_reg[15]_i_63_n_0
    SLICE_X41Y61         CARRY4 (Prop_carry4_CI_CO[3])
                                                      0.114    12.714 r  u_persp/out_z_reg[15]_i_22/CO[3]
                         net (fo=1, routed)           0.000    12.714    u_persp/out_z_reg[15]_i_22_n_0
    SLICE_X41Y62         CARRY4 (Prop_carry4_CI_CO[3])
                                                      0.114    12.828 r  u_persp/out_z_reg[15]_i_5/CO[3]
                         net (fo=16, routed)          0.718    13.545    u_persp/out_z_reg[15]_i_5_n_0
    SLICE_X40Y61         LUT2 (Prop_lut2_I1_O)        0.124    13.669 r  u_persp/out_z[9]_i_1/O
                         net (fo=1, routed)           0.000    13.669    u_persp/out_z[9]_i_1_n_0
    SLICE_X40Y61         FDRE                                         r  u_persp/out_z_reg[9]/D
  -------------------------------------------------------------------    -------------------

                         (clock clk rise edge)       10.000    10.000 r  <hidden>
                                                      0.000    10.000 r  clk
                         net (fo=9706, unset)         1.475    11.475    u_persp/clk
    SLICE_X40Y61         FDRE                                         r  u_persp/out_z_reg[9]/C
                         clock pessimism              0.147    11.622    <hidden>
                         clock uncertainty           -0.035    11.587    <hidden>
    SLICE_X40Y61         FDRE (Setup_fdre_C_D)        0.031    11.618    u_persp/out_z_reg[9]
  -------------------------------------------------------------------
                         required time                         11.618    <hidden>
                         arrival time                         -13.669    <hidden>
  -------------------------------------------------------------------
                         slack                                 -2.052    <hidden>

Slack (VIOLATED) :        -2.041ns  (required time - arrival time)
  Source:                 u_persp/pz2_reg[44]/C
                            (rising edge-triggered cell FDRE clocked by clk  {rise@0.000ns fall@5.000ns period=10.000ns})
  Destination:            u_persp/out_z_reg[15]/D
                            (rising edge-triggered cell FDRE clocked by clk  {rise@0.000ns fall@5.000ns period=10.000ns})
  Path Group:             clk
  Path Type:              Setup (Max at Slow Process Corner)
  Requirement:            10.000ns  (clk rise@10.000ns - clk rise@0.000ns)
  Data Path Delay:        12.006ns  (logic 6.778ns (56.457%)  route 5.228ns (43.543%))
  Logic Levels:           22  (CARRY4=15 LUT1=2 LUT2=2 LUT3=2 LUT5=1)
  Clock Path Skew:        -0.029ns (DCD - SCD + CPR)
    Destination Clock Delay (DCD):    1.476ns = ( 11.476 - 10.000 ) 
    Source Clock Delay      (SCD):    1.652ns
    Clock Pessimism Removal (CPR):    0.147ns
  Clock Uncertainty:      0.035ns  ((TSJ^2 + TIJ^2)^1/2 + DJ) / 2 + PE
    Total System Jitter     (TSJ):    0.071ns
    Total Input Jitter      (TIJ):    0.000ns
    Discrete Jitter          (DJ):    0.000ns
    Phase Error              (PE):    0.000ns

    Location             Delay type                Incr(ns)  Path(ns)    Netlist Resource(s)
  -------------------------------------------------------------------    -------------------
                         (clock clk rise edge)        0.000     0.000 r  <hidden>
                                                      0.000     0.000 r  clk
                         net (fo=9706, unset)         1.652     1.652    u_persp/clk
    SLICE_X43Y51         FDRE                                         r  u_persp/pz2_reg[44]/C
  -------------------------------------------------------------------    -------------------
    SLICE_X43Y51         FDRE (Prop_fdre_C_Q)         0.456     2.108 f  u_persp/pz2_reg[44]/Q
                         net (fo=2, routed)           0.293     2.401    u_persp/nz[20]
    SLICE_X41Y51         LUT1 (Prop_lut1_I0_O)        0.124     2.525 r  u_persp/out_z[15]_i_111/O
                         net (fo=1, routed)           0.000     2.525    u_persp/out_z[15]_i_111_n_0
    SLICE_X41Y51         CARRY4 (Prop_carry4_S[1]_CO[3])
                                                      0.550     3.075 r  u_persp/out_z_reg[15]_i_54/CO[3]
                         net (fo=1, routed)           0.000     3.075    u_persp/out_z_reg[15]_i_54_n_0
    SLICE_X41Y52         CARRY4 (Prop_carry4_CI_CO[3])
                                                      0.114     3.189 r  u_persp/out_z_reg[15]_i_102/CO[3]
                         net (fo=1, routed)           0.000     3.189    u_persp/out_z_reg[15]_i_102_n_0
    SLICE_X41Y53         CARRY4 (Prop_carry4_CI_O[1])
                                                      0.334     3.523 r  u_persp/out_z_reg[15]_i_120/O[1]
                         net (fo=16, routed)          0.807     4.330    u_persp/depth_full1[28]
    SLICE_X37Y51         LUT2 (Prop_lut2_I1_O)        0.303     4.633 r  u_persp/out_z[15]_i_236/O
                         net (fo=1, routed)           0.000     4.633    u_persp/out_z[15]_i_236_n_0
    SLICE_X37Y51         CARRY4 (Prop_carry4_S[0]_CO[3])
                                                      0.532     5.165 r  u_persp/out_z_reg[15]_i_179/CO[3]
                         net (fo=1, routed)           0.000     5.165    u_persp/out_z_reg[15]_i_179_n_0
    SLICE_X37Y52         CARRY4 (Prop_carry4_CI_O[1])
                                                      0.334     5.499 r  u_persp/out_z_reg[15]_i_183/O[1]
                         net (fo=3, routed)           0.845     6.344    u_persp/out_z_reg[15]_i_183_n_6
    SLICE_X33Y53         LUT3 (Prop_lut3_I1_O)        0.303     6.647 r  u_persp/out_z[15]_i_127/O
                         net (fo=1, routed)           0.504     7.151    u_persp/out_z[15]_i_127_n_0
    SLICE_X39Y53         CARRY4 (Prop_carry4_DI[1]_CO[3])
                                                      0.507     7.658 r  u_persp/out_z_reg[15]_i_61/CO[3]
                         net (fo=1, routed)           0.000     7.658    u_persp/out_z_reg[15]_i_61_n_0
    SLICE_X39Y54         CARRY4 (Prop_carry4_CI_CO[3])
                                                      0.114     7.772 r  u_persp/out_z_reg[15]_i_205/CO[3]
                         net (fo=1, routed)           0.000     7.772    u_persp/out_z_reg[15]_i_205_n_0
    SLICE_X39Y55         CARRY4 (Prop_carry4_CI_CO[3])
                                                      0.114     7.886 r  u_persp/out_z_reg[15]_i_154/CO[3]
                         net (fo=1, routed)           0.000     7.886    u_persp/out_z_reg[15]_i_154_n_0
    SLICE_X39Y56         CARRY4 (Prop_carry4_CI_O[1])
                                                      0.334     8.220 r  u_persp/out_z_reg[15]_i_80/O[1]
                         net (fo=4, routed)           0.641     8.861    u_persp/out_z_reg[15]_i_80_n_6
    SLICE_X38Y57         LUT3 (Prop_lut3_I2_O)        0.295     9.156 r  u_persp/out_z[15]_i_30_comp/O
                         net (fo=1, routed)           0.724     9.881    u_persp/out_z[15]_i_30_n_0_repN
    SLICE_X40Y58         LUT5 (Prop_lut5_I3_O)        0.328    10.209 r  u_persp/out_z[15]_i_34_comp/O
                         net (fo=1, routed)           0.000    10.209    u_persp/out_z[15]_i_34_n_0
    SLICE_X40Y58         CARRY4 (Prop_carry4_S[1]_CO[3])
                                                      0.550    10.759 r  u_persp/out_z_reg[15]_i_6/CO[3]
                         net (fo=1, routed)           0.000    10.759    u_persp/out_z_reg[15]_i_6_n_0
    SLICE_X40Y59         CARRY4 (Prop_carry4_CI_O[3])
                                                      0.313    11.072 f  u_persp/out_z_reg[15]_i_3/O[3]
                         net (fo=28, routed)          0.707    11.779    u_persp/O[0]
    SLICE_X41Y59         LUT1 (Prop_lut1_I0_O)        0.306    12.085 r  u_persp/out_z[15]_i_190/O
                         net (fo=1, routed)           0.000    12.085    u_persp/out_z[15]_i_190_n_0
    SLICE_X41Y59         CARRY4 (Prop_carry4_S[3]_CO[3])
                                                      0.401    12.486 r  u_persp/out_z_reg[15]_i_137/CO[3]
                         net (fo=1, routed)           0.000    12.486    u_persp/out_z_reg[15]_i_137_n_0
    SLICE_X41Y60         CARRY4 (Prop_carry4_CI_CO[3])
                                                      0.114    12.600 r  u_persp/out_z_reg[15]_i_63/CO[3]
                         net (fo=1, routed)           0.000    12.600    u_persp/out_z_reg[15]_i_63_n_0
    SLICE_X41Y61         CARRY4 (Prop_carry4_CI_CO[3])
                                                      0.114    12.714 r  u_persp/out_z_reg[15]_i_22/CO[3]
                         net (fo=1, routed)           0.000    12.714    u_persp/out_z_reg[15]_i_22_n_0
    SLICE_X41Y62         CARRY4 (Prop_carry4_CI_CO[3])
                                                      0.114    12.828 r  u_persp/out_z_reg[15]_i_5/CO[3]
                         net (fo=16, routed)          0.706    13.534    u_persp/out_z_reg[15]_i_5_n_0
    SLICE_X40Y60         LUT2 (Prop_lut2_I1_O)        0.124    13.658 r  u_persp/out_z[15]_i_2/O
                         net (fo=1, routed)           0.000    13.658    u_persp/out_z[15]_i_2_n_0
    SLICE_X40Y60         FDRE                                         r  u_persp/out_z_reg[15]/D
  -------------------------------------------------------------------    -------------------

                         (clock clk rise edge)       10.000    10.000 r  <hidden>
                                                      0.000    10.000 r  clk
                         net (fo=9706, unset)         1.476    11.476    u_persp/clk
    SLICE_X40Y60         FDRE                                         r  u_persp/out_z_reg[15]/C
                         clock pessimism              0.147    11.623    <hidden>
                         clock uncertainty           -0.035    11.588    <hidden>
    SLICE_X40Y60         FDRE (Setup_fdre_C_D)        0.029    11.617    u_persp/out_z_reg[15]
  -------------------------------------------------------------------
                         required time                         11.617    <hidden>
                         arrival time                         -13.658    <hidden>
  -------------------------------------------------------------------
                         slack                                 -2.041    <hidden>

Slack (VIOLATED) :        -1.378ns  (required time - arrival time)
  Source:                 u_persp/pz2_reg[44]/C
                            (rising edge-triggered cell FDRE clocked by clk  {rise@0.000ns fall@5.000ns period=10.000ns})
  Destination:            u_persp/out_z_reg[12]/R
                            (rising edge-triggered cell FDRE clocked by clk  {rise@0.000ns fall@5.000ns period=10.000ns})
  Path Group:             clk
  Path Type:              Setup (Max at Slow Process Corner)
  Requirement:            10.000ns  (clk rise@10.000ns - clk rise@0.000ns)
  Data Path Delay:        10.787ns  (logic 5.911ns (54.796%)  route 4.876ns (45.204%))
  Logic Levels:           17  (CARRY4=11 LUT1=1 LUT2=2 LUT3=2 LUT5=1)
  Clock Path Skew:        -0.031ns (DCD - SCD + CPR)
    Destination Clock Delay (DCD):    1.474ns = ( 11.474 - 10.000 ) 
    Source Clock Delay      (SCD):    1.652ns
    Clock Pessimism Removal (CPR):    0.147ns
  Clock Uncertainty:      0.035ns  ((TSJ^2 + TIJ^2)^1/2 + DJ) / 2 + PE
    Total System Jitter     (TSJ):    0.071ns
    Total Input Jitter      (TIJ):    0.000ns
    Discrete Jitter          (DJ):    0.000ns
    Phase Error              (PE):    0.000ns

    Location             Delay type                Incr(ns)  Path(ns)    Netlist Resource(s)
  -------------------------------------------------------------------    -------------------
                         (clock clk rise edge)        0.000     0.000 r  <hidden>
                                                      0.000     0.000 r  clk
                         net (fo=9706, unset)         1.652     1.652    u_persp/clk
    SLICE_X43Y51         FDRE                                         r  u_persp/pz2_reg[44]/C
  -------------------------------------------------------------------    -------------------
    SLICE_X43Y51         FDRE (Prop_fdre_C_Q)         0.456     2.108 f  u_persp/pz2_reg[44]/Q
                         net (fo=2, routed)           0.293     2.401    u_persp/nz[20]
    SLICE_X41Y51         LUT1 (Prop_lut1_I0_O)        0.124     2.525 r  u_persp/out_z[15]_i_111/O
                         net (fo=1, routed)           0.000     2.525    u_persp/out_z[15]_i_111_n_0
    SLICE_X41Y51         CARRY4 (Prop_carry4_S[1]_CO[3])
                                                      0.550     3.075 r  u_persp/out_z_reg[15]_i_54/CO[3]
                         net (fo=1, routed)           0.000     3.075    u_persp/out_z_reg[15]_i_54_n_0
    SLICE_X41Y52         CARRY4 (Prop_carry4_CI_CO[3])
                                                      0.114     3.189 r  u_persp/out_z_reg[15]_i_102/CO[3]
                         net (fo=1, routed)           0.000     3.189    u_persp/out_z_reg[15]_i_102_n_0
    SLICE_X41Y53         CARRY4 (Prop_carry4_CI_O[1])
                                                      0.334     3.523 r  u_persp/out_z_reg[15]_i_120/O[1]
                         net (fo=16, routed)          0.807     4.330    u_persp/depth_full1[28]
    SLICE_X37Y51         LUT2 (Prop_lut2_I1_O)        0.303     4.633 r  u_persp/out_z[15]_i_236/O
                         net (fo=1, routed)           0.000     4.633    u_persp/out_z[15]_i_236_n_0
    SLICE_X37Y51         CARRY4 (Prop_carry4_S[0]_CO[3])
                                                      0.532     5.165 r  u_persp/out_z_reg[15]_i_179/CO[3]
                         net (fo=1, routed)           0.000     5.165    u_persp/out_z_reg[15]_i_179_n_0
    SLICE_X37Y52         CARRY4 (Prop_carry4_CI_O[1])
                                                      0.334     5.499 r  u_persp/out_z_reg[15]_i_183/O[1]
                         net (fo=3, routed)           0.845     6.344    u_persp/out_z_reg[15]_i_183_n_6
    SLICE_X33Y53         LUT3 (Prop_lut3_I1_O)        0.303     6.647 r  u_persp/out_z[15]_i_127/O
                         net (fo=1, routed)           0.504     7.151    u_persp/out_z[15]_i_127_n_0
    SLICE_X39Y53         CARRY4 (Prop_carry4_DI[1]_CO[3])
                                                      0.507     7.658 r  u_persp/out_z_reg[15]_i_61/CO[3]
                         net (fo=1, routed)           0.000     7.658    u_persp/out_z_reg[15]_i_61_n_0
    SLICE_X39Y54         CARRY4 (Prop_carry4_CI_CO[3])
                                                      0.114     7.772 r  u_persp/out_z_reg[15]_i_205/CO[3]
                         net (fo=1, routed)           0.000     7.772    u_persp/out_z_reg[15]_i_205_n_0
    SLICE_X39Y55         CARRY4 (Prop_carry4_CI_CO[3])
                                                      0.114     7.886 r  u_persp/out_z_reg[15]_i_154/CO[3]
                         net (fo=1, routed)           0.000     7.886    u_persp/out_z_reg[15]_i_154_n_0
    SLICE_X39Y56         CARRY4 (Prop_carry4_CI_O[1])
                                                      0.334     8.220 r  u_persp/out_z_reg[15]_i_80/O[1]
                         net (fo=4, routed)           0.641     8.861    u_persp/out_z_reg[15]_i_80_n_6
    SLICE_X38Y57         LUT3 (Prop_lut3_I2_O)        0.295     9.156 r  u_persp/out_z[15]_i_30_comp/O
                         net (fo=1, routed)           0.724     9.881    u_persp/out_z[15]_i_30_n_0_repN
    SLICE_X40Y58         LUT5 (Prop_lut5_I3_O)        0.328    10.209 r  u_persp/out_z[15]_i_34_comp/O
                         net (fo=1, routed)           0.000    10.209    u_persp/out_z[15]_i_34_n_0
    SLICE_X40Y58         CARRY4 (Prop_carry4_S[1]_CO[3])
                                                      0.550    10.759 r  u_persp/out_z_reg[15]_i_6/CO[3]
                         net (fo=1, routed)           0.000    10.759    u_persp/out_z_reg[15]_i_6_n_0
    SLICE_X40Y59         CARRY4 (Prop_carry4_CI_O[3])
                                                      0.313    11.072 r  u_persp/out_z_reg[15]_i_3/O[3]
                         net (fo=28, routed)          0.416    11.487    u_setup/O[0]
    SLICE_X40Y60         LUT2 (Prop_lut2_I1_O)        0.306    11.793 r  u_setup/out_z[15]_i_1/O
                         net (fo=16, routed)          0.646    12.439    u_persp/SR[0]
    SLICE_X42Y62         FDRE                                         r  u_persp/out_z_reg[12]/R
  -------------------------------------------------------------------    -------------------

                         (clock clk rise edge)       10.000    10.000 r  <hidden>
                                                      0.000    10.000 r  clk
                         net (fo=9706, unset)         1.474    11.474    u_persp/clk
    SLICE_X42Y62         FDRE                                         r  u_persp/out_z_reg[12]/C
                         clock pessimism              0.147    11.621    <hidden>
                         clock uncertainty           -0.035    11.586    <hidden>
    SLICE_X42Y62         FDRE (Setup_fdre_C_R)       -0.524    11.062    u_persp/out_z_reg[12]
  -------------------------------------------------------------------
                         required time                         11.062    <hidden>
                         arrival time                         -12.439    <hidden>
  -------------------------------------------------------------------
                         slack                                 -1.378    <hidden>

Slack (VIOLATED) :        -1.378ns  (required time - arrival time)
  Source:                 u_persp/pz2_reg[44]/C
                            (rising edge-triggered cell FDRE clocked by clk  {rise@0.000ns fall@5.000ns period=10.000ns})
  Destination:            u_persp/out_z_reg[5]/R
                            (rising edge-triggered cell FDRE clocked by clk  {rise@0.000ns fall@5.000ns period=10.000ns})
  Path Group:             clk
  Path Type:              Setup (Max at Slow Process Corner)
  Requirement:            10.000ns  (clk rise@10.000ns - clk rise@0.000ns)
  Data Path Delay:        10.787ns  (logic 5.911ns (54.796%)  route 4.876ns (45.204%))
  Logic Levels:           17  (CARRY4=11 LUT1=1 LUT2=2 LUT3=2 LUT5=1)
  Clock Path Skew:        -0.031ns (DCD - SCD + CPR)
    Destination Clock Delay (DCD):    1.474ns = ( 11.474 - 10.000 ) 
    Source Clock Delay      (SCD):    1.652ns
    Clock Pessimism Removal (CPR):    0.147ns
  Clock Uncertainty:      0.035ns  ((TSJ^2 + TIJ^2)^1/2 + DJ) / 2 + PE
    Total System Jitter     (TSJ):    0.071ns
    Total Input Jitter      (TIJ):    0.000ns
    Discrete Jitter          (DJ):    0.000ns
    Phase Error              (PE):    0.000ns

    Location             Delay type                Incr(ns)  Path(ns)    Netlist Resource(s)
  -------------------------------------------------------------------    -------------------
                         (clock clk rise edge)        0.000     0.000 r  <hidden>
                                                      0.000     0.000 r  clk
                         net (fo=9706, unset)         1.652     1.652    u_persp/clk
    SLICE_X43Y51         FDRE                                         r  u_persp/pz2_reg[44]/C
  -------------------------------------------------------------------    -------------------
    SLICE_X43Y51         FDRE (Prop_fdre_C_Q)         0.456     2.108 f  u_persp/pz2_reg[44]/Q
                         net (fo=2, routed)           0.293     2.401    u_persp/nz[20]
    SLICE_X41Y51         LUT1 (Prop_lut1_I0_O)        0.124     2.525 r  u_persp/out_z[15]_i_111/O
                         net (fo=1, routed)           0.000     2.525    u_persp/out_z[15]_i_111_n_0
    SLICE_X41Y51         CARRY4 (Prop_carry4_S[1]_CO[3])
                                                      0.550     3.075 r  u_persp/out_z_reg[15]_i_54/CO[3]
                         net (fo=1, routed)           0.000     3.075    u_persp/out_z_reg[15]_i_54_n_0
    SLICE_X41Y52         CARRY4 (Prop_carry4_CI_CO[3])
                                                      0.114     3.189 r  u_persp/out_z_reg[15]_i_102/CO[3]
                         net (fo=1, routed)           0.000     3.189    u_persp/out_z_reg[15]_i_102_n_0
    SLICE_X41Y53         CARRY4 (Prop_carry4_CI_O[1])
                                                      0.334     3.523 r  u_persp/out_z_reg[15]_i_120/O[1]
                         net (fo=16, routed)          0.807     4.330    u_persp/depth_full1[28]
    SLICE_X37Y51         LUT2 (Prop_lut2_I1_O)        0.303     4.633 r  u_persp/out_z[15]_i_236/O
                         net (fo=1, routed)           0.000     4.633    u_persp/out_z[15]_i_236_n_0
    SLICE_X37Y51         CARRY4 (Prop_carry4_S[0]_CO[3])
                                                      0.532     5.165 r  u_persp/out_z_reg[15]_i_179/CO[3]
                         net (fo=1, routed)           0.000     5.165    u_persp/out_z_reg[15]_i_179_n_0
    SLICE_X37Y52         CARRY4 (Prop_carry4_CI_O[1])
                                                      0.334     5.499 r  u_persp/out_z_reg[15]_i_183/O[1]
                         net (fo=3, routed)           0.845     6.344    u_persp/out_z_reg[15]_i_183_n_6
    SLICE_X33Y53         LUT3 (Prop_lut3_I1_O)        0.303     6.647 r  u_persp/out_z[15]_i_127/O
                         net (fo=1, routed)           0.504     7.151    u_persp/out_z[15]_i_127_n_0
    SLICE_X39Y53         CARRY4 (Prop_carry4_DI[1]_CO[3])
                                                      0.507     7.658 r  u_persp/out_z_reg[15]_i_61/CO[3]
                         net (fo=1, routed)           0.000     7.658    u_persp/out_z_reg[15]_i_61_n_0
    SLICE_X39Y54         CARRY4 (Prop_carry4_CI_CO[3])
                                                      0.114     7.772 r  u_persp/out_z_reg[15]_i_205/CO[3]
                         net (fo=1, routed)           0.000     7.772    u_persp/out_z_reg[15]_i_205_n_0
    SLICE_X39Y55         CARRY4 (Prop_carry4_CI_CO[3])
                                                      0.114     7.886 r  u_persp/out_z_reg[15]_i_154/CO[3]
                         net (fo=1, routed)           0.000     7.886    u_persp/out_z_reg[15]_i_154_n_0
    SLICE_X39Y56         CARRY4 (Prop_carry4_CI_O[1])
                                                      0.334     8.220 r  u_persp/out_z_reg[15]_i_80/O[1]
                         net (fo=4, routed)           0.641     8.861    u_persp/out_z_reg[15]_i_80_n_6
    SLICE_X38Y57         LUT3 (Prop_lut3_I2_O)        0.295     9.156 r  u_persp/out_z[15]_i_30_comp/O
                         net (fo=1, routed)           0.724     9.881    u_persp/out_z[15]_i_30_n_0_repN
    SLICE_X40Y58         LUT5 (Prop_lut5_I3_O)        0.328    10.209 r  u_persp/out_z[15]_i_34_comp/O
                         net (fo=1, routed)           0.000    10.209    u_persp/out_z[15]_i_34_n_0
    SLICE_X40Y58         CARRY4 (Prop_carry4_S[1]_CO[3])
                                                      0.550    10.759 r  u_persp/out_z_reg[15]_i_6/CO[3]
                         net (fo=1, routed)           0.000    10.759    u_persp/out_z_reg[15]_i_6_n_0
    SLICE_X40Y59         CARRY4 (Prop_carry4_CI_O[3])
                                                      0.313    11.072 r  u_persp/out_z_reg[15]_i_3/O[3]
                         net (fo=28, routed)          0.416    11.487    u_setup/O[0]
    SLICE_X40Y60         LUT2 (Prop_lut2_I1_O)        0.306    11.793 r  u_setup/out_z[15]_i_1/O
                         net (fo=16, routed)          0.646    12.439    u_persp/SR[0]
    SLICE_X42Y62         FDRE                                         r  u_persp/out_z_reg[5]/R
  -------------------------------------------------------------------    -------------------

                         (clock clk rise edge)       10.000    10.000 r  <hidden>
                                                      0.000    10.000 r  clk
                         net (fo=9706, unset)         1.474    11.474    u_persp/clk
    SLICE_X42Y62         FDRE                                         r  u_persp/out_z_reg[5]/C
                         clock pessimism              0.147    11.621    <hidden>
                         clock uncertainty           -0.035    11.586    <hidden>
    SLICE_X42Y62         FDRE (Setup_fdre_C_R)       -0.524    11.062    u_persp/out_z_reg[5]
  -------------------------------------------------------------------
                         required time                         11.062    <hidden>
                         arrival time                         -12.439    <hidden>
  -------------------------------------------------------------------
                         slack                                 -1.378    <hidden>

Slack (VIOLATED) :        -1.378ns  (required time - arrival time)
  Source:                 u_persp/pz2_reg[44]/C
                            (rising edge-triggered cell FDRE clocked by clk  {rise@0.000ns fall@5.000ns period=10.000ns})
  Destination:            u_persp/out_z_reg[6]/R
                            (rising edge-triggered cell FDRE clocked by clk  {rise@0.000ns fall@5.000ns period=10.000ns})
  Path Group:             clk
  Path Type:              Setup (Max at Slow Process Corner)
  Requirement:            10.000ns  (clk rise@10.000ns - clk rise@0.000ns)
  Data Path Delay:        10.787ns  (logic 5.911ns (54.796%)  route 4.876ns (45.204%))
  Logic Levels:           17  (CARRY4=11 LUT1=1 LUT2=2 LUT3=2 LUT5=1)
  Clock Path Skew:        -0.031ns (DCD - SCD + CPR)
    Destination Clock Delay (DCD):    1.474ns = ( 11.474 - 10.000 ) 
    Source Clock Delay      (SCD):    1.652ns
    Clock Pessimism Removal (CPR):    0.147ns
  Clock Uncertainty:      0.035ns  ((TSJ^2 + TIJ^2)^1/2 + DJ) / 2 + PE
    Total System Jitter     (TSJ):    0.071ns
    Total Input Jitter      (TIJ):    0.000ns
    Discrete Jitter          (DJ):    0.000ns
    Phase Error              (PE):    0.000ns

    Location             Delay type                Incr(ns)  Path(ns)    Netlist Resource(s)
  -------------------------------------------------------------------    -------------------
                         (clock clk rise edge)        0.000     0.000 r  <hidden>
                                                      0.000     0.000 r  clk
                         net (fo=9706, unset)         1.652     1.652    u_persp/clk
    SLICE_X43Y51         FDRE                                         r  u_persp/pz2_reg[44]/C
  -------------------------------------------------------------------    -------------------
    SLICE_X43Y51         FDRE (Prop_fdre_C_Q)         0.456     2.108 f  u_persp/pz2_reg[44]/Q
                         net (fo=2, routed)           0.293     2.401    u_persp/nz[20]
    SLICE_X41Y51         LUT1 (Prop_lut1_I0_O)        0.124     2.525 r  u_persp/out_z[15]_i_111/O
                         net (fo=1, routed)           0.000     2.525    u_persp/out_z[15]_i_111_n_0
    SLICE_X41Y51         CARRY4 (Prop_carry4_S[1]_CO[3])
                                                      0.550     3.075 r  u_persp/out_z_reg[15]_i_54/CO[3]
                         net (fo=1, routed)           0.000     3.075    u_persp/out_z_reg[15]_i_54_n_0
    SLICE_X41Y52         CARRY4 (Prop_carry4_CI_CO[3])
                                                      0.114     3.189 r  u_persp/out_z_reg[15]_i_102/CO[3]
                         net (fo=1, routed)           0.000     3.189    u_persp/out_z_reg[15]_i_102_n_0
    SLICE_X41Y53         CARRY4 (Prop_carry4_CI_O[1])
                                                      0.334     3.523 r  u_persp/out_z_reg[15]_i_120/O[1]
                         net (fo=16, routed)          0.807     4.330    u_persp/depth_full1[28]
    SLICE_X37Y51         LUT2 (Prop_lut2_I1_O)        0.303     4.633 r  u_persp/out_z[15]_i_236/O
                         net (fo=1, routed)           0.000     4.633    u_persp/out_z[15]_i_236_n_0
    SLICE_X37Y51         CARRY4 (Prop_carry4_S[0]_CO[3])
                                                      0.532     5.165 r  u_persp/out_z_reg[15]_i_179/CO[3]
                         net (fo=1, routed)           0.000     5.165    u_persp/out_z_reg[15]_i_179_n_0
    SLICE_X37Y52         CARRY4 (Prop_carry4_CI_O[1])
                                                      0.334     5.499 r  u_persp/out_z_reg[15]_i_183/O[1]
                         net (fo=3, routed)           0.845     6.344    u_persp/out_z_reg[15]_i_183_n_6
    SLICE_X33Y53         LUT3 (Prop_lut3_I1_O)        0.303     6.647 r  u_persp/out_z[15]_i_127/O
                         net (fo=1, routed)           0.504     7.151    u_persp/out_z[15]_i_127_n_0
    SLICE_X39Y53         CARRY4 (Prop_carry4_DI[1]_CO[3])
                                                      0.507     7.658 r  u_persp/out_z_reg[15]_i_61/CO[3]
                         net (fo=1, routed)           0.000     7.658    u_persp/out_z_reg[15]_i_61_n_0
    SLICE_X39Y54         CARRY4 (Prop_carry4_CI_CO[3])
                                                      0.114     7.772 r  u_persp/out_z_reg[15]_i_205/CO[3]
                         net (fo=1, routed)           0.000     7.772    u_persp/out_z_reg[15]_i_205_n_0
    SLICE_X39Y55         CARRY4 (Prop_carry4_CI_CO[3])
                                                      0.114     7.886 r  u_persp/out_z_reg[15]_i_154/CO[3]
                         net (fo=1, routed)           0.000     7.886    u_persp/out_z_reg[15]_i_154_n_0
    SLICE_X39Y56         CARRY4 (Prop_carry4_CI_O[1])
                                                      0.334     8.220 r  u_persp/out_z_reg[15]_i_80/O[1]
                         net (fo=4, routed)           0.641     8.861    u_persp/out_z_reg[15]_i_80_n_6
    SLICE_X38Y57         LUT3 (Prop_lut3_I2_O)        0.295     9.156 r  u_persp/out_z[15]_i_30_comp/O
                         net (fo=1, routed)           0.724     9.881    u_persp/out_z[15]_i_30_n_0_repN
    SLICE_X40Y58         LUT5 (Prop_lut5_I3_O)        0.328    10.209 r  u_persp/out_z[15]_i_34_comp/O
                         net (fo=1, routed)           0.000    10.209    u_persp/out_z[15]_i_34_n_0
    SLICE_X40Y58         CARRY4 (Prop_carry4_S[1]_CO[3])
                                                      0.550    10.759 r  u_persp/out_z_reg[15]_i_6/CO[3]
                         net (fo=1, routed)           0.000    10.759    u_persp/out_z_reg[15]_i_6_n_0
    SLICE_X40Y59         CARRY4 (Prop_carry4_CI_O[3])
                                                      0.313    11.072 r  u_persp/out_z_reg[15]_i_3/O[3]
                         net (fo=28, routed)          0.416    11.487    u_setup/O[0]
    SLICE_X40Y60         LUT2 (Prop_lut2_I1_O)        0.306    11.793 r  u_setup/out_z[15]_i_1/O
                         net (fo=16, routed)          0.646    12.439    u_persp/SR[0]
    SLICE_X42Y62         FDRE                                         r  u_persp/out_z_reg[6]/R
  -------------------------------------------------------------------    -------------------

                         (clock clk rise edge)       10.000    10.000 r  <hidden>
                                                      0.000    10.000 r  clk
                         net (fo=9706, unset)         1.474    11.474    u_persp/clk
    SLICE_X42Y62         FDRE                                         r  u_persp/out_z_reg[6]/C
                         clock pessimism              0.147    11.621    <hidden>
                         clock uncertainty           -0.035    11.586    <hidden>
    SLICE_X42Y62         FDRE (Setup_fdre_C_R)       -0.524    11.062    u_persp/out_z_reg[6]
  -------------------------------------------------------------------
                         required time                         11.062    <hidden>
                         arrival time                         -12.439    <hidden>
  -------------------------------------------------------------------
                         slack                                 -1.378    <hidden>

Slack (VIOLATED) :        -1.378ns  (required time - arrival time)
  Source:                 u_persp/pz2_reg[44]/C
                            (rising edge-triggered cell FDRE clocked by clk  {rise@0.000ns fall@5.000ns period=10.000ns})
  Destination:            u_persp/out_z_reg[7]/R
                            (rising edge-triggered cell FDRE clocked by clk  {rise@0.000ns fall@5.000ns period=10.000ns})
  Path Group:             clk
  Path Type:              Setup (Max at Slow Process Corner)
  Requirement:            10.000ns  (clk rise@10.000ns - clk rise@0.000ns)
  Data Path Delay:        10.787ns  (logic 5.911ns (54.796%)  route 4.876ns (45.204%))
  Logic Levels:           17  (CARRY4=11 LUT1=1 LUT2=2 LUT3=2 LUT5=1)
  Clock Path Skew:        -0.031ns (DCD - SCD + CPR)
    Destination Clock Delay (DCD):    1.474ns = ( 11.474 - 10.000 ) 
    Source Clock Delay      (SCD):    1.652ns
    Clock Pessimism Removal (CPR):    0.147ns
  Clock Uncertainty:      0.035ns  ((TSJ^2 + TIJ^2)^1/2 + DJ) / 2 + PE
    Total System Jitter     (TSJ):    0.071ns
    Total Input Jitter      (TIJ):    0.000ns
    Discrete Jitter          (DJ):    0.000ns
    Phase Error              (PE):    0.000ns

    Location             Delay type                Incr(ns)  Path(ns)    Netlist Resource(s)
  -------------------------------------------------------------------    -------------------
                         (clock clk rise edge)        0.000     0.000 r  <hidden>
                                                      0.000     0.000 r  clk
                         net (fo=9706, unset)         1.652     1.652    u_persp/clk
    SLICE_X43Y51         FDRE                                         r  u_persp/pz2_reg[44]/C
  -------------------------------------------------------------------    -------------------
    SLICE_X43Y51         FDRE (Prop_fdre_C_Q)         0.456     2.108 f  u_persp/pz2_reg[44]/Q
                         net (fo=2, routed)           0.293     2.401    u_persp/nz[20]
    SLICE_X41Y51         LUT1 (Prop_lut1_I0_O)        0.124     2.525 r  u_persp/out_z[15]_i_111/O
                         net (fo=1, routed)           0.000     2.525    u_persp/out_z[15]_i_111_n_0
    SLICE_X41Y51         CARRY4 (Prop_carry4_S[1]_CO[3])
                                                      0.550     3.075 r  u_persp/out_z_reg[15]_i_54/CO[3]
                         net (fo=1, routed)           0.000     3.075    u_persp/out_z_reg[15]_i_54_n_0
    SLICE_X41Y52         CARRY4 (Prop_carry4_CI_CO[3])
                                                      0.114     3.189 r  u_persp/out_z_reg[15]_i_102/CO[3]
                         net (fo=1, routed)           0.000     3.189    u_persp/out_z_reg[15]_i_102_n_0
    SLICE_X41Y53         CARRY4 (Prop_carry4_CI_O[1])
                                                      0.334     3.523 r  u_persp/out_z_reg[15]_i_120/O[1]
                         net (fo=16, routed)          0.807     4.330    u_persp/depth_full1[28]
    SLICE_X37Y51         LUT2 (Prop_lut2_I1_O)        0.303     4.633 r  u_persp/out_z[15]_i_236/O
                         net (fo=1, routed)           0.000     4.633    u_persp/out_z[15]_i_236_n_0
    SLICE_X37Y51         CARRY4 (Prop_carry4_S[0]_CO[3])
                                                      0.532     5.165 r  u_persp/out_z_reg[15]_i_179/CO[3]
                         net (fo=1, routed)           0.000     5.165    u_persp/out_z_reg[15]_i_179_n_0
    SLICE_X37Y52         CARRY4 (Prop_carry4_CI_O[1])
                                                      0.334     5.499 r  u_persp/out_z_reg[15]_i_183/O[1]
                         net (fo=3, routed)           0.845     6.344    u_persp/out_z_reg[15]_i_183_n_6
    SLICE_X33Y53         LUT3 (Prop_lut3_I1_O)        0.303     6.647 r  u_persp/out_z[15]_i_127/O
                         net (fo=1, routed)           0.504     7.151    u_persp/out_z[15]_i_127_n_0
    SLICE_X39Y53         CARRY4 (Prop_carry4_DI[1]_CO[3])
                                                      0.507     7.658 r  u_persp/out_z_reg[15]_i_61/CO[3]
                         net (fo=1, routed)           0.000     7.658    u_persp/out_z_reg[15]_i_61_n_0
    SLICE_X39Y54         CARRY4 (Prop_carry4_CI_CO[3])
                                                      0.114     7.772 r  u_persp/out_z_reg[15]_i_205/CO[3]
                         net (fo=1, routed)           0.000     7.772    u_persp/out_z_reg[15]_i_205_n_0
    SLICE_X39Y55         CARRY4 (Prop_carry4_CI_CO[3])
                                                      0.114     7.886 r  u_persp/out_z_reg[15]_i_154/CO[3]
                         net (fo=1, routed)           0.000     7.886    u_persp/out_z_reg[15]_i_154_n_0
    SLICE_X39Y56         CARRY4 (Prop_carry4_CI_O[1])
                                                      0.334     8.220 r  u_persp/out_z_reg[15]_i_80/O[1]
                         net (fo=4, routed)           0.641     8.861    u_persp/out_z_reg[15]_i_80_n_6
    SLICE_X38Y57         LUT3 (Prop_lut3_I2_O)        0.295     9.156 r  u_persp/out_z[15]_i_30_comp/O
                         net (fo=1, routed)           0.724     9.881    u_persp/out_z[15]_i_30_n_0_repN
    SLICE_X40Y58         LUT5 (Prop_lut5_I3_O)        0.328    10.209 r  u_persp/out_z[15]_i_34_comp/O
                         net (fo=1, routed)           0.000    10.209    u_persp/out_z[15]_i_34_n_0
    SLICE_X40Y58         CARRY4 (Prop_carry4_S[1]_CO[3])
                                                      0.550    10.759 r  u_persp/out_z_reg[15]_i_6/CO[3]
                         net (fo=1, routed)           0.000    10.759    u_persp/out_z_reg[15]_i_6_n_0
    SLICE_X40Y59         CARRY4 (Prop_carry4_CI_O[3])
                                                      0.313    11.072 r  u_persp/out_z_reg[15]_i_3/O[3]
                         net (fo=28, routed)          0.416    11.487    u_setup/O[0]
    SLICE_X40Y60         LUT2 (Prop_lut2_I1_O)        0.306    11.793 r  u_setup/out_z[15]_i_1/O
                         net (fo=16, routed)          0.646    12.439    u_persp/SR[0]
    SLICE_X42Y62         FDRE                                         r  u_persp/out_z_reg[7]/R
  -------------------------------------------------------------------    -------------------

                         (clock clk rise edge)       10.000    10.000 r  <hidden>
                                                      0.000    10.000 r  clk
                         net (fo=9706, unset)         1.474    11.474    u_persp/clk
    SLICE_X42Y62         FDRE                                         r  u_persp/out_z_reg[7]/C
                         clock pessimism              0.147    11.621    <hidden>
                         clock uncertainty           -0.035    11.586    <hidden>
    SLICE_X42Y62         FDRE (Setup_fdre_C_R)       -0.524    11.062    u_persp/out_z_reg[7]
  -------------------------------------------------------------------
                         required time                         11.062    <hidden>
                         arrival time                         -12.439    <hidden>
  -------------------------------------------------------------------
                         slack                                 -1.378    <hidden>





Min Delay Paths
--------------------------------------------------------------------------------------
Slack (MET) :             0.010ns  (arrival time - required time)
  Source:                 u_setup/amax_reg[0][0]/C
                            (rising edge-triggered cell FDRE clocked by clk  {rise@0.000ns fall@5.000ns period=10.000ns})
  Destination:            u_setup/out_amax_reg[0][0]/D
                            (rising edge-triggered cell FDRE clocked by clk  {rise@0.000ns fall@5.000ns period=10.000ns})
  Path Group:             clk
  Path Type:              Hold (Min at Fast Process Corner)
  Requirement:            0.000ns  (clk rise@0.000ns - clk rise@0.000ns)
  Data Path Delay:        0.337ns  (logic 0.141ns (41.826%)  route 0.196ns (58.174%))
  Logic Levels:           0  
  Clock Path Skew:        0.257ns (DCD - SCD - CPR)
    Destination Clock Delay (DCD):    0.820ns
    Source Clock Delay      (SCD):    0.558ns
    Clock Pessimism Removal (CPR):    0.005ns

    Location             Delay type                Incr(ns)  Path(ns)    Netlist Resource(s)
  -------------------------------------------------------------------    -------------------
                         (clock clk rise edge)        0.000     0.000 r  <hidden>
                                                      0.000     0.000 r  clk
                         net (fo=9706, unset)         0.558     0.558    u_setup/clk
    SLICE_X49Y39         FDRE                                         r  u_setup/amax_reg[0][0]/C
  -------------------------------------------------------------------    -------------------
    SLICE_X49Y39         FDRE (Prop_fdre_C_Q)         0.141     0.699 r  u_setup/amax_reg[0][0]/Q
                         net (fo=1, routed)           0.196     0.895    u_setup/amax_reg[0]_61[0]
    SLICE_X53Y37         FDRE                                         r  u_setup/out_amax_reg[0][0]/D
  -------------------------------------------------------------------    -------------------

                         (clock clk rise edge)        0.000     0.000 r  <hidden>
                                                      0.000     0.000 r  clk
                         net (fo=9706, unset)         0.820     0.820    u_setup/clk
    SLICE_X53Y37         FDRE                                         r  u_setup/out_amax_reg[0][0]/C
                         clock pessimism             -0.005     0.815    <hidden>
    SLICE_X53Y37         FDRE (Hold_fdre_C_D)         0.070     0.885    u_setup/out_amax_reg[0][0]
  -------------------------------------------------------------------
                         required time                         -0.885    <hidden>
                         arrival time                           0.895    <hidden>
  -------------------------------------------------------------------
                         slack                                  0.010    <hidden>

Slack (MET) :             0.014ns  (arrival time - required time)
  Source:                 u_geom/acc_reg[2][3]/C
                            (rising edge-triggered cell FDRE clocked by clk  {rise@0.000ns fall@5.000ns period=10.000ns})
  Destination:            u_geom/out_z_reg[3]/D
                            (rising edge-triggered cell FDRE clocked by clk  {rise@0.000ns fall@5.000ns period=10.000ns})
  Path Group:             clk
  Path Type:              Hold (Min at Fast Process Corner)
  Requirement:            0.000ns  (clk rise@0.000ns - clk rise@0.000ns)
  Data Path Delay:        0.345ns  (logic 0.164ns (47.586%)  route 0.181ns (52.414%))
  Logic Levels:           0  
  Clock Path Skew:        0.274ns (DCD - SCD - CPR)
    Destination Clock Delay (DCD):    0.853ns
    Source Clock Delay      (SCD):    0.579ns
    Clock Pessimism Removal (CPR):    -0.000ns

    Location             Delay type                Incr(ns)  Path(ns)    Netlist Resource(s)
  -------------------------------------------------------------------    -------------------
                         (clock clk rise edge)        0.000     0.000 r  <hidden>
                                                      0.000     0.000 r  clk
                         net (fo=9706, unset)         0.579     0.579    u_geom/clk
    SLICE_X66Y50         FDRE                                         r  u_geom/acc_reg[2][3]/C
  -------------------------------------------------------------------    -------------------
    SLICE_X66Y50         FDRE (Prop_fdre_C_Q)         0.164     0.743 r  u_geom/acc_reg[2][3]/Q
                         net (fo=1, routed)           0.181     0.924    u_geom/acc_reg[2]_6[3]
    SLICE_X65Y49         FDRE                                         r  u_geom/out_z_reg[3]/D
  -------------------------------------------------------------------    -------------------

                         (clock clk rise edge)        0.000     0.000 r  <hidden>
                                                      0.000     0.000 r  clk
                         net (fo=9706, unset)         0.853     0.853    u_geom/clk
    SLICE_X65Y49         FDRE                                         r  u_geom/out_z_reg[3]/C
                         clock pessimism              0.000     0.853    <hidden>
    SLICE_X65Y49         FDRE (Hold_fdre_C_D)         0.057     0.910    u_geom/out_z_reg[3]
  -------------------------------------------------------------------
                         required time                         -0.910    <hidden>
                         arrival time                           0.924    <hidden>
  -------------------------------------------------------------------
                         slack                                  0.014    <hidden>

Slack (MET) :             0.014ns  (arrival time - required time)
  Source:                 u_setup/amin_reg[0][0]/C
                            (rising edge-triggered cell FDRE clocked by clk  {rise@0.000ns fall@5.000ns period=10.000ns})
  Destination:            u_setup/out_amin_reg[0][0]/D
                            (rising edge-triggered cell FDRE clocked by clk  {rise@0.000ns fall@5.000ns period=10.000ns})
  Path Group:             clk
  Path Type:              Hold (Min at Fast Process Corner)
  Requirement:            0.000ns  (clk rise@0.000ns - clk rise@0.000ns)
  Data Path Delay:        0.337ns  (logic 0.141ns (41.818%)  route 0.196ns (58.182%))
  Logic Levels:           0  
  Clock Path Skew:        0.257ns (DCD - SCD - CPR)
    Destination Clock Delay (DCD):    0.820ns
    Source Clock Delay      (SCD):    0.558ns
    Clock Pessimism Removal (CPR):    0.005ns

    Location             Delay type                Incr(ns)  Path(ns)    Netlist Resource(s)
  -------------------------------------------------------------------    -------------------
                         (clock clk rise edge)        0.000     0.000 r  <hidden>
                                                      0.000     0.000 r  clk
                         net (fo=9706, unset)         0.558     0.558    u_setup/clk
    SLICE_X49Y39         FDRE                                         r  u_setup/amin_reg[0][0]/C
  -------------------------------------------------------------------    -------------------
    SLICE_X49Y39         FDRE (Prop_fdre_C_Q)         0.141     0.699 r  u_setup/amin_reg[0][0]/Q
                         net (fo=1, routed)           0.196     0.895    u_setup/amin_reg[0]_57[0]
    SLICE_X52Y37         FDRE                                         r  u_setup/out_amin_reg[0][0]/D
  -------------------------------------------------------------------    -------------------

                         (clock clk rise edge)        0.000     0.000 r  <hidden>
                                                      0.000     0.000 r  clk
                         net (fo=9706, unset)         0.820     0.820    u_setup/clk
    SLICE_X52Y37         FDRE                                         r  u_setup/out_amin_reg[0][0]/C
                         clock pessimism             -0.005     0.815    <hidden>
    SLICE_X52Y37         FDRE (Hold_fdre_C_D)         0.066     0.881    u_setup/out_amin_reg[0][0]
  -------------------------------------------------------------------
                         required time                         -0.881    <hidden>
                         arrival time                           0.895    <hidden>
  -------------------------------------------------------------------
                         slack                                  0.014    <hidden>

Slack (MET) :             0.014ns  (arrival time - required time)
  Source:                 u_regs/w_data_reg[6]/C
                            (rising edge-triggered cell FDCE clocked by clk  {rise@0.000ns fall@5.000ns period=10.000ns})
  Destination:            u_regs/vbuf_base_reg[6]/D
                            (rising edge-triggered cell FDCE clocked by clk  {rise@0.000ns fall@5.000ns period=10.000ns})
  Path Group:             clk
  Path Type:              Hold (Min at Fast Process Corner)
  Requirement:            0.000ns  (clk rise@0.000ns - clk rise@0.000ns)
  Data Path Delay:        0.368ns  (logic 0.186ns (50.500%)  route 0.182ns (49.500%))
  Logic Levels:           1  (LUT3=1)
  Clock Path Skew:        0.263ns (DCD - SCD - CPR)
    Destination Clock Delay (DCD):    0.852ns
    Source Clock Delay      (SCD):    0.589ns
    Clock Pessimism Removal (CPR):    -0.000ns

    Location             Delay type                Incr(ns)  Path(ns)    Netlist Resource(s)
  -------------------------------------------------------------------    -------------------
                         (clock clk rise edge)        0.000     0.000 r  <hidden>
                                                      0.000     0.000 r  clk
                         net (fo=9706, unset)         0.589     0.589    u_regs/clk
    SLICE_X84Y49         FDCE                                         r  u_regs/w_data_reg[6]/C
  -------------------------------------------------------------------    -------------------
    SLICE_X84Y49         FDCE (Prop_fdce_C_Q)         0.141     0.730 r  u_regs/w_data_reg[6]/Q
                         net (fo=4, routed)           0.182     0.912    u_regs/w_data_reg_n_0_[6]
    SLICE_X85Y50         LUT3 (Prop_lut3_I0_O)        0.045     0.957 r  u_regs/vbuf_base[6]_i_1/O
                         net (fo=1, routed)           0.000     0.957    u_regs/vbuf_base[6]_i_1_n_0
    SLICE_X85Y50         FDCE                                         r  u_regs/vbuf_base_reg[6]/D
  -------------------------------------------------------------------    -------------------

                         (clock clk rise edge)        0.000     0.000 r  <hidden>
                                                      0.000     0.000 r  clk
                         net (fo=9706, unset)         0.852     0.852    u_regs/clk
    SLICE_X85Y50         FDCE                                         r  u_regs/vbuf_base_reg[6]/C
                         clock pessimism              0.000     0.852    <hidden>
    SLICE_X85Y50         FDCE (Hold_fdce_C_D)         0.091     0.943    u_regs/vbuf_base_reg[6]
  -------------------------------------------------------------------
                         required time                         -0.943    <hidden>
                         arrival time                           0.957    <hidden>
  -------------------------------------------------------------------
                         slack                                  0.014    <hidden>

Slack (MET) :             0.019ns  (arrival time - required time)
  Source:                 u_setup/amin_reg[0][8]/C
                            (rising edge-triggered cell FDRE clocked by clk  {rise@0.000ns fall@5.000ns period=10.000ns})
  Destination:            u_setup/out_amin_reg[0][8]/D
                            (rising edge-triggered cell FDRE clocked by clk  {rise@0.000ns fall@5.000ns period=10.000ns})
  Path Group:             clk
  Path Type:              Hold (Min at Fast Process Corner)
  Requirement:            0.000ns  (clk rise@0.000ns - clk rise@0.000ns)
  Data Path Delay:        0.353ns  (logic 0.141ns (39.935%)  route 0.212ns (60.065%))
  Logic Levels:           0  
  Clock Path Skew:        0.258ns (DCD - SCD - CPR)
    Destination Clock Delay (DCD):    0.823ns
    Source Clock Delay      (SCD):    0.560ns
    Clock Pessimism Removal (CPR):    0.005ns

    Location             Delay type                Incr(ns)  Path(ns)    Netlist Resource(s)
  -------------------------------------------------------------------    -------------------
                         (clock clk rise edge)        0.000     0.000 r  <hidden>
                                                      0.000     0.000 r  clk
                         net (fo=9706, unset)         0.560     0.560    u_setup/clk
    SLICE_X47Y41         FDRE                                         r  u_setup/amin_reg[0][8]/C
  -------------------------------------------------------------------    -------------------
    SLICE_X47Y41         FDRE (Prop_fdre_C_Q)         0.141     0.701 r  u_setup/amin_reg[0][8]/Q
                         net (fo=1, routed)           0.212     0.913    u_setup/amin_reg[0]_57[8]
    SLICE_X51Y39         FDRE                                         r  u_setup/out_amin_reg[0][8]/D
  -------------------------------------------------------------------    -------------------

                         (clock clk rise edge)        0.000     0.000 r  <hidden>
                                                      0.000     0.000 r  clk
                         net (fo=9706, unset)         0.823     0.823    u_setup/clk
    SLICE_X51Y39         FDRE                                         r  u_setup/out_amin_reg[0][8]/C
                         clock pessimism             -0.005     0.818    <hidden>
    SLICE_X51Y39         FDRE (Hold_fdre_C_D)         0.076     0.894    u_setup/out_amin_reg[0][8]
  -------------------------------------------------------------------
                         required time                         -0.894    <hidden>
                         arrival time                           0.913    <hidden>
  -------------------------------------------------------------------
                         slack                                  0.019    <hidden>

Slack (MET) :             0.033ns  (arrival time - required time)
  Source:                 u_fetch/asm_words_reg[95]/C
                            (rising edge-triggered cell FDRE clocked by clk  {rise@0.000ns fall@5.000ns period=10.000ns})
  Destination:            u_fetch/fifo_mem_reg_1/DIADI[23]
                            (rising edge-triggered cell RAMB36E1 clocked by clk  {rise@0.000ns fall@5.000ns period=10.000ns})
  Path Group:             clk
  Path Type:              Hold (Min at Fast Process Corner)
  Requirement:            0.000ns  (clk rise@0.000ns - clk rise@0.000ns)
  Data Path Delay:        0.248ns  (logic 0.141ns (56.898%)  route 0.107ns (43.102%))
  Logic Levels:           0  
  Clock Path Skew:        0.059ns (DCD - SCD - CPR)
    Destination Clock Delay (DCD):    0.887ns
    Source Clock Delay      (SCD):    0.575ns
    Clock Pessimism Removal (CPR):    0.253ns

    Location             Delay type                Incr(ns)  Path(ns)    Netlist Resource(s)
  -------------------------------------------------------------------    -------------------
                         (clock clk rise edge)        0.000     0.000 r  <hidden>
                                                      0.000     0.000 r  clk
                         net (fo=9706, unset)         0.575     0.575    u_fetch/clk
    SLICE_X55Y53         FDRE                                         r  u_fetch/asm_words_reg[95]/C
  -------------------------------------------------------------------    -------------------
    SLICE_X55Y53         FDRE (Prop_fdre_C_Q)         0.141     0.716 r  u_fetch/asm_words_reg[95]/Q
                         net (fo=1, routed)           0.107     0.823    u_fetch/asm_words_reg_n_0_[95]
    RAMB36_X3Y10         RAMB36E1                                     r  u_fetch/fifo_mem_reg_1/DIADI[23]
  -------------------------------------------------------------------    -------------------

                         (clock clk rise edge)        0.000     0.000 r  <hidden>
                                                      0.000     0.000 r  clk
                         net (fo=9706, unset)         0.887     0.887    u_fetch/clk
    RAMB36_X3Y10         RAMB36E1                                     r  u_fetch/fifo_mem_reg_1/CLKBWRCLK
                         clock pessimism             -0.253     0.634    <hidden>
    RAMB36_X3Y10         RAMB36E1 (Hold_ramb36e1_CLKBWRCLK_DIADI[23])
                                                      0.155     0.789    u_fetch/fifo_mem_reg_1
  -------------------------------------------------------------------
                         required time                         -0.789    <hidden>
                         arrival time                           0.823    <hidden>
  -------------------------------------------------------------------
                         slack                                  0.033    <hidden>

Slack (MET) :             0.035ns  (arrival time - required time)
  Source:                 u_fetch/asm_words_reg[43]/C
                            (rising edge-triggered cell FDRE clocked by clk  {rise@0.000ns fall@5.000ns period=10.000ns})
  Destination:            u_fetch/fifo_mem_reg_0/DIBDI[11]
                            (rising edge-triggered cell RAMB36E1 clocked by clk  {rise@0.000ns fall@5.000ns period=10.000ns})
  Path Group:             clk
  Path Type:              Hold (Min at Fast Process Corner)
  Requirement:            0.000ns  (clk rise@0.000ns - clk rise@0.000ns)
  Data Path Delay:        0.248ns  (logic 0.141ns (56.898%)  route 0.107ns (43.102%))
  Logic Levels:           0  
  Clock Path Skew:        0.057ns (DCD - SCD - CPR)
    Destination Clock Delay (DCD):    0.922ns
    Source Clock Delay      (SCD):    0.612ns
    Clock Pessimism Removal (CPR):    0.253ns

    Location             Delay type                Incr(ns)  Path(ns)    Netlist Resource(s)
  -------------------------------------------------------------------    -------------------
                         (clock clk rise edge)        0.000     0.000 r  <hidden>
                                                      0.000     0.000 r  clk
                         net (fo=9706, unset)         0.612     0.612    u_fetch/clk
    SLICE_X91Y49         FDRE                                         r  u_fetch/asm_words_reg[43]/C
  -------------------------------------------------------------------    -------------------
    SLICE_X91Y49         FDRE (Prop_fdre_C_Q)         0.141     0.753 r  u_fetch/asm_words_reg[43]/Q
                         net (fo=1, routed)           0.107     0.860    u_fetch/asm_words_reg_n_0_[43]
    RAMB36_X4Y9          RAMB36E1                                     r  u_fetch/fifo_mem_reg_0/DIBDI[11]
  -------------------------------------------------------------------    -------------------

                         (clock clk rise edge)        0.000     0.000 r  <hidden>
                                                      0.000     0.000 r  clk
                         net (fo=9706, unset)         0.922     0.922    u_fetch/clk
    RAMB36_X4Y9          RAMB36E1                                     r  u_fetch/fifo_mem_reg_0/CLKBWRCLK
                         clock pessimism             -0.253     0.669    <hidden>
    RAMB36_X4Y9          RAMB36E1 (Hold_ramb36e1_CLKBWRCLK_DIBDI[11])
                                                      0.155     0.824    u_fetch/fifo_mem_reg_0
  -------------------------------------------------------------------
                         required time                         -0.824    <hidden>
                         arrival time                           0.860    <hidden>
  -------------------------------------------------------------------
                         slack                                  0.035    <hidden>

Slack (MET) :             0.036ns  (arrival time - required time)
  Source:                 u_setup/amin_reg[0][1]/C
                            (rising edge-triggered cell FDRE clocked by clk  {rise@0.000ns fall@5.000ns period=10.000ns})
  Destination:            u_setup/out_amin_reg[0][1]/D
                            (rising edge-triggered cell FDRE clocked by clk  {rise@0.000ns fall@5.000ns period=10.000ns})
  Path Group:             clk
  Path Type:              Hold (Min at Fast Process Corner)
  Requirement:            0.000ns  (clk rise@0.000ns - clk rise@0.000ns)
  Data Path Delay:        0.365ns  (logic 0.141ns (38.649%)  route 0.224ns (61.351%))
  Logic Levels:           0  
  Clock Path Skew:        0.257ns (DCD - SCD - CPR)
    Destination Clock Delay (DCD):    0.820ns
    Source Clock Delay      (SCD):    0.558ns
    Clock Pessimism Removal (CPR):    0.005ns

    Location             Delay type                Incr(ns)  Path(ns)    Netlist Resource(s)
  -------------------------------------------------------------------    -------------------
                         (clock clk rise edge)        0.000     0.000 r  <hidden>
                                                      0.000     0.000 r  clk
                         net (fo=9706, unset)         0.558     0.558    u_setup/clk
    SLICE_X48Y38         FDRE                                         r  u_setup/amin_reg[0][1]/C
  -------------------------------------------------------------------    -------------------
    SLICE_X48Y38         FDRE (Prop_fdre_C_Q)         0.141     0.699 r  u_setup/amin_reg[0][1]/Q
                         net (fo=1, routed)           0.224     0.923    u_setup/amin_reg[0]_57[1]
    SLICE_X52Y37         FDRE                                         r  u_setup/out_amin_reg[0][1]/D
  -------------------------------------------------------------------    -------------------

                         (clock clk rise edge)        0.000     0.000 r  <hidden>
                                                      0.000     0.000 r  clk
                         net (fo=9706, unset)         0.820     0.820    u_setup/clk
    SLICE_X52Y37         FDRE                                         r  u_setup/out_amin_reg[0][1]/C
                         clock pessimism             -0.005     0.815    <hidden>
    SLICE_X52Y37         FDRE (Hold_fdre_C_D)         0.072     0.887    u_setup/out_amin_reg[0][1]
  -------------------------------------------------------------------
                         required time                         -0.887    <hidden>
                         arrival time                           0.923    <hidden>
  -------------------------------------------------------------------
                         slack                                  0.036    <hidden>

Slack (MET) :             0.036ns  (arrival time - required time)
  Source:                 u_fetch/asm_words_reg[19]/C
                            (rising edge-triggered cell FDRE clocked by clk  {rise@0.000ns fall@5.000ns period=10.000ns})
  Destination:            u_fetch/fifo_mem_reg_0/DIADI[19]
                            (rising edge-triggered cell RAMB36E1 clocked by clk  {rise@0.000ns fall@5.000ns period=10.000ns})
  Path Group:             clk
  Path Type:              Hold (Min at Fast Process Corner)
  Requirement:            0.000ns  (clk rise@0.000ns - clk rise@0.000ns)
  Data Path Delay:        0.249ns  (logic 0.141ns (56.669%)  route 0.108ns (43.331%))
  Logic Levels:           0  
  Clock Path Skew:        0.057ns (DCD - SCD - CPR)
    Destination Clock Delay (DCD):    0.922ns
    Source Clock Delay      (SCD):    0.612ns
    Clock Pessimism Removal (CPR):    0.253ns

    Location             Delay type                Incr(ns)  Path(ns)    Netlist Resource(s)
  -------------------------------------------------------------------    -------------------
                         (clock clk rise edge)        0.000     0.000 r  <hidden>
                                                      0.000     0.000 r  clk
                         net (fo=9706, unset)         0.612     0.612    u_fetch/clk
    SLICE_X91Y48         FDRE                                         r  u_fetch/asm_words_reg[19]/C
  -------------------------------------------------------------------    -------------------
    SLICE_X91Y48         FDRE (Prop_fdre_C_Q)         0.141     0.753 r  u_fetch/asm_words_reg[19]/Q
                         net (fo=1, routed)           0.108     0.861    u_fetch/asm_words_reg_n_0_[19]
    RAMB36_X4Y9          RAMB36E1                                     r  u_fetch/fifo_mem_reg_0/DIADI[19]
  -------------------------------------------------------------------    -------------------

                         (clock clk rise edge)        0.000     0.000 r  <hidden>
                                                      0.000     0.000 r  clk
                         net (fo=9706, unset)         0.922     0.922    u_fetch/clk
    RAMB36_X4Y9          RAMB36E1                                     r  u_fetch/fifo_mem_reg_0/CLKBWRCLK
                         clock pessimism             -0.253     0.669    <hidden>
    RAMB36_X4Y9          RAMB36E1 (Hold_ramb36e1_CLKBWRCLK_DIADI[19])
                                                      0.155     0.824    u_fetch/fifo_mem_reg_0
  -------------------------------------------------------------------
                         required time                         -0.824    <hidden>
                         arrival time                           0.861    <hidden>
  -------------------------------------------------------------------
                         slack                                  0.036    <hidden>

Slack (MET) :             0.036ns  (arrival time - required time)
  Source:                 u_fetch/asm_words_reg[21]/C
                            (rising edge-triggered cell FDRE clocked by clk  {rise@0.000ns fall@5.000ns period=10.000ns})
  Destination:            u_fetch/fifo_mem_reg_0/DIADI[21]
                            (rising edge-triggered cell RAMB36E1 clocked by clk  {rise@0.000ns fall@5.000ns period=10.000ns})
  Path Group:             clk
  Path Type:              Hold (Min at Fast Process Corner)
  Requirement:            0.000ns  (clk rise@0.000ns - clk rise@0.000ns)
  Data Path Delay:        0.249ns  (logic 0.141ns (56.669%)  route 0.108ns (43.331%))
  Logic Levels:           0  
  Clock Path Skew:        0.057ns (DCD - SCD - CPR)
    Destination Clock Delay (DCD):    0.922ns
    Source Clock Delay      (SCD):    0.612ns
    Clock Pessimism Removal (CPR):    0.253ns

    Location             Delay type                Incr(ns)  Path(ns)    Netlist Resource(s)
  -------------------------------------------------------------------    -------------------
                         (clock clk rise edge)        0.000     0.000 r  <hidden>
                                                      0.000     0.000 r  clk
                         net (fo=9706, unset)         0.612     0.612    u_fetch/clk
    SLICE_X91Y48         FDRE                                         r  u_fetch/asm_words_reg[21]/C
  -------------------------------------------------------------------    -------------------
    SLICE_X91Y48         FDRE (Prop_fdre_C_Q)         0.141     0.753 r  u_fetch/asm_words_reg[21]/Q
                         net (fo=1, routed)           0.108     0.861    u_fetch/asm_words_reg_n_0_[21]
    RAMB36_X4Y9          RAMB36E1                                     r  u_fetch/fifo_mem_reg_0/DIADI[21]
  -------------------------------------------------------------------    -------------------

                         (clock clk rise edge)        0.000     0.000 r  <hidden>
                                                      0.000     0.000 r  clk
                         net (fo=9706, unset)         0.922     0.922    u_fetch/clk
    RAMB36_X4Y9          RAMB36E1                                     r  u_fetch/fifo_mem_reg_0/CLKBWRCLK
                         clock pessimism             -0.253     0.669    <hidden>
    RAMB36_X4Y9          RAMB36E1 (Hold_ramb36e1_CLKBWRCLK_DIADI[21])
                                                      0.155     0.824    u_fetch/fifo_mem_reg_0
  -------------------------------------------------------------------
                         required time                         -0.824    <hidden>
                         arrival time                           0.861    <hidden>
  -------------------------------------------------------------------
                         slack                                  0.036    <hidden>

Slack (MET) :             0.036ns  (arrival time - required time)
  Source:                 u_fetch/asm_words_reg[23]/C
                            (rising edge-triggered cell FDRE clocked by clk  {rise@0.000ns fall@5.000ns period=10.000ns})
  Destination:            u_fetch/fifo_mem_reg_0/DIADI[23]
                            (rising edge-triggered cell RAMB36E1 clocked by clk  {rise@0.000ns fall@5.000ns period=10.000ns})
  Path Group:             clk
  Path Type:              Hold (Min at Fast Process Corner)
  Requirement:            0.000ns  (clk rise@0.000ns - clk rise@0.000ns)
  Data Path Delay:        0.249ns  (logic 0.141ns (56.669%)  route 0.108ns (43.331%))
  Logic Levels:           0  
  Clock Path Skew:        0.057ns (DCD - SCD - CPR)
    Destination Clock Delay (DCD):    0.922ns
    Source Clock Delay      (SCD):    0.612ns
    Clock Pessimism Removal (CPR):    0.253ns

    Location             Delay type                Incr(ns)  Path(ns)    Netlist Resource(s)
  -------------------------------------------------------------------    -------------------
                         (clock clk rise edge)        0.000     0.000 r  <hidden>
                                                      0.000     0.000 r  clk
                         net (fo=9706, unset)         0.612     0.612    u_fetch/clk
    SLICE_X91Y48         FDRE                                         r  u_fetch/asm_words_reg[23]/C
  -------------------------------------------------------------------    -------------------
    SLICE_X91Y48         FDRE (Prop_fdre_C_Q)         0.141     0.753 r  u_fetch/asm_words_reg[23]/Q
                         net (fo=1, routed)           0.108     0.861    u_fetch/asm_words_reg_n_0_[23]
    RAMB36_X4Y9          RAMB36E1                                     r  u_fetch/fifo_mem_reg_0/DIADI[23]
  -------------------------------------------------------------------    -------------------

                         (clock clk rise edge)        0.000     0.000 r  <hidden>
                                                      0.000     0.000 r  clk
                         net (fo=9706, unset)         0.922     0.922    u_fetch/clk
    RAMB36_X4Y9          RAMB36E1                                     r  u_fetch/fifo_mem_reg_0/CLKBWRCLK
                         clock pessimism             -0.253     0.669    <hidden>
    RAMB36_X4Y9          RAMB36E1 (Hold_ramb36e1_CLKBWRCLK_DIADI[23])
                                                      0.155     0.824    u_fetch/fifo_mem_reg_0
  -------------------------------------------------------------------
                         required time                         -0.824    <hidden>
                         arrival time                           0.861    <hidden>
  -------------------------------------------------------------------
                         slack                                  0.036    <hidden>

Slack (MET) :             0.037ns  (arrival time - required time)
  Source:                 u_prim/h_color_reg[0][11]/C
                            (rising edge-triggered cell FDRE clocked by clk  {rise@0.000ns fall@5.000ns period=10.000ns})
  Destination:            u_prim/out_color_reg[0][11]/D
                            (rising edge-triggered cell FDRE clocked by clk  {rise@0.000ns fall@5.000ns period=10.000ns})
  Path Group:             clk
  Path Type:              Hold (Min at Fast Process Corner)
  Requirement:            0.000ns  (clk rise@0.000ns - clk rise@0.000ns)
  Data Path Delay:        0.379ns  (logic 0.164ns (43.252%)  route 0.215ns (56.748%))
  Logic Levels:           0  
  Clock Path Skew:        0.267ns (DCD - SCD - CPR)
    Destination Clock Delay (DCD):    0.828ns
    Source Clock Delay      (SCD):    0.556ns
    Clock Pessimism Removal (CPR):    0.005ns

    Location             Delay type                Incr(ns)  Path(ns)    Netlist Resource(s)
  -------------------------------------------------------------------    -------------------
                         (clock clk rise edge)        0.000     0.000 r  <hidden>
                                                      0.000     0.000 r  clk
                         net (fo=9706, unset)         0.556     0.556    u_prim/clk
    SLICE_X50Y41         FDRE                                         r  u_prim/h_color_reg[0][11]/C
  -------------------------------------------------------------------    -------------------
    SLICE_X50Y41         FDRE (Prop_fdre_C_Q)         0.164     0.720 r  u_prim/h_color_reg[0][11]/Q
                         net (fo=1, routed)           0.215     0.935    u_prim/h_color_reg[0][11]
    SLICE_X46Y40         FDRE                                         r  u_prim/out_color_reg[0][11]/D
  -------------------------------------------------------------------    -------------------

                         (clock clk rise edge)        0.000     0.000 r  <hidden>
                                                      0.000     0.000 r  clk
                         net (fo=9706, unset)         0.828     0.828    u_prim/clk
    SLICE_X46Y40         FDRE                                         r  u_prim/out_color_reg[0][11]/C
                         clock pessimism             -0.005     0.823    <hidden>
    SLICE_X46Y40         FDRE (Hold_fdre_C_D)         0.075     0.898    u_prim/out_color_reg[0][11]
  -------------------------------------------------------------------
                         required time                         -0.898    <hidden>
                         arrival time                           0.935    <hidden>
  -------------------------------------------------------------------
                         slack                                  0.037    <hidden>

Slack (MET) :             0.038ns  (arrival time - required time)
  Source:                 u_setup/amax_reg[0][8]/C
                            (rising edge-triggered cell FDRE clocked by clk  {rise@0.000ns fall@5.000ns period=10.000ns})
  Destination:            u_setup/out_amax_reg[0][8]/D
                            (rising edge-triggered cell FDRE clocked by clk  {rise@0.000ns fall@5.000ns period=10.000ns})
  Path Group:             clk
  Path Type:              Hold (Min at Fast Process Corner)
  Requirement:            0.000ns  (clk rise@0.000ns - clk rise@0.000ns)
  Data Path Delay:        0.355ns  (logic 0.141ns (39.727%)  route 0.214ns (60.273%))
  Logic Levels:           0  
  Clock Path Skew:        0.258ns (DCD - SCD - CPR)
    Destination Clock Delay (DCD):    0.823ns
    Source Clock Delay      (SCD):    0.560ns
    Clock Pessimism Removal (CPR):    0.005ns

    Location             Delay type                Incr(ns)  Path(ns)    Netlist Resource(s)
  -------------------------------------------------------------------    -------------------
                         (clock clk rise edge)        0.000     0.000 r  <hidden>
                                                      0.000     0.000 r  clk
                         net (fo=9706, unset)         0.560     0.560    u_setup/clk
    SLICE_X47Y41         FDRE                                         r  u_setup/amax_reg[0][8]/C
  -------------------------------------------------------------------    -------------------
    SLICE_X47Y41         FDRE (Prop_fdre_C_Q)         0.141     0.701 r  u_setup/amax_reg[0][8]/Q
                         net (fo=1, routed)           0.214     0.915    u_setup/amax_reg[0]_61[8]
    SLICE_X50Y40         FDRE                                         r  u_setup/out_amax_reg[0][8]/D
  -------------------------------------------------------------------    -------------------

                         (clock clk rise edge)        0.000     0.000 r  <hidden>
                                                      0.000     0.000 r  clk
                         net (fo=9706, unset)         0.823     0.823    u_setup/clk
    SLICE_X50Y40         FDRE                                         r  u_setup/out_amax_reg[0][8]/C
                         clock pessimism             -0.005     0.818    <hidden>
    SLICE_X50Y40         FDRE (Hold_fdre_C_D)         0.059     0.877    u_setup/out_amax_reg[0][8]
  -------------------------------------------------------------------
                         required time                         -0.877    <hidden>
                         arrival time                           0.915    <hidden>
  -------------------------------------------------------------------
                         slack                                  0.038    <hidden>

Slack (MET) :             0.040ns  (arrival time - required time)
  Source:                 u_regs/w_data_reg[7]/C
                            (rising edge-triggered cell FDCE clocked by clk  {rise@0.000ns fall@5.000ns period=10.000ns})
  Destination:            u_regs/vbuf_base_reg[7]/D
                            (rising edge-triggered cell FDCE clocked by clk  {rise@0.000ns fall@5.000ns period=10.000ns})
  Path Group:             clk
  Path Type:              Hold (Min at Fast Process Corner)
  Requirement:            0.000ns  (clk rise@0.000ns - clk rise@0.000ns)
  Data Path Delay:        0.410ns  (logic 0.187ns (45.592%)  route 0.223ns (54.408%))
  Logic Levels:           1  (LUT3=1)
  Clock Path Skew:        0.263ns (DCD - SCD - CPR)
    Destination Clock Delay (DCD):    0.852ns
    Source Clock Delay      (SCD):    0.589ns
    Clock Pessimism Removal (CPR):    -0.000ns

    Location             Delay type                Incr(ns)  Path(ns)    Netlist Resource(s)
  -------------------------------------------------------------------    -------------------
                         (clock clk rise edge)        0.000     0.000 r  <hidden>
                                                      0.000     0.000 r  clk
                         net (fo=9706, unset)         0.589     0.589    u_regs/clk
    SLICE_X84Y49         FDCE                                         r  u_regs/w_data_reg[7]/C
  -------------------------------------------------------------------    -------------------
    SLICE_X84Y49         FDCE (Prop_fdce_C_Q)         0.141     0.730 r  u_regs/w_data_reg[7]/Q
                         net (fo=4, routed)           0.223     0.953    u_regs/w_data_reg_n_0_[7]
    SLICE_X85Y50         LUT3 (Prop_lut3_I0_O)        0.046     0.999 r  u_regs/vbuf_base[7]_i_1/O
                         net (fo=1, routed)           0.000     0.999    u_regs/vbuf_base[7]_i_1_n_0
    SLICE_X85Y50         FDCE                                         r  u_regs/vbuf_base_reg[7]/D
  -------------------------------------------------------------------    -------------------

                         (clock clk rise edge)        0.000     0.000 r  <hidden>
                                                      0.000     0.000 r  clk
                         net (fo=9706, unset)         0.852     0.852    u_regs/clk
    SLICE_X85Y50         FDCE                                         r  u_regs/vbuf_base_reg[7]/C
                         clock pessimism              0.000     0.852    <hidden>
    SLICE_X85Y50         FDCE (Hold_fdce_C_D)         0.107     0.959    u_regs/vbuf_base_reg[7]
  -------------------------------------------------------------------
                         required time                         -0.959    <hidden>
                         arrival time                           0.999    <hidden>
  -------------------------------------------------------------------
                         slack                                  0.040    <hidden>

Slack (MET) :             0.044ns  (arrival time - required time)
  Source:                 u_persp/u_recip/g_stage[0].div_reg[1][24]/C
                            (rising edge-triggered cell FDRE clocked by clk  {rise@0.000ns fall@5.000ns period=10.000ns})
  Destination:            u_persp/u_recip/g_stage[1].div_reg[2][24]/D
                            (rising edge-triggered cell FDRE clocked by clk  {rise@0.000ns fall@5.000ns period=10.000ns})
  Path Group:             clk
  Path Type:              Hold (Min at Fast Process Corner)
  Requirement:            0.000ns  (clk rise@0.000ns - clk rise@0.000ns)
  Data Path Delay:        0.364ns  (logic 0.141ns (38.760%)  route 0.223ns (61.240%))
  Logic Levels:           0  
  Clock Path Skew:        0.263ns (DCD - SCD - CPR)
    Destination Clock Delay (DCD):    0.848ns
    Source Clock Delay      (SCD):    0.585ns
    Clock Pessimism Removal (CPR):    -0.000ns

    Location             Delay type                Incr(ns)  Path(ns)    Netlist Resource(s)
  -------------------------------------------------------------------    -------------------
                         (clock clk rise edge)        0.000     0.000 r  <hidden>
                                                      0.000     0.000 r  clk
                         net (fo=9706, unset)         0.585     0.585    u_persp/u_recip/clk
    SLICE_X63Y49         FDRE                                         r  u_persp/u_recip/g_stage[0].div_reg[1][24]/C
  -------------------------------------------------------------------    -------------------
    SLICE_X63Y49         FDRE (Prop_fdre_C_Q)         0.141     0.726 r  u_persp/u_recip/g_stage[0].div_reg[1][24]/Q
                         net (fo=4, routed)           0.223     0.949    u_persp/u_recip/g_stage[0].div_reg[1]_2[24]
    SLICE_X63Y50         FDRE                                         r  u_persp/u_recip/g_stage[1].div_reg[2][24]/D
  -------------------------------------------------------------------    -------------------

                         (clock clk rise edge)        0.000     0.000 r  <hidden>
                                                      0.000     0.000 r  clk
                         net (fo=9706, unset)         0.848     0.848    u_persp/u_recip/clk
    SLICE_X63Y50         FDRE                                         r  u_persp/u_recip/g_stage[1].div_reg[2][24]/C
                         clock pessimism              0.000     0.848    <hidden>
    SLICE_X63Y50         FDRE (Hold_fdre_C_D)         0.057     0.905    u_persp/u_recip/g_stage[1].div_reg[2][24]
  -------------------------------------------------------------------
                         required time                         -0.905    <hidden>
                         arrival time                           0.949    <hidden>
  -------------------------------------------------------------------
                         slack                                  0.044    <hidden>

Slack (MET) :             0.053ns  (arrival time - required time)
  Source:                 u_prim/h_color_reg[0][14]/C
                            (rising edge-triggered cell FDRE clocked by clk  {rise@0.000ns fall@5.000ns period=10.000ns})
  Destination:            u_prim/out_color_reg[0][14]/D
                            (rising edge-triggered cell FDRE clocked by clk  {rise@0.000ns fall@5.000ns period=10.000ns})
  Path Group:             clk
  Path Type:              Hold (Min at Fast Process Corner)
  Requirement:            0.000ns  (clk rise@0.000ns - clk rise@0.000ns)
  Data Path Delay:        0.396ns  (logic 0.164ns (41.437%)  route 0.232ns (58.563%))
  Logic Levels:           0  
  Clock Path Skew:        0.267ns (DCD - SCD - CPR)
    Destination Clock Delay (DCD):    0.828ns
    Source Clock Delay      (SCD):    0.556ns
    Clock Pessimism Removal (CPR):    0.005ns

    Location             Delay type                Incr(ns)  Path(ns)    Netlist Resource(s)
  -------------------------------------------------------------------    -------------------
                         (clock clk rise edge)        0.000     0.000 r  <hidden>
                                                      0.000     0.000 r  clk
                         net (fo=9706, unset)         0.556     0.556    u_prim/clk
    SLICE_X50Y41         FDRE                                         r  u_prim/h_color_reg[0][14]/C
  -------------------------------------------------------------------    -------------------
    SLICE_X50Y41         FDRE (Prop_fdre_C_Q)         0.164     0.720 r  u_prim/h_color_reg[0][14]/Q
                         net (fo=1, routed)           0.232     0.952    u_prim/h_color_reg[0][14]
    SLICE_X46Y40         FDRE                                         r  u_prim/out_color_reg[0][14]/D
  -------------------------------------------------------------------    -------------------

                         (clock clk rise edge)        0.000     0.000 r  <hidden>
                                                      0.000     0.000 r  clk
                         net (fo=9706, unset)         0.828     0.828    u_prim/clk
    SLICE_X46Y40         FDRE                                         r  u_prim/out_color_reg[0][14]/C
                         clock pessimism             -0.005     0.823    <hidden>
    SLICE_X46Y40         FDRE (Hold_fdre_C_D)         0.076     0.899    u_prim/out_color_reg[0][14]
  -------------------------------------------------------------------
                         required time                         -0.899    <hidden>
                         arrival time                           0.952    <hidden>
  -------------------------------------------------------------------
                         slack                                  0.053    <hidden>

Slack (MET) :             0.055ns  (arrival time - required time)
  Source:                 u_prim/h_color_reg[0][21]/C
                            (rising edge-triggered cell FDRE clocked by clk  {rise@0.000ns fall@5.000ns period=10.000ns})
  Destination:            u_prim/out_color_reg[0][21]/D
                            (rising edge-triggered cell FDRE clocked by clk  {rise@0.000ns fall@5.000ns period=10.000ns})
  Path Group:             clk
  Path Type:              Hold (Min at Fast Process Corner)
  Requirement:            0.000ns  (clk rise@0.000ns - clk rise@0.000ns)
  Data Path Delay:        0.385ns  (logic 0.141ns (36.636%)  route 0.244ns (63.364%))
  Logic Levels:           0  
  Clock Path Skew:        0.267ns (DCD - SCD - CPR)
    Destination Clock Delay (DCD):    0.828ns
    Source Clock Delay      (SCD):    0.556ns
    Clock Pessimism Removal (CPR):    0.005ns

    Location             Delay type                Incr(ns)  Path(ns)    Netlist Resource(s)
  -------------------------------------------------------------------    -------------------
                         (clock clk rise edge)        0.000     0.000 r  <hidden>
                                                      0.000     0.000 r  clk
                         net (fo=9706, unset)         0.556     0.556    u_prim/clk
    SLICE_X51Y40         FDRE                                         r  u_prim/h_color_reg[0][21]/C
  -------------------------------------------------------------------    -------------------
    SLICE_X51Y40         FDRE (Prop_fdre_C_Q)         0.141     0.697 r  u_prim/h_color_reg[0][21]/Q
                         net (fo=1, routed)           0.244     0.941    u_prim/h_color_reg[0][21]
    SLICE_X42Y40         FDRE                                         r  u_prim/out_color_reg[0][21]/D
  -------------------------------------------------------------------    -------------------

                         (clock clk rise edge)        0.000     0.000 r  <hidden>
                                                      0.000     0.000 r  clk
                         net (fo=9706, unset)         0.828     0.828    u_prim/clk
    SLICE_X42Y40         FDRE                                         r  u_prim/out_color_reg[0][21]/C
                         clock pessimism             -0.005     0.823    <hidden>
    SLICE_X42Y40         FDRE (Hold_fdre_C_D)         0.063     0.886    u_prim/out_color_reg[0][21]
  -------------------------------------------------------------------
                         required time                         -0.886    <hidden>
                         arrival time                           0.941    <hidden>
  -------------------------------------------------------------------
                         slack                                  0.055    <hidden>

Slack (MET) :             0.055ns  (arrival time - required time)
  Source:                 u_geom/acc_reg[1][16]/C
                            (rising edge-triggered cell FDRE clocked by clk  {rise@0.000ns fall@5.000ns period=10.000ns})
  Destination:            u_geom/out_y_reg[16]/D
                            (rising edge-triggered cell FDRE clocked by clk  {rise@0.000ns fall@5.000ns period=10.000ns})
  Path Group:             clk
  Path Type:              Hold (Min at Fast Process Corner)
  Requirement:            0.000ns  (clk rise@0.000ns - clk rise@0.000ns)
  Data Path Delay:        0.376ns  (logic 0.141ns (37.498%)  route 0.235ns (62.502%))
  Logic Levels:           0  
  Clock Path Skew:        0.274ns (DCD - SCD - CPR)
    Destination Clock Delay (DCD):    0.853ns
    Source Clock Delay      (SCD):    0.579ns
    Clock Pessimism Removal (CPR):    -0.000ns

    Location             Delay type                Incr(ns)  Path(ns)    Netlist Resource(s)
  -------------------------------------------------------------------    -------------------
                         (clock clk rise edge)        0.000     0.000 r  <hidden>
                                                      0.000     0.000 r  clk
                         net (fo=9706, unset)         0.579     0.579    u_geom/clk
    SLICE_X65Y50         FDRE                                         r  u_geom/acc_reg[1][16]/C
  -------------------------------------------------------------------    -------------------
    SLICE_X65Y50         FDRE (Prop_fdre_C_Q)         0.141     0.720 r  u_geom/acc_reg[1][16]/Q
                         net (fo=1, routed)           0.235     0.955    u_geom/acc_reg[1]_5[16]
    SLICE_X64Y49         FDRE                                         r  u_geom/out_y_reg[16]/D
  -------------------------------------------------------------------    -------------------

                         (clock clk rise edge)        0.000     0.000 r  <hidden>
                                                      0.000     0.000 r  clk
                         net (fo=9706, unset)         0.853     0.853    u_geom/clk
    SLICE_X64Y49         FDRE                                         r  u_geom/out_y_reg[16]/C
                         clock pessimism              0.000     0.853    <hidden>
    SLICE_X64Y49         FDRE (Hold_fdre_C_D)         0.047     0.900    u_geom/out_y_reg[16]
  -------------------------------------------------------------------
                         required time                         -0.900    <hidden>
                         arrival time                           0.955    <hidden>
  -------------------------------------------------------------------
                         slack                                  0.055    <hidden>

Slack (MET) :             0.056ns  (arrival time - required time)
  Source:                 u_fetch/asm_words_reg[83]/C
                            (rising edge-triggered cell FDRE clocked by clk  {rise@0.000ns fall@5.000ns period=10.000ns})
  Destination:            u_fetch/fifo_mem_reg_1/DIADI[11]
                            (rising edge-triggered cell RAMB36E1 clocked by clk  {rise@0.000ns fall@5.000ns period=10.000ns})
  Path Group:             clk
  Path Type:              Hold (Min at Fast Process Corner)
  Requirement:            0.000ns  (clk rise@0.000ns - clk rise@0.000ns)
  Data Path Delay:        0.271ns  (logic 0.164ns (60.558%)  route 0.107ns (39.442%))
  Logic Levels:           0  
  Clock Path Skew:        0.059ns (DCD - SCD - CPR)
    Destination Clock Delay (DCD):    0.887ns
    Source Clock Delay      (SCD):    0.575ns
    Clock Pessimism Removal (CPR):    0.253ns

    Location             Delay type                Incr(ns)  Path(ns)    Netlist Resource(s)
  -------------------------------------------------------------------    -------------------
                         (clock clk rise edge)        0.000     0.000 r  <hidden>
                                                      0.000     0.000 r  clk
                         net (fo=9706, unset)         0.575     0.575    u_fetch/clk
    SLICE_X54Y54         FDRE                                         r  u_fetch/asm_words_reg[83]/C
  -------------------------------------------------------------------    -------------------
    SLICE_X54Y54         FDRE (Prop_fdre_C_Q)         0.164     0.739 r  u_fetch/asm_words_reg[83]/Q
                         net (fo=1, routed)           0.107     0.846    u_fetch/asm_words_reg_n_0_[83]
    RAMB36_X3Y10         RAMB36E1                                     r  u_fetch/fifo_mem_reg_1/DIADI[11]
  -------------------------------------------------------------------    -------------------

                         (clock clk rise edge)        0.000     0.000 r  <hidden>
                                                      0.000     0.000 r  clk
                         net (fo=9706, unset)         0.887     0.887    u_fetch/clk
    RAMB36_X3Y10         RAMB36E1                                     r  u_fetch/fifo_mem_reg_1/CLKBWRCLK
                         clock pessimism             -0.253     0.634    <hidden>
    RAMB36_X3Y10         RAMB36E1 (Hold_ramb36e1_CLKBWRCLK_DIADI[11])
                                                      0.155     0.789    u_fetch/fifo_mem_reg_1
  -------------------------------------------------------------------
                         required time                         -0.789    <hidden>
                         arrival time                           0.846    <hidden>
  -------------------------------------------------------------------
                         slack                                  0.056    <hidden>

Slack (MET) :             0.056ns  (arrival time - required time)
  Source:                 u_fetch/asm_words_reg[85]/C
                            (rising edge-triggered cell FDRE clocked by clk  {rise@0.000ns fall@5.000ns period=10.000ns})
  Destination:            u_fetch/fifo_mem_reg_1/DIADI[13]
                            (rising edge-triggered cell RAMB36E1 clocked by clk  {rise@0.000ns fall@5.000ns period=10.000ns})
  Path Group:             clk
  Path Type:              Hold (Min at Fast Process Corner)
  Requirement:            0.000ns  (clk rise@0.000ns - clk rise@0.000ns)
  Data Path Delay:        0.271ns  (logic 0.164ns (60.558%)  route 0.107ns (39.442%))
  Logic Levels:           0  
  Clock Path Skew:        0.059ns (DCD - SCD - CPR)
    Destination Clock Delay (DCD):    0.887ns
    Source Clock Delay      (SCD):    0.575ns
    Clock Pessimism Removal (CPR):    0.253ns

    Location             Delay type                Incr(ns)  Path(ns)    Netlist Resource(s)
  -------------------------------------------------------------------    -------------------
                         (clock clk rise edge)        0.000     0.000 r  <hidden>
                                                      0.000     0.000 r  clk
                         net (fo=9706, unset)         0.575     0.575    u_fetch/clk
    SLICE_X54Y54         FDRE                                         r  u_fetch/asm_words_reg[85]/C
  -------------------------------------------------------------------    -------------------
    SLICE_X54Y54         FDRE (Prop_fdre_C_Q)         0.164     0.739 r  u_fetch/asm_words_reg[85]/Q
                         net (fo=1, routed)           0.107     0.846    u_fetch/asm_words_reg_n_0_[85]
    RAMB36_X3Y10         RAMB36E1                                     r  u_fetch/fifo_mem_reg_1/DIADI[13]
  -------------------------------------------------------------------    -------------------

                         (clock clk rise edge)        0.000     0.000 r  <hidden>
                                                      0.000     0.000 r  clk
                         net (fo=9706, unset)         0.887     0.887    u_fetch/clk
    RAMB36_X3Y10         RAMB36E1                                     r  u_fetch/fifo_mem_reg_1/CLKBWRCLK
                         clock pessimism             -0.253     0.634    <hidden>
    RAMB36_X3Y10         RAMB36E1 (Hold_ramb36e1_CLKBWRCLK_DIADI[13])
                                                      0.155     0.789    u_fetch/fifo_mem_reg_1
  -------------------------------------------------------------------
                         required time                         -0.789    <hidden>
                         arrival time                           0.846    <hidden>
  -------------------------------------------------------------------
                         slack                                  0.056    <hidden>





Pulse Width Checks
--------------------------------------------------------------------------------------
Clock Name:         clk
Waveform(ns):       { 0.000 5.000 }
Period(ns):         10.000
Sources:            { clk }

Check Type        Corner  Lib Pin             Reference Pin  Required(ns)  Actual(ns)  Slack(ns)  Location      Pin
Min Period        n/a     DSP48E1/CLK         n/a            3.884         10.000      6.116      DSP48_X4Y19   u_geom/p1_reg[0]/CLK
Min Period        n/a     DSP48E1/CLK         n/a            3.884         10.000      6.116      DSP48_X3Y21   u_geom/p1_reg[1]/CLK
Min Period        n/a     DSP48E1/CLK         n/a            3.884         10.000      6.116      DSP48_X3Y23   u_geom/p1_reg[2]/CLK
Min Period        n/a     DSP48E1/CLK         n/a            3.884         10.000      6.116      DSP48_X4Y24   u_geom/p1_reg[3]/CLK
Min Period        n/a     DSP48E1/CLK         n/a            3.884         10.000      6.116      DSP48_X1Y19   u_persp/px1_reg/CLK
Min Period        n/a     DSP48E1/CLK         n/a            3.884         10.000      6.116      DSP48_X1Y17   u_persp/px1_reg__0/CLK
Min Period        n/a     DSP48E1/CLK         n/a            3.884         10.000      6.116      DSP48_X2Y21   u_persp/py1_reg/CLK
Min Period        n/a     DSP48E1/CLK         n/a            3.884         10.000      6.116      DSP48_X2Y17   u_persp/py1_reg__0/CLK
Min Period        n/a     DSP48E1/CLK         n/a            3.884         10.000      6.116      DSP48_X2Y23   u_persp/pz1_reg/CLK
Min Period        n/a     DSP48E1/CLK         n/a            3.884         10.000      6.116      DSP48_X2Y19   u_persp/pz1_reg__0/CLK
Min Period        n/a     DSP48E1/CLK         n/a            3.884         10.000      6.116      DSP48_X2Y9    u_rop/a1_reg/CLK
Min Period        n/a     DSP48E1/CLK         n/a            3.884         10.000      6.116      DSP48_X2Y7    u_setup/prod_a_reg/CLK
Min Period        n/a     DSP48E1/CLK         n/a            3.884         10.000      6.116      DSP48_X2Y6    u_setup/prod_b_reg/CLK
Min Period        n/a     DSP48E1/CLK         n/a            3.687         10.000      6.313      DSP48_X3Y17   u_geom/p1_reg[0]__0/CLK
Min Period        n/a     DSP48E1/CLK         n/a            3.687         10.000      6.313      DSP48_X3Y19   u_geom/p1_reg[1]__0/CLK
Min Period        n/a     DSP48E1/CLK         n/a            3.687         10.000      6.313      DSP48_X3Y25   u_geom/p1_reg[2]__0/CLK
Min Period        n/a     RAMB36E1/CLKARDCLK  n/a            3.363         10.000      6.637      RAMB36_X3Y4   u_rop/u_cbuf/mem_reg_0_0/CLKARDCLK
Min Period        n/a     RAMB36E1/CLKARDCLK  n/a            3.363         10.000      6.637      RAMB36_X2Y1   u_rop/u_cbuf/mem_reg_0_1/CLKARDCLK
Min Period        n/a     RAMB36E1/CLKARDCLK  n/a            3.363         10.000      6.637      RAMB36_X2Y11  u_rop/u_cbuf/mem_reg_0_10/CLKARDCLK
Min Period        n/a     RAMB36E1/CLKARDCLK  n/a            3.363         10.000      6.637      RAMB36_X2Y13  u_rop/u_cbuf/mem_reg_0_11/CLKARDCLK
Low Pulse Width   Slow    RAMD32/CLK          n/a            1.250         5.000       3.750      SLICE_X82Y54  u_fetch/len_q_reg_0_3_0_2/RAMA/CLK
Low Pulse Width   Fast    RAMD32/CLK          n/a            1.250         5.000       3.750      SLICE_X82Y54  u_fetch/len_q_reg_0_3_0_2/RAMA/CLK
Low Pulse Width   Slow    RAMD32/CLK          n/a            1.250         5.000       3.750      SLICE_X82Y54  u_fetch/len_q_reg_0_3_0_2/RAMA_D1/CLK
Low Pulse Width   Fast    RAMD32/CLK          n/a            1.250         5.000       3.750      SLICE_X82Y54  u_fetch/len_q_reg_0_3_0_2/RAMA_D1/CLK
Low Pulse Width   Slow    RAMD32/CLK          n/a            1.250         5.000       3.750      SLICE_X82Y54  u_fetch/len_q_reg_0_3_0_2/RAMB/CLK
Low Pulse Width   Fast    RAMD32/CLK          n/a            1.250         5.000       3.750      SLICE_X82Y54  u_fetch/len_q_reg_0_3_0_2/RAMB/CLK
Low Pulse Width   Slow    RAMD32/CLK          n/a            1.250         5.000       3.750      SLICE_X82Y54  u_fetch/len_q_reg_0_3_0_2/RAMB_D1/CLK
Low Pulse Width   Fast    RAMD32/CLK          n/a            1.250         5.000       3.750      SLICE_X82Y54  u_fetch/len_q_reg_0_3_0_2/RAMB_D1/CLK
Low Pulse Width   Slow    RAMD32/CLK          n/a            1.250         5.000       3.750      SLICE_X82Y54  u_fetch/len_q_reg_0_3_0_2/RAMC/CLK
Low Pulse Width   Fast    RAMD32/CLK          n/a            1.250         5.000       3.750      SLICE_X82Y54  u_fetch/len_q_reg_0_3_0_2/RAMC/CLK
Low Pulse Width   Slow    RAMD32/CLK          n/a            1.250         5.000       3.750      SLICE_X82Y54  u_fetch/len_q_reg_0_3_0_2/RAMC_D1/CLK
Low Pulse Width   Fast    RAMD32/CLK          n/a            1.250         5.000       3.750      SLICE_X82Y54  u_fetch/len_q_reg_0_3_0_2/RAMC_D1/CLK
Low Pulse Width   Slow    RAMS32/CLK          n/a            1.250         5.000       3.750      SLICE_X82Y54  u_fetch/len_q_reg_0_3_0_2/RAMD/CLK
Low Pulse Width   Fast    RAMS32/CLK          n/a            1.250         5.000       3.750      SLICE_X82Y54  u_fetch/len_q_reg_0_3_0_2/RAMD/CLK
Low Pulse Width   Slow    RAMS32/CLK          n/a            1.250         5.000       3.750      SLICE_X82Y54  u_fetch/len_q_reg_0_3_0_2/RAMD_D1/CLK
Low Pulse Width   Fast    RAMS32/CLK          n/a            1.250         5.000       3.750      SLICE_X82Y54  u_fetch/len_q_reg_0_3_0_2/RAMD_D1/CLK
Low Pulse Width   Slow    SRL16E/CLK          n/a            0.980         5.000       4.020      SLICE_X50Y45  u_geom/col_s_reg[0]_srl4/CLK
Low Pulse Width   Fast    SRL16E/CLK          n/a            0.980         5.000       4.020      SLICE_X50Y45  u_geom/col_s_reg[0]_srl4/CLK
Low Pulse Width   Slow    SRL16E/CLK          n/a            0.980         5.000       4.020      SLICE_X58Y44  u_geom/col_s_reg[10]_srl4/CLK
Low Pulse Width   Fast    SRL16E/CLK          n/a            0.980         5.000       4.020      SLICE_X58Y44  u_geom/col_s_reg[10]_srl4/CLK
High Pulse Width  Slow    RAMD32/CLK          n/a            1.250         5.000       3.750      SLICE_X82Y54  u_fetch/len_q_reg_0_3_0_2/RAMA/CLK
High Pulse Width  Fast    RAMD32/CLK          n/a            1.250         5.000       3.750      SLICE_X82Y54  u_fetch/len_q_reg_0_3_0_2/RAMA/CLK
High Pulse Width  Slow    RAMD32/CLK          n/a            1.250         5.000       3.750      SLICE_X82Y54  u_fetch/len_q_reg_0_3_0_2/RAMA_D1/CLK
High Pulse Width  Fast    RAMD32/CLK          n/a            1.250         5.000       3.750      SLICE_X82Y54  u_fetch/len_q_reg_0_3_0_2/RAMA_D1/CLK
High Pulse Width  Slow    RAMD32/CLK          n/a            1.250         5.000       3.750      SLICE_X82Y54  u_fetch/len_q_reg_0_3_0_2/RAMB/CLK
High Pulse Width  Fast    RAMD32/CLK          n/a            1.250         5.000       3.750      SLICE_X82Y54  u_fetch/len_q_reg_0_3_0_2/RAMB/CLK
High Pulse Width  Slow    RAMD32/CLK          n/a            1.250         5.000       3.750      SLICE_X82Y54  u_fetch/len_q_reg_0_3_0_2/RAMB_D1/CLK
High Pulse Width  Fast    RAMD32/CLK          n/a            1.250         5.000       3.750      SLICE_X82Y54  u_fetch/len_q_reg_0_3_0_2/RAMB_D1/CLK
High Pulse Width  Slow    RAMD32/CLK          n/a            1.250         5.000       3.750      SLICE_X82Y54  u_fetch/len_q_reg_0_3_0_2/RAMC/CLK
High Pulse Width  Fast    RAMD32/CLK          n/a            1.250         5.000       3.750      SLICE_X82Y54  u_fetch/len_q_reg_0_3_0_2/RAMC/CLK
High Pulse Width  Slow    RAMD32/CLK          n/a            1.250         5.000       3.750      SLICE_X82Y54  u_fetch/len_q_reg_0_3_0_2/RAMC_D1/CLK
High Pulse Width  Fast    RAMD32/CLK          n/a            1.250         5.000       3.750      SLICE_X82Y54  u_fetch/len_q_reg_0_3_0_2/RAMC_D1/CLK
High Pulse Width  Slow    RAMS32/CLK          n/a            1.250         5.000       3.750      SLICE_X82Y54  u_fetch/len_q_reg_0_3_0_2/RAMD/CLK
High Pulse Width  Fast    RAMS32/CLK          n/a            1.250         5.000       3.750      SLICE_X82Y54  u_fetch/len_q_reg_0_3_0_2/RAMD/CLK
High Pulse Width  Slow    RAMS32/CLK          n/a            1.250         5.000       3.750      SLICE_X82Y54  u_fetch/len_q_reg_0_3_0_2/RAMD_D1/CLK
High Pulse Width  Fast    RAMS32/CLK          n/a            1.250         5.000       3.750      SLICE_X82Y54  u_fetch/len_q_reg_0_3_0_2/RAMD_D1/CLK
High Pulse Width  Slow    SRL16E/CLK          n/a            0.980         5.000       4.020      SLICE_X50Y45  u_geom/col_s_reg[0]_srl4/CLK
High Pulse Width  Fast    SRL16E/CLK          n/a            0.980         5.000       4.020      SLICE_X50Y45  u_geom/col_s_reg[0]_srl4/CLK
High Pulse Width  Slow    SRL16E/CLK          n/a            0.980         5.000       4.020      SLICE_X58Y44  u_geom/col_s_reg[10]_srl4/CLK
High Pulse Width  Fast    SRL16E/CLK          n/a            0.980         5.000       4.020      SLICE_X58Y44  u_geom/col_s_reg[10]_srl4/CLK



